user_id,variant,visit_date,device,channel,country,session_seconds,clicked,converted,revenue
U000001,B,2025-12-02,desktop,organic,ZA,240,0,0,0.0
U000002,B,2025-12-03,mobile,organic,GB,47,0,0,0.0
U000003,B,2025-12-27,mobile,paid_search,NL,66,0,0,0.0
U000004,A,2026-01-18,mobile,organic,ZA,372,0,0,0.0
U000005,B,2026-01-04,mobile,referral,ZA,320,0,0,0.0
U000006,B,2026-01-06,mobile,organic,DE,316,0,0,0.0
U000007,B,2025-12-25,mobile,email,GB,484,1,0,0.0
U000008,B,2026-01-11,mobile,email,DE,330,0,0,0.0
U000009,B,2026-01-14,mobile,email,NL,146,0,0,0.0
U000010,A,2025-12-05,mobile,referral,NL,342,0,0,0.0
U000011,B,2026-01-11,mobile,organic,ZA,594,0,0,0.0
U000012,A,2026-01-07,mobile,organic,ES,541,0,0,0.0
U000013,B,2025-12-10,desktop,social,GB,139,0,0,0.0
U000014,A,2026-01-05,desktop,organic,FR,633,0,0,0.0
U000015,A,2025-12-11,mobile,referral,NL,289,0,0,0.0
U000016,B,2025-12-07,desktop,organic,DE,698,1,0,0.0
U000017,B,2026-01-19,tablet,social,DE,536,0,0,0.0
U000018,B,2025-12-20,mobile,organic,DE,100,1,0,0.0
U000019,A,2026-01-18,mobile,organic,DE,582,0,0,0.0
U000020,B,2025-12-14,tablet,email,DE,463,0,0,0.0
U000021,A,2025-12-15,mobile,organic,DE,622,0,1,120.98
U000022,A,2026-01-27,mobile,organic,GB,305,0,0,0.0
U000023,A,2026-01-29,desktop,paid_search,ZA,630,1,0,0.0
U000024,A,2025-12-27,mobile,email,DE,733,1,0,0.0
U000025,B,2025-12-07,mobile,organic,GB,452,0,0,0.0
U000026,B,2025-12-05,mobile,social,DE,37,0,0,0.0
U000027,B,2026-01-24,mobile,paid_search,GB,457,1,1,93.52
U000028,B,2026-01-20,mobile,paid_search,ES,671,1,0,0.0
U000029,B,2026-01-07,desktop,organic,ZA,175,0,0,0.0
U000030,B,2025-12-04,tablet,organic,ZA,643,0,0,0.0
U000031,A,2026-01-26,mobile,paid_search,ZA,176,0,0,0.0
U000032,A,2025-12-17,mobile,email,ZA,481,0,0,0.0
U000033,A,2026-01-18,tablet,organic,DE,612,1,0,0.0
U000034,A,2026-01-29,mobile,organic,ZA,311,0,0,0.0
U000035,B,2026-01-09,tablet,social,GB,584,0,0,0.0
U000036,A,2025-12-07,desktop,organic,ZA,308,0,0,0.0
U000037,A,2026-01-01,mobile,social,ZA,642,0,1,73.37
U000038,A,2025-12-17,mobile,paid_search,FR,615,1,0,0.0
U000039,B,2025-12-10,mobile,social,DE,144,0,0,0.0
U000040,B,2026-01-20,tablet,organic,GB,291,0,0,0.0
U000041,B,2026-01-09,desktop,referral,ZA,238,0,1,160.79
U000042,A,2026-01-29,mobile,email,FR,348,1,0,0.0
U000043,A,2025-12-03,desktop,organic,NL,565,0,0,0.0
U000044,A,2025-12-02,desktop,paid_search,ZA,220,0,0,0.0
U000045,B,2026-01-04,mobile,organic,NL,287,0,0,0.0
U000046,A,2025-12-07,mobile,organic,FR,466,0,0,0.0
U000047,A,2026-01-06,mobile,organic,GB,552,0,0,0.0
U000048,B,2026-01-17,desktop,organic,GB,772,0,0,0.0
U000049,A,2026-01-27,mobile,organic,GB,432,0,0,0.0
U000050,A,2026-01-12,tablet,email,ES,791,0,0,0.0
U000051,A,2025-12-14,mobile,paid_search,DE,572,0,0,0.0
U000052,A,2026-01-27,tablet,email,DE,465,0,1,189.55
U000053,A,2025-12-20,mobile,organic,ZA,270,0,0,0.0
U000054,B,2025-12-30,mobile,email,ZA,516,0,0,0.0
U000055,B,2026-01-27,desktop,email,ZA,575,0,0,0.0
U000056,A,2026-01-05,mobile,social,GB,462,0,0,0.0
U000057,B,2026-01-27,mobile,social,NL,421,0,0,0.0
U000058,B,2025-12-29,mobile,organic,DE,553,0,0,0.0
U000059,A,2026-01-15,mobile,organic,ZA,573,1,1,81.29
U000060,A,2025-12-14,mobile,paid_search,DE,472,0,0,0.0
U000061,B,2026-01-07,tablet,organic,NL,643,0,0,0.0
U000062,A,2025-12-25,desktop,referral,GB,686,0,0,0.0
U000063,A,2026-01-01,mobile,organic,DE,434,0,0,0.0
U000064,B,2026-01-09,mobile,social,DE,697,1,0,0.0
U000065,B,2025-12-12,mobile,organic,ZA,354,0,0,0.0
U000066,A,2026-01-30,desktop,organic,ZA,138,1,0,0.0
U000067,A,2025-12-05,desktop,email,FR,370,0,0,0.0
U000068,A,2025-12-08,mobile,organic,FR,397,0,0,0.0
U000069,B,2025-12-08,desktop,organic,ZA,645,0,0,0.0
U000070,B,2025-12-25,mobile,email,ZA,733,1,0,0.0
U000071,B,2026-01-08,desktop,social,DE,138,0,0,0.0
U000072,B,2025-12-22,mobile,paid_search,GB,529,0,0,0.0
U000073,B,2025-12-28,mobile,paid_search,DE,738,0,0,0.0
U000074,B,2026-01-07,mobile,social,NL,91,0,0,0.0
U000075,A,2026-01-09,desktop,organic,GB,405,0,0,0.0
U000076,A,2025-12-18,desktop,email,ZA,190,1,0,0.0
U000077,A,2026-01-18,mobile,paid_search,FR,500,1,0,0.0
U000078,B,2025-12-20,desktop,organic,DE,456,0,0,0.0
U000079,A,2025-12-30,mobile,organic,ZA,217,0,0,0.0
U000080,B,2026-01-14,mobile,organic,GB,623,0,0,0.0
U000081,A,2025-12-07,desktop,organic,GB,360,0,0,0.0
U000082,A,2025-12-04,mobile,email,ZA,575,0,0,0.0
U000083,A,2025-12-29,mobile,referral,ZA,509,1,1,98.68
U000084,B,2026-01-13,mobile,organic,DE,331,1,0,0.0
U000085,B,2025-12-27,desktop,social,ZA,618,0,0,0.0
U000086,B,2025-12-28,mobile,email,DE,258,0,0,0.0
U000087,B,2025-12-11,mobile,paid_search,ZA,515,0,0,0.0
U000088,A,2025-12-19,desktop,email,GB,442,0,0,0.0
U000089,A,2025-12-08,mobile,email,ES,214,1,0,0.0
U000090,B,2026-01-22,mobile,organic,ZA,331,0,0,0.0
U000091,B,2026-01-01,mobile,paid_search,NL,447,0,1,197.21
U000092,B,2026-01-06,mobile,organic,FR,295,0,0,0.0
U000093,A,2026-01-03,desktop,social,ZA,703,0,0,0.0
U000094,A,2025-12-27,mobile,email,NL,449,0,0,0.0
U000095,B,2026-01-22,desktop,organic,ZA,349,1,0,0.0
U000096,B,2026-01-22,tablet,email,DE,511,0,0,0.0
U000097,A,2025-12-29,desktop,organic,DE,400,0,0,0.0
U000098,A,2026-01-10,desktop,organic,ZA,615,0,1,193.06
U000099,B,2025-12-30,tablet,email,ZA,450,0,0,0.0
U000100,A,2025-12-30,mobile,paid_search,ES,577,0,0,0.0
U000101,B,2025-12-27,mobile,social,ZA,10,0,0,0.0
U000102,B,2026-01-12,mobile,organic,DE,373,0,0,0.0
U000103,A,2026-01-29,mobile,organic,FR,605,0,0,0.0
U000104,A,2025-12-21,desktop,email,NL,652,0,0,0.0
U000105,A,2026-01-02,tablet,organic,ZA,486,0,0,0.0
U000106,B,2025-12-27,desktop,referral,ZA,364,0,0,0.0
U000107,A,2025-12-22,desktop,social,GB,396,0,1,33.42
U000108,B,2026-01-28,mobile,organic,ZA,120,0,0,0.0
U000109,A,2025-12-11,desktop,social,ZA,134,0,0,0.0
U000110,B,2026-01-06,desktop,organic,ZA,722,0,0,0.0
U000111,B,2025-12-10,mobile,email,GB,128,0,0,0.0
U000112,A,2025-12-29,tablet,referral,ZA,480,0,0,0.0
U000113,B,2026-01-24,mobile,organic,DE,608,0,0,0.0
U000114,A,2026-01-23,desktop,organic,DE,177,0,0,0.0
U000115,B,2026-01-19,desktop,paid_search,GB,824,1,0,0.0
U000116,B,2026-01-13,desktop,email,ES,795,0,1,100.56
U000117,A,2026-01-28,mobile,email,ZA,295,0,0,0.0
U000118,B,2026-01-28,mobile,organic,ES,513,0,0,0.0
U000119,B,2026-01-21,mobile,referral,ZA,251,0,0,0.0
U000120,B,2026-01-24,desktop,organic,FR,97,0,0,0.0
U000121,B,2026-01-13,mobile,paid_search,DE,433,0,0,0.0
U000122,B,2026-01-30,mobile,social,ZA,44,0,0,0.0
U000123,A,2025-12-27,mobile,organic,ZA,524,1,0,0.0
U000124,B,2025-12-25,mobile,email,FR,666,0,0,0.0
U000125,B,2026-01-11,mobile,paid_search,GB,330,0,0,0.0
U000126,A,2025-12-16,desktop,organic,DE,689,0,0,0.0
U000127,A,2025-12-08,tablet,social,ZA,245,0,0,0.0
U000128,A,2025-12-09,desktop,organic,NL,643,0,0,0.0
U000129,A,2026-01-19,mobile,social,ZA,160,0,0,0.0
U000130,A,2026-01-25,mobile,organic,FR,263,0,1,62.46
U000131,A,2025-12-27,mobile,email,GB,495,0,0,0.0
U000132,A,2026-01-09,mobile,social,NL,534,0,0,0.0
U000133,A,2025-12-31,desktop,paid_search,ZA,543,0,0,0.0
U000134,A,2026-01-09,desktop,paid_search,ZA,785,0,0,0.0
U000135,A,2026-01-14,mobile,email,NL,716,0,0,0.0
U000136,B,2025-12-27,mobile,paid_search,GB,177,0,0,0.0
U000137,A,2025-12-10,desktop,paid_search,ZA,223,1,0,0.0
U000138,B,2026-01-05,mobile,referral,DE,145,0,0,0.0
U000139,B,2025-12-28,desktop,email,ES,788,1,0,0.0
U000140,A,2025-12-31,mobile,organic,NL,396,1,0,0.0
U000141,A,2025-12-28,desktop,referral,NL,764,0,1,182.15
U000142,B,2025-12-18,mobile,organic,FR,367,0,0,0.0
U000143,A,2026-01-12,mobile,organic,DE,51,0,0,0.0
U000144,A,2025-12-30,mobile,organic,FR,601,0,0,0.0
U000145,A,2026-01-18,desktop,email,ZA,883,0,0,0.0
U000146,A,2026-01-02,mobile,paid_search,ZA,709,0,0,0.0
U000147,A,2026-01-08,mobile,organic,ES,160,0,0,0.0
U000148,A,2026-01-01,desktop,organic,GB,349,0,0,0.0
U000149,A,2025-12-26,desktop,organic,ZA,169,0,0,0.0
U000150,B,2025-12-27,mobile,paid_search,ES,294,0,0,0.0
U000151,A,2025-12-28,desktop,organic,DE,596,0,0,0.0
U000152,A,2025-12-22,desktop,organic,DE,658,0,0,0.0
U000153,A,2026-01-22,desktop,organic,ZA,337,0,0,0.0
U000154,B,2025-12-05,mobile,email,GB,734,0,0,0.0
U000155,B,2026-01-11,desktop,email,NL,791,0,0,0.0
U000156,B,2026-01-20,mobile,organic,GB,337,0,1,85.32
U000157,A,2026-01-11,desktop,social,DE,604,0,0,0.0
U000158,B,2025-12-03,mobile,social,DE,311,0,0,0.0
U000159,A,2025-12-07,desktop,social,ES,186,0,0,0.0
U000160,A,2025-12-29,mobile,paid_search,GB,378,0,0,0.0
U000161,B,2026-01-20,desktop,organic,ZA,707,0,0,0.0
U000162,B,2026-01-28,desktop,organic,ZA,747,0,0,0.0
U000163,B,2026-01-12,mobile,paid_search,ES,428,0,0,0.0
U000164,B,2026-01-12,desktop,referral,ES,600,0,0,0.0
U000165,A,2025-12-24,mobile,referral,ZA,517,0,0,0.0
U000166,A,2025-12-19,desktop,organic,FR,593,0,0,0.0
U000167,B,2026-01-08,mobile,organic,NL,659,0,0,0.0
U000168,A,2025-12-27,mobile,email,ES,721,0,0,0.0
U000169,A,2025-12-16,mobile,social,GB,195,0,0,0.0
U000170,A,2026-01-19,mobile,paid_search,GB,230,0,0,0.0
U000171,A,2026-01-11,mobile,organic,ES,548,0,0,0.0
U000172,B,2025-12-18,mobile,paid_search,NL,161,0,0,0.0
U000173,B,2025-12-27,mobile,paid_search,ZA,170,0,0,0.0
U000174,A,2026-01-15,desktop,social,ZA,402,0,0,0.0
U000175,A,2026-01-09,mobile,organic,ZA,173,0,0,0.0
U000176,B,2025-12-08,desktop,organic,ZA,347,0,0,0.0
U000177,A,2026-01-23,desktop,paid_search,ZA,700,0,0,0.0
U000178,A,2025-12-23,mobile,paid_search,DE,194,0,0,0.0
U000179,B,2026-01-02,desktop,paid_search,ZA,637,0,0,0.0
U000180,B,2025-12-23,desktop,organic,FR,706,0,0,0.0
U000181,A,2025-12-03,mobile,organic,DE,495,0,0,0.0
U000182,A,2025-12-09,mobile,email,GB,385,1,0,0.0
U000183,A,2026-01-29,mobile,paid_search,NL,556,1,0,0.0
U000184,A,2026-01-25,desktop,social,ZA,209,0,0,0.0
U000185,B,2025-12-25,mobile,organic,FR,396,0,0,0.0
U000186,B,2026-01-16,mobile,paid_search,ES,293,0,0,0.0
U000187,A,2025-12-19,mobile,paid_search,GB,538,0,0,0.0
U000188,B,2026-01-09,tablet,organic,ES,92,0,0,0.0
U000189,B,2026-01-17,desktop,referral,ZA,758,0,1,35.88
U000190,B,2025-12-24,mobile,referral,ZA,177,0,0,0.0
U000191,A,2026-01-18,mobile,organic,GB,341,0,0,0.0
U000192,A,2026-01-17,mobile,paid_search,ES,193,0,0,0.0
U000193,A,2026-01-09,mobile,social,GB,137,0,0,0.0
U000194,B,2025-12-29,tablet,social,ES,339,0,0,0.0
U000195,A,2025-12-11,desktop,referral,DE,485,0,0,0.0
U000196,B,2025-12-16,desktop,organic,DE,486,0,0,0.0
U000197,B,2025-12-06,mobile,paid_search,FR,597,0,0,0.0
U000198,B,2025-12-09,tablet,email,GB,651,0,0,0.0
U000199,B,2025-12-12,desktop,organic,GB,121,0,0,0.0
U000200,A,2026-01-29,desktop,organic,ES,350,0,0,0.0
U000201,B,2025-12-09,desktop,paid_search,ZA,822,0,0,0.0
U000202,B,2026-01-16,desktop,organic,ES,95,1,0,0.0
U000203,B,2025-12-17,desktop,email,GB,810,0,0,0.0
U000204,B,2025-12-20,mobile,social,DE,295,1,1,97.56
U000205,A,2025-12-14,mobile,organic,NL,346,0,0,0.0
U000206,B,2025-12-09,desktop,paid_search,ZA,391,0,0,0.0
U000207,A,2025-12-19,tablet,social,GB,209,0,0,0.0
U000208,A,2026-01-02,mobile,social,GB,87,0,0,0.0
U000209,A,2025-12-23,mobile,organic,DE,689,0,0,0.0
U000210,A,2025-12-07,mobile,social,FR,409,1,1,109.89
U000211,A,2025-12-19,mobile,paid_search,FR,405,0,0,0.0
U000212,B,2025-12-26,mobile,referral,DE,394,0,0,0.0
U000213,B,2026-01-02,mobile,organic,FR,505,0,0,0.0
U000214,B,2025-12-09,mobile,paid_search,ZA,709,0,0,0.0
U000215,B,2026-01-01,desktop,organic,NL,469,0,0,0.0
U000216,B,2026-01-20,desktop,social,DE,664,0,0,0.0
U000217,B,2026-01-06,mobile,organic,GB,556,0,0,0.0
U000218,B,2025-12-10,desktop,organic,DE,186,1,0,0.0
U000219,A,2026-01-14,mobile,paid_search,DE,529,0,0,0.0
U000220,B,2026-01-12,mobile,organic,ES,490,0,0,0.0
U000221,A,2026-01-19,desktop,email,NL,499,1,0,0.0
U000222,B,2025-12-15,tablet,referral,FR,273,0,0,0.0
U000223,B,2026-01-20,desktop,organic,DE,654,0,0,0.0
U000224,A,2026-01-19,desktop,organic,ZA,174,0,0,0.0
U000225,B,2025-12-14,mobile,paid_search,ES,335,1,0,0.0
U000226,A,2025-12-04,desktop,paid_search,DE,187,0,0,0.0
U000227,B,2025-12-09,mobile,paid_search,ES,516,0,0,0.0
U000228,B,2025-12-21,mobile,organic,FR,687,0,0,0.0
U000229,B,2026-01-29,mobile,referral,GB,200,0,1,166.1
U000230,B,2025-12-12,tablet,referral,ES,68,0,0,0.0
U000231,B,2025-12-22,mobile,referral,DE,525,0,0,0.0
U000232,B,2025-12-18,mobile,organic,ZA,489,0,0,0.0
U000233,A,2025-12-22,desktop,paid_search,FR,408,0,0,0.0
U000234,B,2025-12-06,mobile,organic,ES,508,0,0,0.0
U000235,A,2025-12-16,mobile,organic,ZA,616,0,1,124.59
U000236,B,2025-12-04,desktop,paid_search,ZA,711,1,0,0.0
U000237,A,2026-01-09,mobile,referral,GB,485,0,0,0.0
U000238,A,2026-01-05,desktop,email,NL,441,0,0,0.0
U000239,B,2026-01-03,mobile,email,ZA,651,1,0,0.0
U000240,B,2026-01-06,mobile,organic,NL,472,1,0,0.0
U000241,B,2025-12-06,desktop,paid_search,ZA,323,0,1,115.1
U000242,B,2026-01-16,mobile,organic,ZA,243,0,1,81.13
U000243,A,2025-12-04,tablet,organic,ES,80,0,0,0.0
U000244,B,2026-01-16,desktop,paid_search,ES,566,0,0,0.0
U000245,B,2026-01-04,mobile,social,ZA,545,0,0,0.0
U000246,A,2025-12-01,desktop,referral,GB,661,0,0,0.0
U000247,A,2025-12-23,mobile,organic,NL,135,1,0,0.0
U000248,B,2026-01-29,desktop,organic,ZA,229,1,0,0.0
U000249,B,2025-12-04,mobile,organic,GB,572,0,0,0.0
U000250,A,2026-01-02,tablet,organic,ES,639,0,0,0.0
U000251,B,2025-12-16,mobile,organic,DE,246,0,0,0.0
U000252,B,2026-01-07,desktop,social,DE,515,1,0,0.0
U000253,B,2025-12-25,desktop,organic,GB,240,0,0,0.0
U000254,A,2026-01-24,mobile,social,ZA,491,0,0,0.0
U000255,B,2025-12-09,mobile,organic,ZA,100,0,0,0.0
U000256,A,2026-01-16,desktop,organic,GB,746,1,1,160.64
U000257,B,2026-01-12,mobile,paid_search,NL,418,0,1,192.72
U000258,B,2025-12-08,desktop,email,ES,824,0,0,0.0
U000259,A,2025-12-19,mobile,paid_search,GB,353,0,0,0.0
U000260,A,2026-01-16,mobile,social,ES,379,0,0,0.0
U000261,A,2025-12-10,mobile,paid_search,DE,504,1,0,0.0
U000262,A,2026-01-23,mobile,paid_search,ES,417,0,0,0.0
U000263,B,2026-01-17,mobile,organic,FR,193,0,0,0.0
U000264,A,2026-01-26,mobile,email,ZA,103,0,0,0.0
U000265,B,2025-12-27,mobile,email,ZA,215,0,0,0.0
U000266,A,2026-01-10,desktop,paid_search,GB,571,0,0,0.0
U000267,A,2026-01-16,mobile,referral,ZA,460,0,0,0.0
U000268,A,2025-12-07,mobile,organic,DE,278,0,0,0.0
U000269,A,2025-12-24,tablet,paid_search,ZA,324,0,0,0.0
U000270,B,2025-12-06,mobile,organic,GB,672,1,1,107.98
U000271,A,2026-01-20,mobile,referral,ES,560,0,0,0.0
U000272,B,2026-01-14,desktop,paid_search,ZA,250,0,1,206.49
U000273,A,2025-12-14,mobile,email,FR,476,0,0,0.0
U000274,B,2026-01-24,mobile,social,ZA,158,0,0,0.0
U000275,A,2025-12-28,mobile,organic,DE,648,0,0,0.0
U000276,B,2025-12-02,desktop,social,GB,331,0,0,0.0
U000277,B,2026-01-12,mobile,email,ZA,403,1,0,0.0
U000278,A,2026-01-20,desktop,email,ZA,210,0,0,0.0
U000279,B,2025-12-07,mobile,organic,GB,588,0,0,0.0
U000280,A,2026-01-05,mobile,paid_search,ZA,435,0,0,0.0
U000281,A,2026-01-27,mobile,referral,ZA,553,0,0,0.0
U000282,A,2025-12-20,mobile,organic,ZA,302,0,0,0.0
U000283,A,2025-12-17,tablet,email,GB,755,1,0,0.0
U000284,B,2025-12-22,desktop,organic,NL,542,0,0,0.0
U000285,B,2026-01-08,mobile,organic,ES,225,0,0,0.0
U000286,A,2025-12-21,mobile,email,GB,749,0,0,0.0
U000287,B,2025-12-26,mobile,referral,ZA,578,0,0,0.0
U000288,A,2026-01-16,mobile,email,GB,446,1,0,0.0
U000289,B,2026-01-13,mobile,email,ZA,753,0,0,0.0
U000290,A,2026-01-08,mobile,paid_search,GB,537,1,0,0.0
U000291,B,2026-01-21,mobile,email,ZA,398,0,0,0.0
U000292,B,2026-01-06,tablet,email,GB,470,1,0,0.0
U000293,B,2026-01-03,mobile,email,ZA,493,0,0,0.0
U000294,B,2025-12-10,mobile,organic,ZA,445,0,0,0.0
U000295,B,2026-01-16,mobile,organic,GB,231,0,0,0.0
U000296,A,2026-01-16,desktop,organic,ZA,169,0,0,0.0
U000297,B,2025-12-11,tablet,email,GB,676,0,0,0.0
U000298,A,2025-12-26,desktop,organic,DE,458,0,0,0.0
U000299,A,2025-12-28,mobile,email,ZA,197,1,0,0.0
U000300,A,2025-12-21,mobile,organic,DE,521,0,0,0.0
U000301,B,2026-01-09,mobile,organic,GB,488,0,0,0.0
U000302,B,2025-12-20,desktop,paid_search,DE,435,0,0,0.0
U000303,B,2026-01-02,mobile,paid_search,DE,496,0,0,0.0
U000304,B,2026-01-29,tablet,paid_search,GB,236,0,0,0.0
U000305,B,2026-01-30,mobile,organic,NL,595,0,0,0.0
U000306,B,2025-12-27,desktop,paid_search,ZA,679,0,0,0.0
U000307,B,2025-12-11,desktop,paid_search,FR,712,1,1,176.38
U000308,B,2025-12-24,mobile,email,FR,580,1,0,0.0
U000309,B,2026-01-11,desktop,organic,ES,543,0,0,0.0
U000310,A,2025-12-08,desktop,organic,NL,740,0,0,0.0
U000311,B,2025-12-11,desktop,social,NL,118,0,0,0.0
U000312,A,2026-01-15,mobile,paid_search,ES,578,1,0,0.0
U000313,A,2025-12-04,tablet,social,ZA,159,0,0,0.0
U000314,B,2026-01-13,mobile,organic,DE,662,0,0,0.0
U000315,B,2026-01-26,desktop,paid_search,FR,567,0,1,176.19
U000316,B,2026-01-16,tablet,email,FR,227,0,0,0.0
U000317,A,2025-12-18,mobile,organic,DE,153,0,0,0.0
U000318,A,2026-01-13,desktop,organic,DE,522,1,0,0.0
U000319,A,2025-12-01,tablet,paid_search,ES,233,0,0,0.0
U000320,A,2025-12-24,mobile,organic,ES,189,1,0,0.0
U000321,B,2026-01-18,mobile,email,FR,88,0,0,0.0
U000322,A,2026-01-13,mobile,organic,ZA,143,0,0,0.0
U000323,A,2025-12-05,mobile,organic,NL,125,0,0,0.0
U000324,A,2026-01-19,desktop,social,DE,259,0,0,0.0
U000325,A,2025-12-23,desktop,email,ZA,676,0,0,0.0
U000326,B,2025-12-09,desktop,paid_search,GB,566,0,0,0.0
U000327,A,2026-01-08,desktop,paid_search,FR,161,0,0,0.0
U000328,B,2025-12-19,desktop,social,FR,313,1,0,0.0
U000329,B,2026-01-03,desktop,organic,GB,390,0,0,0.0
U000330,A,2026-01-04,desktop,email,ES,241,1,0,0.0
U000331,A,2025-12-04,tablet,paid_search,ZA,643,0,1,111.14
U000332,B,2025-12-18,mobile,organic,ES,179,0,0,0.0
U000333,B,2026-01-23,desktop,email,ZA,660,1,1,114.85
U000334,A,2026-01-08,mobile,email,DE,254,1,1,24.0
U000335,A,2025-12-23,mobile,social,FR,167,0,0,0.0
U000336,A,2026-01-26,mobile,social,ZA,442,0,0,0.0
U000337,B,2026-01-10,mobile,paid_search,GB,623,1,1,162.99
U000338,B,2026-01-13,desktop,organic,GB,96,0,0,0.0
U000339,A,2025-12-10,mobile,referral,ZA,691,0,0,0.0
U000340,A,2026-01-16,mobile,social,DE,110,0,0,0.0
U000341,A,2026-01-03,tablet,referral,ZA,524,0,0,0.0
U000342,A,2025-12-30,mobile,organic,DE,331,0,0,0.0
U000343,A,2026-01-01,tablet,email,FR,741,1,0,0.0
U000344,A,2026-01-04,mobile,social,NL,363,0,0,0.0
U000345,B,2025-12-20,mobile,paid_search,ZA,550,0,0,0.0
U000346,A,2025-12-03,tablet,social,GB,387,0,0,0.0
U000347,B,2025-12-26,mobile,paid_search,GB,203,0,0,0.0
U000348,B,2025-12-26,desktop,email,ZA,406,0,0,0.0
U000349,B,2025-12-07,mobile,organic,GB,436,1,0,0.0
U000350,B,2025-12-29,mobile,organic,ZA,181,0,0,0.0
U000351,B,2026-01-08,mobile,social,ZA,98,0,0,0.0
U000352,A,2025-12-20,mobile,referral,ZA,434,0,0,0.0
U000353,B,2025-12-07,mobile,social,ZA,29,0,0,0.0
U000354,A,2026-01-22,mobile,email,ES,220,0,0,0.0
U000355,A,2025-12-05,mobile,email,NL,196,1,0,0.0
U000356,A,2026-01-29,mobile,social,GB,26,0,0,0.0
U000357,A,2025-12-12,mobile,paid_search,ZA,747,0,0,0.0
U000358,A,2026-01-26,mobile,organic,ZA,160,0,0,0.0
U000359,B,2025-12-16,desktop,social,FR,480,0,0,0.0
U000360,B,2026-01-02,mobile,organic,ZA,631,0,0,0.0
U000361,B,2025-12-04,desktop,paid_search,GB,717,1,0,0.0
U000362,A,2026-01-22,desktop,email,FR,436,0,0,0.0
U000363,B,2025-12-12,mobile,organic,FR,387,0,1,142.66
U000364,B,2026-01-06,mobile,referral,NL,524,0,0,0.0
U000365,A,2025-12-04,mobile,organic,GB,20,0,0,0.0
U000366,B,2025-12-22,desktop,social,NL,380,1,0,0.0
U000367,A,2025-12-08,desktop,social,ES,482,1,0,0.0
U000368,A,2025-12-11,desktop,paid_search,DE,630,0,0,0.0
U000369,B,2026-01-09,desktop,organic,DE,277,0,0,0.0
U000370,A,2026-01-16,mobile,email,DE,645,1,0,0.0
U000371,B,2026-01-09,mobile,paid_search,ES,226,0,0,0.0
U000372,B,2025-12-11,desktop,referral,NL,746,0,0,0.0
U000373,A,2025-12-05,mobile,social,FR,45,0,0,0.0
U000374,A,2025-12-27,mobile,organic,DE,123,0,0,0.0
U000375,B,2026-01-18,desktop,organic,ZA,121,1,0,0.0
U000376,A,2025-12-22,mobile,organic,FR,580,0,0,0.0
U000377,A,2026-01-09,desktop,email,GB,857,0,0,0.0
U000378,A,2025-12-14,tablet,paid_search,DE,654,0,1,87.01
U000379,B,2026-01-01,mobile,organic,GB,321,0,0,0.0
U000380,A,2025-12-07,mobile,organic,ZA,103,0,0,0.0
U000381,B,2025-12-31,mobile,email,ZA,666,1,0,0.0
U000382,A,2025-12-29,mobile,paid_search,ZA,387,1,0,0.0
U000383,B,2025-12-06,desktop,social,GB,709,1,0,0.0
U000384,B,2026-01-04,desktop,referral,DE,351,0,0,0.0
U000385,B,2025-12-03,mobile,social,NL,646,1,0,0.0
U000386,A,2025-12-11,tablet,social,ZA,485,0,0,0.0
U000387,A,2026-01-08,mobile,social,ES,83,0,0,0.0
U000388,A,2025-12-18,mobile,social,ZA,621,0,0,0.0
U000389,A,2025-12-10,mobile,paid_search,ES,155,0,0,0.0
U000390,A,2026-01-04,desktop,social,ZA,762,0,1,69.19
U000391,A,2026-01-08,desktop,paid_search,GB,445,0,0,0.0
U000392,B,2025-12-02,mobile,social,ZA,517,0,0,0.0
U000393,A,2026-01-17,mobile,social,ZA,408,0,0,0.0
U000394,A,2026-01-22,mobile,paid_search,GB,429,0,0,0.0
U000395,A,2026-01-02,mobile,social,GB,601,0,0,0.0
U000396,A,2025-12-04,mobile,paid_search,ES,278,0,0,0.0
U000397,A,2026-01-29,mobile,organic,GB,628,0,0,0.0
U000398,A,2026-01-05,mobile,organic,NL,112,0,0,0.0
U000399,A,2026-01-06,desktop,organic,ZA,366,0,0,0.0
U000400,B,2026-01-25,desktop,email,ZA,329,0,1,77.47
U000401,B,2025-12-20,desktop,email,ZA,577,1,0,0.0
U000402,B,2026-01-22,desktop,paid_search,ZA,866,0,0,0.0
U000403,A,2025-12-07,mobile,organic,ZA,352,0,0,0.0
U000404,B,2026-01-27,desktop,organic,GB,303,0,0,0.0
U000405,B,2026-01-12,mobile,organic,ZA,529,0,0,0.0
U000406,A,2025-12-25,desktop,paid_search,ES,335,0,0,0.0
U000407,A,2026-01-30,desktop,paid_search,NL,837,0,0,0.0
U000408,B,2026-01-16,desktop,email,ZA,527,1,1,204.55
U000409,A,2026-01-26,mobile,organic,ZA,140,0,0,0.0
U000410,B,2026-01-30,desktop,paid_search,ZA,307,0,1,191.89
U000411,A,2025-12-13,mobile,referral,NL,488,0,0,0.0
U000412,A,2025-12-06,mobile,email,ZA,716,1,0,0.0
U000413,B,2025-12-11,mobile,organic,FR,110,0,0,0.0
U000414,A,2025-12-28,tablet,paid_search,ZA,301,0,0,0.0
U000415,B,2025-12-02,desktop,email,ZA,497,1,0,0.0
U000416,A,2025-12-05,desktop,organic,ZA,658,0,0,0.0
U000417,B,2025-12-09,mobile,social,GB,202,0,0,0.0
U000418,A,2025-12-15,mobile,referral,ZA,42,0,0,0.0
U000419,A,2026-01-11,desktop,organic,DE,676,1,0,0.0
U000420,B,2026-01-11,desktop,organic,ZA,552,1,0,0.0
U000421,B,2025-12-14,desktop,email,ZA,863,0,0,0.0
U000422,B,2025-12-27,desktop,organic,FR,206,1,1,60.4
U000423,A,2025-12-17,desktop,referral,GB,506,0,0,0.0
U000424,B,2026-01-14,tablet,organic,ZA,128,0,0,0.0
U000425,A,2025-12-06,desktop,organic,FR,394,0,0,0.0
U000426,A,2025-12-30,mobile,social,NL,294,0,0,0.0
U000427,B,2025-12-07,desktop,social,ZA,223,0,0,0.0
U000428,B,2026-01-26,desktop,organic,ZA,217,0,0,0.0
U000429,B,2026-01-14,desktop,social,DE,229,0,1,199.21
U000430,A,2025-12-27,desktop,paid_search,DE,619,0,0,0.0
U000431,A,2026-01-13,desktop,email,NL,660,0,0,0.0
U000432,A,2026-01-11,mobile,email,DE,742,0,0,0.0
U000433,B,2025-12-22,mobile,email,DE,587,0,0,0.0
U000434,B,2026-01-11,mobile,social,DE,644,1,0,0.0
U000435,B,2025-12-31,desktop,social,ZA,563,0,0,0.0
U000436,B,2026-01-05,desktop,paid_search,ZA,669,0,0,0.0
U000437,A,2025-12-08,tablet,email,ZA,537,0,1,38.0
U000438,B,2026-01-09,desktop,social,DE,734,0,1,64.93
U000439,A,2026-01-05,desktop,paid_search,FR,513,1,0,0.0
U000440,A,2025-12-23,desktop,referral,ZA,631,0,1,49.97
U000441,A,2026-01-15,desktop,paid_search,ZA,309,0,0,0.0
U000442,A,2026-01-20,mobile,organic,FR,67,0,0,0.0
U000443,B,2026-01-19,desktop,paid_search,DE,666,1,0,0.0
U000444,B,2025-12-28,desktop,paid_search,GB,347,0,0,0.0
U000445,A,2026-01-08,desktop,organic,NL,555,0,0,0.0
U000446,A,2025-12-22,tablet,paid_search,ZA,581,0,0,0.0
U000447,B,2026-01-15,desktop,paid_search,ZA,400,0,0,0.0
U000448,A,2026-01-15,desktop,referral,GB,743,0,0,0.0
U000449,B,2026-01-07,mobile,email,GB,642,0,0,0.0
U000450,A,2025-12-07,mobile,organic,DE,224,0,0,0.0
U000451,B,2026-01-13,mobile,social,FR,309,0,1,162.26
U000452,A,2026-01-25,desktop,paid_search,ZA,852,0,0,0.0
U000453,B,2025-12-19,desktop,organic,GB,563,0,0,0.0
U000454,A,2025-12-17,mobile,social,NL,459,0,0,0.0
U000455,B,2026-01-18,mobile,email,ZA,295,0,0,0.0
U000456,A,2025-12-12,desktop,organic,ZA,406,0,0,0.0
U000457,B,2025-12-01,mobile,email,ZA,258,0,0,0.0
U000458,B,2026-01-23,desktop,paid_search,DE,535,0,0,0.0
U000459,A,2025-12-05,desktop,organic,DE,474,0,0,0.0
U000460,B,2025-12-22,mobile,organic,FR,563,0,0,0.0
U000461,B,2026-01-11,mobile,email,GB,795,0,0,0.0
U000462,A,2026-01-26,mobile,social,ES,399,0,0,0.0
U000463,B,2026-01-22,desktop,paid_search,GB,610,0,0,0.0
U000464,B,2026-01-30,mobile,referral,FR,566,1,1,137.43
U000465,B,2026-01-25,desktop,social,ZA,578,1,0,0.0
U000466,A,2025-12-06,mobile,organic,ZA,92,0,0,0.0
U000467,A,2025-12-25,mobile,paid_search,ZA,453,0,0,0.0
U000468,B,2026-01-18,desktop,organic,NL,480,1,0,0.0
U000469,A,2025-12-06,mobile,referral,GB,696,1,1,55.18
U000470,B,2026-01-20,desktop,paid_search,ES,341,0,0,0.0
U000471,B,2026-01-11,mobile,referral,DE,588,1,1,120.57
U000472,A,2026-01-05,tablet,organic,FR,395,0,0,0.0
U000473,B,2025-12-11,mobile,paid_search,ZA,180,0,0,0.0
U000474,A,2026-01-18,tablet,referral,GB,596,0,0,0.0
U000475,A,2026-01-16,mobile,referral,GB,691,0,0,0.0
U000476,A,2025-12-13,mobile,paid_search,DE,427,1,0,0.0
U000477,B,2025-12-28,mobile,organic,FR,676,0,0,0.0
U000478,A,2026-01-16,mobile,paid_search,GB,414,0,0,0.0
U000479,B,2026-01-23,mobile,social,NL,205,0,0,0.0
U000480,B,2026-01-27,mobile,paid_search,ZA,709,0,0,0.0
U000481,B,2026-01-05,mobile,social,DE,680,0,0,0.0
U000482,B,2026-01-16,desktop,organic,GB,192,0,1,67.91
U000483,B,2026-01-09,desktop,email,ZA,347,0,0,0.0
U000484,B,2026-01-17,desktop,referral,ZA,578,1,0,0.0
U000485,A,2025-12-14,mobile,social,GB,483,1,0,0.0
U000486,A,2026-01-03,desktop,organic,FR,711,0,0,0.0
U000487,A,2026-01-07,desktop,social,GB,487,0,0,0.0
U000488,A,2026-01-20,mobile,paid_search,GB,238,0,0,0.0
U000489,B,2025-12-14,mobile,organic,DE,141,0,0,0.0
U000490,A,2025-12-08,mobile,paid_search,ZA,257,1,1,117.35
U000491,A,2026-01-10,mobile,social,ZA,174,0,0,0.0
U000492,A,2026-01-06,desktop,social,FR,362,0,0,0.0
U000493,B,2025-12-11,mobile,paid_search,ZA,659,0,0,0.0
U000494,A,2026-01-13,mobile,paid_search,DE,323,0,0,0.0
U000495,A,2026-01-25,desktop,email,NL,744,0,0,0.0
U000496,A,2026-01-20,mobile,email,ZA,751,0,0,0.0
U000497,A,2026-01-30,desktop,email,GB,563,0,0,0.0
U000498,B,2026-01-20,desktop,organic,NL,651,0,0,0.0
U000499,B,2026-01-28,desktop,organic,NL,500,1,0,0.0
U000500,B,2026-01-06,mobile,paid_search,GB,290,0,0,0.0
U000501,A,2026-01-07,mobile,social,GB,355,0,0,0.0
U000502,B,2025-12-27,mobile,paid_search,ZA,683,0,0,0.0
U000503,B,2026-01-19,desktop,email,NL,809,0,0,0.0
U000504,A,2025-12-14,mobile,social,NL,645,0,0,0.0
U000505,A,2025-12-06,desktop,paid_search,DE,201,0,0,0.0
U000506,A,2025-12-25,tablet,paid_search,DE,422,0,0,0.0
U000507,B,2025-12-29,mobile,social,ES,532,0,0,0.0
U000508,B,2026-01-14,mobile,organic,ZA,264,0,0,0.0
U000509,A,2025-12-18,desktop,organic,GB,675,0,0,0.0
U000510,A,2025-12-06,mobile,email,DE,700,0,0,0.0
U000511,A,2025-12-13,mobile,paid_search,ZA,271,0,0,0.0
U000512,B,2025-12-22,tablet,social,ES,560,0,0,0.0
U000513,B,2026-01-19,mobile,organic,FR,491,0,0,0.0
U000514,A,2025-12-17,mobile,email,ES,335,0,0,0.0
U000515,B,2026-01-14,desktop,organic,ZA,409,0,0,0.0
U000516,A,2025-12-14,desktop,organic,ES,307,0,0,0.0
U000517,A,2025-12-17,mobile,organic,ZA,653,0,0,0.0
U000518,A,2025-12-06,desktop,email,DE,710,0,0,0.0
U000519,B,2026-01-26,desktop,social,GB,606,0,0,0.0
U000520,A,2026-01-21,mobile,referral,ZA,375,0,0,0.0
U000521,A,2025-12-08,desktop,paid_search,DE,156,0,0,0.0
U000522,B,2025-12-17,mobile,organic,ZA,647,0,0,0.0
U000523,A,2025-12-27,desktop,organic,NL,393,0,0,0.0
U000524,B,2025-12-15,desktop,email,NL,761,1,0,0.0
U000525,B,2025-12-31,desktop,organic,GB,761,0,0,0.0
U000526,A,2025-12-17,mobile,paid_search,GB,214,0,0,0.0
U000527,B,2025-12-07,mobile,organic,GB,593,0,0,0.0
U000528,A,2025-12-27,mobile,social,ES,187,0,0,0.0
U000529,A,2026-01-19,mobile,organic,GB,477,0,0,0.0
U000530,A,2026-01-10,tablet,social,DE,389,0,0,0.0
U000531,B,2025-12-06,mobile,organic,ZA,318,0,0,0.0
U000532,A,2026-01-26,mobile,social,GB,588,0,0,0.0
U000533,A,2025-12-02,mobile,organic,ZA,101,0,0,0.0
U000534,A,2026-01-29,desktop,paid_search,ZA,553,1,0,0.0
U000535,A,2026-01-29,desktop,organic,ZA,396,0,0,0.0
U000536,B,2025-12-02,mobile,organic,ES,507,0,0,0.0
U000537,B,2026-01-05,mobile,referral,FR,201,0,0,0.0
U000538,B,2026-01-26,mobile,paid_search,DE,401,0,0,0.0
U000539,A,2025-12-20,mobile,organic,ZA,20,0,0,0.0
U000540,A,2025-12-19,mobile,organic,ES,508,0,0,0.0
U000541,B,2026-01-08,mobile,organic,GB,441,0,0,0.0
U000542,A,2026-01-15,desktop,paid_search,GB,403,0,0,0.0
U000543,B,2026-01-09,desktop,email,ZA,720,1,1,53.71
U000544,A,2025-12-30,desktop,organic,DE,283,1,1,114.04
U000545,A,2025-12-07,mobile,organic,GB,28,0,0,0.0
U000546,A,2025-12-22,mobile,social,GB,371,0,1,32.84
U000547,B,2025-12-10,mobile,email,ZA,564,1,0,0.0
U000548,B,2026-01-23,mobile,referral,FR,414,0,0,0.0
U000549,B,2025-12-03,mobile,email,ZA,333,0,0,0.0
U000550,B,2025-12-11,desktop,organic,ES,598,0,0,0.0
U000551,A,2026-01-26,mobile,email,ES,382,0,1,161.81
U000552,B,2025-12-26,desktop,organic,ZA,624,0,0,0.0
U000553,A,2025-12-11,mobile,email,ZA,707,1,0,0.0
U000554,B,2026-01-20,mobile,paid_search,ZA,655,0,0,0.0
U000555,A,2026-01-14,mobile,email,ZA,162,0,0,0.0
U000556,B,2026-01-01,mobile,organic,ZA,499,0,0,0.0
U000557,B,2026-01-05,mobile,paid_search,GB,378,0,1,138.44
U000558,A,2025-12-12,desktop,paid_search,GB,776,0,0,0.0
U000559,B,2025-12-25,mobile,email,FR,295,0,0,0.0
U000560,A,2025-12-07,mobile,organic,NL,152,0,1,37.13
U000561,A,2025-12-03,mobile,social,DE,519,0,0,0.0
U000562,A,2026-01-08,desktop,organic,ES,783,0,0,0.0
U000563,A,2026-01-10,mobile,paid_search,ES,512,0,1,124.64
U000564,B,2026-01-16,mobile,organic,ES,551,1,0,0.0
U000565,B,2025-12-13,mobile,email,DE,314,0,0,0.0
U000566,A,2026-01-10,mobile,email,FR,510,1,1,92.67
U000567,A,2025-12-11,mobile,paid_search,ES,432,0,0,0.0
U000568,A,2026-01-18,desktop,social,ZA,329,0,0,0.0
U000569,B,2025-12-17,mobile,paid_search,ES,44,0,0,0.0
U000570,B,2026-01-26,mobile,organic,ZA,342,1,0,0.0
U000571,B,2025-12-18,desktop,paid_search,DE,686,1,0,0.0
U000572,A,2025-12-24,desktop,organic,ZA,368,0,0,0.0
U000573,A,2025-12-05,desktop,social,ZA,710,0,1,161.28
U000574,A,2026-01-19,mobile,email,ZA,557,0,0,0.0
U000575,B,2026-01-17,desktop,paid_search,ZA,771,0,1,130.3
U000576,A,2026-01-02,desktop,organic,DE,509,0,0,0.0
U000577,A,2025-12-28,mobile,paid_search,ZA,184,0,1,88.06
U000578,A,2026-01-02,mobile,email,FR,623,1,0,0.0
U000579,B,2026-01-05,desktop,email,ZA,252,0,0,0.0
U000580,A,2026-01-12,mobile,organic,ZA,372,0,1,68.77
U000581,B,2026-01-09,desktop,social,DE,528,0,0,0.0
U000582,B,2026-01-24,mobile,email,ZA,713,0,0,0.0
U000583,A,2026-01-14,desktop,organic,GB,415,0,0,0.0
U000584,B,2026-01-18,mobile,paid_search,FR,186,0,0,0.0
U000585,B,2025-12-17,mobile,organic,FR,652,0,0,0.0
U000586,B,2025-12-05,mobile,organic,NL,695,0,0,0.0
U000587,A,2026-01-26,desktop,organic,GB,191,0,0,0.0
U000588,A,2025-12-13,mobile,paid_search,ES,67,0,0,0.0
U000589,A,2025-12-26,desktop,organic,DE,493,0,0,0.0
U000590,B,2025-12-18,desktop,email,NL,226,1,0,0.0
U000591,A,2025-12-09,mobile,paid_search,ES,747,0,0,0.0
U000592,B,2025-12-28,tablet,social,ZA,590,0,0,0.0
U000593,B,2025-12-13,desktop,organic,FR,603,0,0,0.0
U000594,B,2026-01-11,tablet,social,ZA,573,0,0,0.0
U000595,A,2025-12-02,desktop,social,GB,508,0,0,0.0
U000596,B,2026-01-17,mobile,email,ZA,252,0,0,0.0
U000597,A,2026-01-06,desktop,paid_search,ZA,151,0,0,0.0
U000598,B,2026-01-08,mobile,email,ZA,518,0,0,0.0
U000599,A,2025-12-27,desktop,organic,ZA,500,0,0,0.0
U000600,B,2025-12-05,mobile,referral,GB,651,0,0,0.0
U000601,A,2025-12-16,mobile,email,DE,541,0,0,0.0
U000602,B,2026-01-08,mobile,email,FR,165,1,0,0.0
U000603,B,2026-01-26,tablet,paid_search,GB,185,0,0,0.0
U000604,A,2025-12-19,mobile,social,FR,283,0,0,0.0
U000605,B,2026-01-14,mobile,organic,NL,482,1,0,0.0
U000606,A,2026-01-07,tablet,email,ZA,562,1,0,0.0
U000607,B,2026-01-27,mobile,paid_search,ZA,724,0,0,0.0
U000608,A,2025-12-29,desktop,organic,FR,651,0,0,0.0
U000609,A,2026-01-19,mobile,organic,NL,173,0,0,0.0
U000610,B,2025-12-04,mobile,organic,FR,476,0,0,0.0
U000611,B,2025-12-13,mobile,email,ZA,632,0,1,191.54
U000612,A,2026-01-07,desktop,paid_search,GB,761,0,0,0.0
U000613,B,2026-01-05,desktop,organic,ZA,189,0,0,0.0
U000614,A,2026-01-06,desktop,organic,ES,113,0,0,0.0
U000615,B,2026-01-09,desktop,email,DE,745,0,0,0.0
U000616,A,2026-01-19,mobile,organic,GB,89,0,0,0.0
U000617,A,2025-12-31,mobile,email,ZA,651,0,0,0.0
U000618,B,2025-12-07,mobile,referral,GB,109,0,0,0.0
U000619,B,2026-01-15,mobile,paid_search,ZA,651,0,0,0.0
U000620,A,2026-01-06,mobile,email,GB,322,0,0,0.0
U000621,A,2025-12-08,mobile,email,ZA,350,0,0,0.0
U000622,A,2026-01-05,desktop,organic,DE,370,0,0,0.0
U000623,B,2025-12-21,desktop,organic,ZA,527,0,1,56.1
U000624,A,2025-12-22,tablet,paid_search,GB,133,0,0,0.0
U000625,B,2026-01-27,mobile,social,GB,44,0,0,0.0
U000626,A,2026-01-04,mobile,paid_search,ZA,410,0,0,0.0
U000627,A,2025-12-25,desktop,social,DE,513,1,0,0.0
U000628,A,2026-01-24,mobile,organic,GB,528,0,0,0.0
U000629,B,2025-12-20,mobile,organic,ZA,58,0,0,0.0
U000630,A,2025-12-02,desktop,social,ZA,435,0,0,0.0
U000631,B,2025-12-07,desktop,referral,DE,211,0,0,0.0
U000632,B,2026-01-03,mobile,organic,ZA,628,0,0,0.0
U000633,B,2025-12-07,mobile,email,ZA,748,0,0,0.0
U000634,A,2025-12-13,mobile,paid_search,FR,194,0,0,0.0
U000635,A,2026-01-09,mobile,organic,DE,582,0,0,0.0
U000636,B,2025-12-19,mobile,organic,ZA,366,0,1,26.61
U000637,B,2025-12-04,mobile,organic,GB,203,0,0,0.0
U000638,B,2026-01-14,desktop,paid_search,ZA,350,0,0,0.0
U000639,A,2025-12-09,mobile,social,FR,90,0,0,0.0
U000640,B,2025-12-31,mobile,organic,NL,651,0,0,0.0
U000641,A,2026-01-28,desktop,social,NL,486,1,1,104.31
U000642,B,2025-12-19,desktop,paid_search,ZA,239,0,0,0.0
U000643,B,2026-01-04,mobile,paid_search,ZA,359,1,0,0.0
U000644,A,2025-12-14,desktop,paid_search,FR,630,0,0,0.0
U000645,B,2025-12-05,desktop,email,NL,358,0,0,0.0
U000646,B,2025-12-12,mobile,paid_search,DE,698,0,0,0.0
U000647,A,2025-12-14,desktop,social,ES,719,0,0,0.0
U000648,A,2026-01-09,mobile,organic,DE,344,0,0,0.0
U000649,B,2026-01-28,tablet,paid_search,ES,450,1,0,0.0
U000650,A,2025-12-09,desktop,organic,ES,104,0,0,0.0
U000651,A,2026-01-25,mobile,organic,GB,624,0,0,0.0
U000652,A,2025-12-25,mobile,organic,ZA,162,0,0,0.0
U000653,B,2026-01-23,mobile,organic,NL,148,0,0,0.0
U000654,A,2026-01-16,desktop,email,ES,256,0,0,0.0
U000655,A,2026-01-20,desktop,referral,DE,580,0,0,0.0
U000656,A,2025-12-15,mobile,paid_search,DE,346,0,0,0.0
U000657,B,2025-12-03,tablet,paid_search,FR,269,0,1,155.16
U000658,B,2026-01-24,tablet,email,GB,255,1,0,0.0
U000659,B,2026-01-12,mobile,email,FR,457,1,0,0.0
U000660,B,2025-12-31,mobile,social,DE,333,0,0,0.0
U000661,A,2025-12-11,mobile,referral,FR,597,0,0,0.0
U000662,B,2026-01-06,mobile,referral,NL,659,1,0,0.0
U000663,A,2025-12-05,desktop,organic,ZA,372,0,1,40.88
U000664,A,2026-01-07,desktop,email,GB,391,0,0,0.0
U000665,B,2025-12-03,mobile,organic,ZA,177,0,0,0.0
U000666,A,2025-12-25,mobile,paid_search,DE,328,0,0,0.0
U000667,B,2026-01-18,desktop,organic,GB,575,0,0,0.0
U000668,B,2025-12-15,mobile,email,GB,275,0,1,200.01
U000669,A,2026-01-13,mobile,paid_search,ES,207,0,0,0.0
U000670,A,2026-01-28,desktop,organic,ZA,182,0,0,0.0
U000671,B,2026-01-17,mobile,email,FR,635,0,0,0.0
U000672,A,2025-12-01,desktop,social,ZA,130,0,0,0.0
U000673,B,2025-12-17,mobile,organic,ZA,628,0,0,0.0
U000674,B,2026-01-10,mobile,referral,ZA,639,1,0,0.0
U000675,B,2026-01-06,desktop,organic,ZA,270,0,0,0.0
U000676,A,2025-12-30,tablet,organic,GB,377,0,0,0.0
U000677,B,2025-12-25,mobile,referral,ZA,291,0,0,0.0
U000678,B,2025-12-13,desktop,organic,GB,266,0,0,0.0
U000679,B,2026-01-28,mobile,organic,ZA,92,0,0,0.0
U000680,A,2026-01-27,mobile,email,ZA,183,0,0,0.0
U000681,A,2025-12-26,mobile,paid_search,ES,603,0,0,0.0
U000682,B,2026-01-20,mobile,organic,GB,513,1,0,0.0
U000683,B,2025-12-22,desktop,paid_search,DE,789,0,0,0.0
U000684,A,2025-12-30,desktop,organic,ZA,622,0,0,0.0
U000685,A,2025-12-25,desktop,email,GB,312,0,0,0.0
U000686,A,2026-01-16,tablet,organic,GB,602,0,0,0.0
U000687,B,2025-12-02,mobile,organic,FR,63,0,0,0.0
U000688,B,2026-01-03,mobile,email,NL,306,0,0,0.0
U000689,A,2025-12-10,mobile,organic,ES,653,1,0,0.0
U000690,A,2025-12-12,desktop,social,NL,198,0,0,0.0
U000691,B,2025-12-07,mobile,paid_search,DE,129,0,0,0.0
U000692,B,2026-01-13,mobile,organic,DE,578,1,0,0.0
U000693,B,2026-01-18,mobile,organic,ZA,300,0,0,0.0
U000694,B,2026-01-05,mobile,organic,DE,156,1,0,0.0
U000695,B,2026-01-19,mobile,social,ZA,16,0,0,0.0
U000696,B,2025-12-19,mobile,social,FR,136,0,0,0.0
U000697,A,2025-12-16,tablet,paid_search,ZA,336,0,0,0.0
U000698,B,2025-12-23,mobile,paid_search,ZA,594,0,0,0.0
U000699,B,2026-01-02,mobile,email,DE,349,1,0,0.0
U000700,B,2026-01-28,mobile,organic,DE,64,1,0,0.0
U000701,A,2025-12-17,mobile,social,FR,58,0,0,0.0
U000702,A,2026-01-20,mobile,paid_search,ZA,336,0,0,0.0
U000703,A,2026-01-13,desktop,organic,ZA,295,0,0,0.0
U000704,A,2026-01-27,mobile,paid_search,GB,504,0,0,0.0
U000705,A,2025-12-24,mobile,email,DE,361,0,1,122.09
U000706,A,2025-12-08,desktop,paid_search,ZA,486,0,0,0.0
U000707,B,2026-01-09,desktop,paid_search,DE,368,0,0,0.0
U000708,B,2026-01-07,mobile,paid_search,ZA,509,0,0,0.0
U000709,A,2026-01-29,mobile,organic,DE,25,0,0,0.0
U000710,B,2026-01-16,desktop,organic,DE,629,0,0,0.0
U000711,A,2026-01-05,desktop,email,GB,374,0,0,0.0
U000712,A,2025-12-31,desktop,organic,GB,708,1,0,0.0
U000713,B,2026-01-25,desktop,organic,NL,750,0,1,140.4
U000714,A,2026-01-14,mobile,organic,GB,296,0,0,0.0
U000715,B,2025-12-14,desktop,organic,NL,171,0,0,0.0
U000716,B,2025-12-08,mobile,paid_search,ZA,437,0,0,0.0
U000717,B,2026-01-19,mobile,referral,ZA,136,0,0,0.0
U000718,B,2026-01-25,tablet,organic,FR,280,0,0,0.0
U000719,B,2025-12-18,mobile,organic,GB,533,0,0,0.0
U000720,B,2026-01-13,desktop,social,GB,446,0,0,0.0
U000721,A,2026-01-27,mobile,referral,ZA,188,0,0,0.0
U000722,A,2026-01-25,mobile,referral,ZA,446,0,0,0.0
U000723,A,2025-12-23,mobile,email,ZA,261,1,0,0.0
U000724,B,2026-01-03,desktop,paid_search,ZA,834,0,0,0.0
U000725,B,2025-12-29,mobile,paid_search,NL,374,0,0,0.0
U000726,A,2025-12-19,desktop,organic,GB,537,0,0,0.0
U000727,B,2025-12-12,tablet,social,FR,192,0,0,0.0
U000728,B,2025-12-29,mobile,organic,DE,55,0,0,0.0
U000729,A,2025-12-29,mobile,organic,ZA,45,0,0,0.0
U000730,A,2025-12-30,tablet,organic,ES,621,0,0,0.0
U000731,A,2025-12-19,tablet,email,ES,320,0,0,0.0
U000732,A,2025-12-03,mobile,paid_search,ZA,530,0,0,0.0
U000733,A,2025-12-04,desktop,organic,GB,359,1,0,0.0
U000734,A,2026-01-12,tablet,referral,GB,552,0,0,0.0
U000735,A,2026-01-12,mobile,organic,NL,398,0,1,75.19
U000736,A,2025-12-29,desktop,organic,FR,557,0,0,0.0
U000737,B,2026-01-27,mobile,social,ZA,583,1,0,0.0
U000738,A,2026-01-25,mobile,organic,ES,624,0,0,0.0
U000739,A,2026-01-28,mobile,organic,GB,601,0,0,0.0
U000740,A,2025-12-25,mobile,paid_search,NL,423,0,0,0.0
U000741,A,2025-12-02,desktop,organic,ZA,786,0,0,0.0
U000742,B,2025-12-27,mobile,social,DE,42,0,0,0.0
U000743,B,2026-01-08,desktop,paid_search,DE,501,0,0,0.0
U000744,A,2026-01-02,desktop,organic,ZA,652,1,0,0.0
U000745,B,2025-12-23,mobile,organic,GB,384,1,0,0.0
U000746,B,2025-12-05,mobile,email,ZA,232,0,0,0.0
U000747,B,2026-01-22,desktop,social,ZA,483,0,0,0.0
U000748,A,2026-01-03,mobile,email,GB,239,0,0,0.0
U000749,B,2026-01-20,desktop,paid_search,NL,746,0,0,0.0
U000750,A,2026-01-28,mobile,social,ES,489,0,0,0.0
U000751,B,2026-01-26,tablet,paid_search,ES,265,0,0,0.0
U000752,A,2026-01-14,mobile,organic,ZA,153,0,0,0.0
U000753,B,2025-12-08,mobile,email,FR,128,1,0,0.0
U000754,B,2025-12-04,mobile,social,ZA,328,0,0,0.0
U000755,B,2025-12-14,mobile,organic,DE,49,1,0,0.0
U000756,B,2026-01-30,mobile,organic,NL,647,0,0,0.0
U000757,A,2026-01-07,desktop,paid_search,FR,447,1,0,0.0
U000758,B,2026-01-28,mobile,email,GB,686,0,0,0.0
U000759,A,2025-12-23,tablet,paid_search,GB,501,1,1,43.83
U000760,B,2026-01-15,mobile,email,ZA,579,0,0,0.0
U000761,B,2026-01-13,tablet,paid_search,DE,413,0,0,0.0
U000762,B,2026-01-30,desktop,organic,ES,639,1,0,0.0
U000763,B,2025-12-06,mobile,paid_search,FR,165,1,0,0.0
U000764,A,2026-01-08,desktop,paid_search,ZA,602,0,0,0.0
U000765,B,2026-01-18,desktop,email,GB,739,0,0,0.0
U000766,B,2025-12-10,desktop,organic,ZA,588,0,0,0.0
U000767,A,2025-12-04,desktop,paid_search,ZA,378,0,0,0.0
U000768,B,2025-12-07,desktop,email,GB,678,0,0,0.0
U000769,B,2026-01-04,mobile,social,DE,25,0,0,0.0
U000770,A,2026-01-24,mobile,paid_search,ZA,648,0,0,0.0
U000771,A,2025-12-20,desktop,paid_search,ZA,729,0,0,0.0
U000772,B,2025-12-11,mobile,paid_search,GB,504,0,0,0.0
U000773,A,2025-12-04,mobile,organic,NL,377,0,0,0.0
U000774,B,2026-01-10,mobile,organic,ZA,385,0,1,63.8
U000775,A,2025-12-20,mobile,social,ZA,325,0,1,72.18
U000776,A,2026-01-25,mobile,paid_search,GB,120,0,0,0.0
U000777,A,2025-12-25,mobile,organic,GB,230,0,0,0.0
U000778,B,2025-12-22,mobile,organic,ES,226,0,0,0.0
U000779,B,2026-01-23,desktop,organic,ZA,427,0,0,0.0
U000780,B,2025-12-06,desktop,paid_search,DE,429,0,0,0.0
U000781,A,2026-01-20,mobile,social,GB,300,0,0,0.0
U000782,A,2025-12-17,desktop,paid_search,FR,336,0,0,0.0
U000783,B,2025-12-14,desktop,social,ES,352,0,0,0.0
U000784,B,2026-01-29,mobile,email,GB,492,1,1,154.02
U000785,A,2025-12-28,mobile,social,ES,656,0,0,0.0
U000786,A,2025-12-11,mobile,paid_search,GB,175,0,0,0.0
U000787,B,2025-12-30,mobile,referral,GB,57,0,0,0.0
U000788,A,2026-01-20,desktop,email,ZA,287,0,1,194.17
U000789,A,2025-12-20,desktop,social,GB,467,0,0,0.0
U000790,A,2025-12-08,mobile,paid_search,ZA,794,0,0,0.0
U000791,A,2026-01-26,mobile,paid_search,FR,402,0,0,0.0
U000792,B,2026-01-17,mobile,paid_search,ZA,246,0,0,0.0
U000793,A,2026-01-07,mobile,paid_search,FR,195,0,0,0.0
U000794,A,2025-12-18,desktop,referral,GB,465,1,0,0.0
U000795,B,2026-01-23,desktop,social,ZA,349,0,0,0.0
U000796,B,2026-01-27,desktop,organic,NL,552,1,0,0.0
U000797,B,2026-01-28,mobile,organic,NL,261,0,0,0.0
U000798,A,2025-12-29,desktop,social,FR,499,0,0,0.0
U000799,B,2025-12-31,desktop,referral,ZA,494,0,0,0.0
U000800,B,2025-12-23,mobile,email,DE,452,0,0,0.0
U000801,B,2025-12-12,desktop,social,ZA,528,0,0,0.0
U000802,A,2025-12-16,mobile,referral,NL,153,0,0,0.0
U000803,B,2025-12-21,mobile,social,ZA,160,0,0,0.0
U000804,A,2025-12-27,mobile,paid_search,GB,652,1,1,114.83
U000805,B,2025-12-15,desktop,referral,ZA,228,0,0,0.0
U000806,A,2025-12-06,tablet,organic,DE,77,0,0,0.0
U000807,A,2026-01-13,mobile,organic,ZA,292,0,0,0.0
U000808,A,2026-01-24,mobile,organic,NL,213,0,0,0.0
U000809,A,2025-12-19,tablet,organic,GB,307,0,0,0.0
U000810,A,2025-12-31,mobile,organic,FR,237,0,0,0.0
U000811,B,2025-12-17,mobile,paid_search,ZA,340,0,0,0.0
U000812,B,2026-01-21,mobile,email,ZA,383,0,0,0.0
U000813,A,2025-12-24,mobile,social,ZA,187,0,0,0.0
U000814,A,2025-12-30,mobile,organic,DE,165,0,0,0.0
U000815,B,2026-01-01,desktop,social,FR,505,0,0,0.0
U000816,A,2025-12-21,mobile,organic,FR,523,0,0,0.0
U000817,B,2026-01-12,desktop,paid_search,ZA,177,1,0,0.0
U000818,B,2025-12-28,mobile,social,GB,450,0,0,0.0
U000819,A,2025-12-08,desktop,social,ZA,168,0,0,0.0
U000820,B,2025-12-18,mobile,email,ZA,131,0,0,0.0
U000821,B,2025-12-16,desktop,email,NL,239,0,0,0.0
U000822,A,2026-01-29,tablet,social,ZA,114,0,0,0.0
U000823,B,2025-12-01,mobile,organic,DE,483,0,0,0.0
U000824,B,2026-01-21,mobile,organic,ZA,679,0,0,0.0
U000825,B,2026-01-05,tablet,paid_search,GB,287,1,0,0.0
U000826,A,2026-01-19,mobile,email,ES,232,0,0,0.0
U000827,B,2026-01-28,mobile,email,ZA,205,0,0,0.0
U000828,B,2025-12-31,mobile,paid_search,ZA,519,0,0,0.0
U000829,A,2025-12-03,mobile,referral,DE,683,0,0,0.0
U000830,A,2026-01-10,desktop,organic,GB,192,0,0,0.0
U000831,B,2025-12-20,desktop,paid_search,ZA,197,0,0,0.0
U000832,B,2025-12-27,mobile,email,DE,364,0,1,119.45
U000833,A,2026-01-12,mobile,social,NL,61,0,0,0.0
U000834,A,2026-01-16,mobile,email,DE,374,0,0,0.0
U000835,A,2025-12-12,mobile,referral,ZA,128,0,1,83.19
U000836,A,2026-01-11,mobile,email,NL,768,0,0,0.0
U000837,B,2025-12-24,desktop,referral,DE,370,1,1,44.21
U000838,A,2025-12-13,desktop,organic,DE,745,0,0,0.0
U000839,B,2025-12-13,mobile,email,ZA,494,1,0,0.0
U000840,B,2025-12-29,tablet,paid_search,NL,692,0,0,0.0
U000841,A,2025-12-22,mobile,email,FR,548,0,0,0.0
U000842,B,2025-12-19,mobile,paid_search,GB,728,0,1,26.13
U000843,B,2026-01-05,mobile,social,GB,497,0,0,0.0
U000844,A,2026-01-14,mobile,organic,FR,500,0,0,0.0
U000845,A,2026-01-28,desktop,referral,NL,781,1,0,0.0
U000846,B,2025-12-27,desktop,email,FR,672,1,0,0.0
U000847,A,2025-12-31,mobile,organic,DE,123,0,0,0.0
U000848,A,2025-12-16,mobile,organic,ZA,287,0,0,0.0
U000849,B,2026-01-27,mobile,social,ZA,97,0,0,0.0
U000850,A,2025-12-22,desktop,email,FR,713,0,0,0.0
U000851,B,2025-12-07,desktop,referral,GB,532,0,0,0.0
U000852,B,2026-01-24,tablet,social,ZA,167,0,0,0.0
U000853,A,2026-01-16,mobile,paid_search,GB,160,0,0,0.0
U000854,A,2026-01-24,mobile,referral,FR,26,0,0,0.0
U000855,A,2026-01-02,mobile,organic,FR,444,0,0,0.0
U000856,A,2026-01-18,mobile,social,ZA,433,0,0,0.0
U000857,B,2026-01-03,desktop,organic,ZA,200,0,0,0.0
U000858,A,2025-12-22,mobile,referral,ZA,82,0,0,0.0
U000859,B,2025-12-10,desktop,organic,DE,792,0,0,0.0
U000860,B,2026-01-14,mobile,organic,FR,372,1,0,0.0
U000861,B,2026-01-28,mobile,paid_search,DE,676,0,0,0.0
U000862,B,2026-01-26,desktop,email,FR,412,0,0,0.0
U000863,B,2026-01-26,mobile,referral,ZA,115,0,0,0.0
U000864,A,2026-01-10,mobile,organic,FR,626,0,0,0.0
U000865,A,2025-12-28,tablet,organic,ZA,427,0,0,0.0
U000866,A,2026-01-11,tablet,paid_search,DE,134,0,0,0.0
U000867,B,2026-01-06,desktop,referral,DE,688,0,0,0.0
U000868,B,2026-01-15,mobile,organic,GB,273,1,0,0.0
U000869,A,2026-01-19,mobile,organic,FR,441,1,1,162.16
U000870,A,2025-12-29,mobile,email,GB,698,0,0,0.0
U000871,B,2026-01-10,mobile,paid_search,ES,594,0,0,0.0
U000872,A,2026-01-15,mobile,referral,GB,561,1,0,0.0
U000873,A,2026-01-17,mobile,paid_search,ES,238,0,0,0.0
U000874,A,2025-12-19,mobile,organic,GB,403,0,0,0.0
U000875,B,2025-12-10,desktop,paid_search,ES,445,1,0,0.0
U000876,A,2026-01-05,mobile,social,GB,587,0,0,0.0
U000877,B,2025-12-31,desktop,social,ZA,240,0,0,0.0
U000878,A,2026-01-25,desktop,organic,DE,740,0,0,0.0
U000879,A,2025-12-03,tablet,social,FR,696,0,0,0.0
U000880,B,2026-01-15,mobile,email,DE,171,0,0,0.0
U000881,B,2026-01-06,mobile,email,GB,94,0,0,0.0
U000882,B,2025-12-18,desktop,organic,FR,699,1,0,0.0
U000883,A,2026-01-07,mobile,social,ZA,456,0,0,0.0
U000884,A,2025-12-17,mobile,referral,DE,312,0,0,0.0
U000885,A,2025-12-20,tablet,email,ZA,427,0,0,0.0
U000886,A,2025-12-10,mobile,organic,GB,143,1,0,0.0
U000887,B,2025-12-16,mobile,email,GB,211,1,0,0.0
U000888,A,2025-12-31,mobile,email,ES,113,0,0,0.0
U000889,A,2026-01-18,mobile,social,ZA,408,1,0,0.0
U000890,A,2025-12-10,mobile,referral,FR,570,0,0,0.0
U000891,B,2025-12-03,mobile,paid_search,NL,357,1,0,0.0
U000892,A,2026-01-08,mobile,email,ES,734,0,0,0.0
U000893,A,2026-01-17,mobile,organic,ZA,145,0,0,0.0
U000894,B,2026-01-26,mobile,paid_search,ES,408,0,0,0.0
U000895,B,2025-12-18,mobile,referral,ZA,490,0,0,0.0
U000896,B,2025-12-09,desktop,organic,GB,145,0,0,0.0
U000897,B,2026-01-01,desktop,paid_search,FR,811,1,0,0.0
U000898,B,2026-01-13,mobile,referral,GB,635,0,0,0.0
U000899,B,2026-01-14,tablet,organic,GB,255,1,0,0.0
U000900,B,2026-01-13,tablet,organic,ZA,698,0,0,0.0
U000901,A,2026-01-01,tablet,organic,GB,663,1,0,0.0
U000902,B,2025-12-08,desktop,paid_search,GB,743,0,0,0.0
U000903,B,2025-12-12,mobile,organic,ZA,285,0,0,0.0
U000904,B,2026-01-16,desktop,organic,DE,673,0,0,0.0
U000905,A,2026-01-30,mobile,email,DE,445,0,0,0.0
U000906,A,2026-01-03,mobile,organic,FR,249,1,0,0.0
U000907,B,2025-12-21,mobile,organic,ZA,605,0,0,0.0
U000908,A,2026-01-14,mobile,organic,ZA,188,0,0,0.0
U000909,B,2025-12-02,mobile,social,DE,640,0,0,0.0
U000910,A,2025-12-22,desktop,social,GB,364,0,0,0.0
U000911,B,2026-01-07,mobile,referral,ES,406,0,0,0.0
U000912,A,2025-12-09,mobile,social,ZA,605,0,0,0.0
U000913,A,2025-12-04,mobile,paid_search,ZA,489,0,0,0.0
U000914,B,2025-12-30,mobile,social,NL,648,0,0,0.0
U000915,B,2025-12-30,mobile,paid_search,ZA,128,0,0,0.0
U000916,B,2026-01-27,mobile,email,ZA,552,0,0,0.0
U000917,A,2026-01-21,mobile,organic,DE,545,0,0,0.0
U000918,A,2026-01-26,mobile,organic,GB,637,0,0,0.0
U000919,A,2026-01-07,desktop,organic,ZA,628,0,0,0.0
U000920,A,2026-01-28,mobile,organic,ZA,507,0,0,0.0
U000921,B,2025-12-22,desktop,paid_search,ZA,471,1,0,0.0
U000922,B,2025-12-03,mobile,social,DE,226,0,0,0.0
U000923,B,2026-01-30,desktop,social,GB,448,0,1,28.93
U000924,A,2025-12-19,mobile,email,ES,433,0,0,0.0
U000925,A,2025-12-15,desktop,email,ZA,710,1,1,73.52
U000926,A,2026-01-23,desktop,organic,FR,206,0,0,0.0
U000927,A,2026-01-21,mobile,organic,GB,658,0,0,0.0
U000928,A,2025-12-10,desktop,organic,ZA,643,0,0,0.0
U000929,A,2026-01-10,mobile,organic,DE,213,0,0,0.0
U000930,A,2025-12-16,mobile,social,NL,503,0,0,0.0
U000931,A,2025-12-31,desktop,paid_search,ZA,579,0,0,0.0
U000932,A,2025-12-24,mobile,paid_search,ES,559,0,0,0.0
U000933,B,2026-01-11,mobile,organic,ZA,260,0,0,0.0
U000934,B,2026-01-06,mobile,social,ZA,98,0,0,0.0
U000935,B,2025-12-15,mobile,paid_search,DE,533,0,0,0.0
U000936,B,2025-12-21,mobile,organic,GB,291,0,0,0.0
U000937,A,2026-01-23,mobile,paid_search,ZA,352,1,1,27.43
U000938,A,2025-12-13,desktop,organic,FR,355,0,0,0.0
U000939,B,2026-01-18,desktop,paid_search,ZA,456,0,0,0.0
U000940,A,2026-01-07,desktop,organic,DE,252,0,0,0.0
U000941,A,2025-12-15,mobile,social,FR,471,0,0,0.0
U000942,A,2026-01-19,tablet,paid_search,GB,647,1,0,0.0
U000943,A,2026-01-17,mobile,social,NL,353,0,0,0.0
U000944,A,2026-01-19,desktop,organic,DE,635,0,0,0.0
U000945,B,2025-12-22,mobile,social,ES,582,0,0,0.0
U000946,A,2026-01-04,mobile,paid_search,ZA,540,1,1,113.89
U000947,A,2026-01-14,desktop,organic,ZA,481,0,0,0.0
U000948,B,2025-12-30,mobile,paid_search,ZA,510,1,1,120.01
U000949,A,2025-12-05,mobile,social,ZA,211,0,0,0.0
U000950,A,2026-01-08,mobile,organic,ZA,489,0,1,42.83
U000951,A,2025-12-26,desktop,organic,ZA,694,0,0,0.0
U000952,B,2025-12-19,desktop,social,ZA,407,0,0,0.0
U000953,A,2025-12-12,desktop,email,GB,876,0,0,0.0
U000954,B,2025-12-16,desktop,organic,NL,637,0,1,158.92
U000955,B,2026-01-28,mobile,referral,DE,397,1,1,154.06
U000956,A,2025-12-29,mobile,organic,ZA,47,1,0,0.0
U000957,B,2025-12-25,mobile,paid_search,ZA,79,0,0,0.0
U000958,A,2026-01-12,desktop,paid_search,ZA,718,1,0,0.0
U000959,B,2025-12-11,desktop,paid_search,ZA,315,1,0,0.0
U000960,A,2025-12-18,mobile,organic,ZA,55,0,0,0.0
U000961,A,2025-12-04,desktop,social,DE,768,0,0,0.0
U000962,B,2025-12-04,desktop,email,ES,528,1,0,0.0
U000963,B,2025-12-22,desktop,email,ZA,294,0,1,130.87
U000964,B,2025-12-21,mobile,organic,ZA,574,0,0,0.0
U000965,A,2025-12-07,mobile,organic,GB,343,1,0,0.0
U000966,A,2026-01-12,desktop,email,GB,237,0,0,0.0
U000967,B,2025-12-07,desktop,social,ES,654,0,0,0.0
U000968,B,2026-01-14,mobile,referral,FR,156,0,0,0.0
U000969,B,2025-12-21,tablet,email,ZA,202,0,0,0.0
U000970,B,2026-01-02,mobile,referral,ZA,651,0,0,0.0
U000971,A,2025-12-28,desktop,paid_search,ZA,553,0,0,0.0
U000972,B,2025-12-16,tablet,paid_search,ES,420,0,0,0.0
U000973,A,2026-01-20,tablet,email,ZA,144,0,0,0.0
U000974,A,2026-01-28,desktop,organic,DE,354,0,0,0.0
U000975,A,2026-01-10,mobile,social,ZA,214,0,0,0.0
U000976,A,2025-12-06,mobile,paid_search,FR,279,0,0,0.0
U000977,A,2025-12-11,desktop,organic,ZA,342,0,0,0.0
U000978,B,2025-12-18,desktop,paid_search,ES,536,1,0,0.0
U000979,B,2026-01-17,mobile,organic,ES,513,1,0,0.0
U000980,B,2026-01-18,desktop,organic,DE,638,0,0,0.0
U000981,A,2025-12-25,mobile,paid_search,ZA,545,1,0,0.0
U000982,A,2026-01-02,desktop,organic,GB,525,0,0,0.0
U000983,A,2026-01-11,tablet,organic,NL,181,0,0,0.0
U000984,B,2025-12-17,desktop,email,ZA,759,0,1,104.76
U000985,A,2025-12-16,mobile,organic,NL,666,0,1,126.51
U000986,A,2026-01-08,mobile,email,ZA,750,0,0,0.0
U000987,A,2026-01-19,mobile,email,GB,670,0,0,0.0
U000988,A,2026-01-23,mobile,email,GB,689,0,0,0.0
U000989,B,2026-01-18,desktop,email,ZA,858,0,0,0.0
U000990,A,2026-01-17,mobile,organic,ES,523,1,1,131.41
U000991,B,2026-01-11,mobile,paid_search,ZA,247,0,0,0.0
U000992,B,2025-12-29,mobile,organic,ZA,207,0,0,0.0
U000993,B,2026-01-25,mobile,email,DE,732,1,1,47.46
U000994,A,2025-12-02,mobile,paid_search,DE,144,1,0,0.0
U000995,A,2026-01-07,desktop,organic,ZA,105,0,0,0.0
U000996,B,2026-01-29,mobile,email,DE,451,0,0,0.0
U000997,A,2025-12-16,tablet,email,GB,194,0,1,175.22
U000998,A,2026-01-23,desktop,organic,DE,628,0,0,0.0
U000999,A,2025-12-29,desktop,email,GB,621,1,0,0.0
U001000,B,2025-12-21,mobile,organic,ZA,353,0,0,0.0
U001001,A,2026-01-17,desktop,organic,GB,621,0,0,0.0
U001002,B,2025-12-19,desktop,email,NL,839,1,0,0.0
U001003,A,2026-01-23,desktop,paid_search,NL,313,0,0,0.0
U001004,A,2025-12-11,desktop,email,ZA,629,1,0,0.0
U001005,B,2026-01-19,mobile,email,DE,271,1,0,0.0
U001006,B,2025-12-06,desktop,organic,ZA,715,1,0,0.0
U001007,B,2026-01-17,desktop,paid_search,DE,729,1,1,41.68
U001008,A,2026-01-17,mobile,organic,ES,606,0,0,0.0
U001009,B,2026-01-06,desktop,organic,DE,293,0,0,0.0
U001010,A,2026-01-13,tablet,organic,DE,648,1,1,156.38
U001011,A,2026-01-22,tablet,social,GB,525,0,0,0.0
U001012,B,2026-01-22,desktop,paid_search,ZA,321,0,0,0.0
U001013,A,2025-12-19,desktop,organic,ES,410,0,0,0.0
U001014,B,2026-01-21,mobile,email,ES,305,0,0,0.0
U001015,B,2026-01-28,desktop,referral,DE,449,0,0,0.0
U001016,B,2025-12-26,mobile,email,ZA,348,0,0,0.0
U001017,A,2026-01-18,desktop,social,ZA,415,0,0,0.0
U001018,B,2025-12-19,desktop,organic,NL,333,1,0,0.0
U001019,B,2026-01-13,desktop,social,GB,484,1,0,0.0
U001020,A,2025-12-04,mobile,paid_search,ZA,503,0,0,0.0
U001021,A,2025-12-16,mobile,organic,DE,196,0,0,0.0
U001022,B,2026-01-20,desktop,organic,GB,763,0,0,0.0
U001023,A,2025-12-08,mobile,organic,DE,541,0,0,0.0
U001024,B,2025-12-31,mobile,email,FR,294,0,0,0.0
U001025,A,2026-01-06,mobile,organic,FR,570,0,0,0.0
U001026,A,2026-01-05,desktop,social,DE,156,0,0,0.0
U001027,B,2026-01-18,desktop,referral,NL,311,0,1,106.79
U001028,A,2025-12-03,mobile,organic,ZA,595,0,0,0.0
U001029,A,2025-12-08,mobile,organic,DE,453,0,0,0.0
U001030,A,2025-12-03,tablet,paid_search,FR,820,1,0,0.0
U001031,A,2026-01-28,tablet,organic,DE,250,0,1,25.88
U001032,A,2026-01-24,desktop,referral,DE,346,0,0,0.0
U001033,B,2025-12-05,mobile,organic,DE,187,0,0,0.0
U001034,A,2025-12-28,tablet,organic,ZA,691,0,0,0.0
U001035,A,2025-12-24,mobile,email,GB,280,0,0,0.0
U001036,B,2025-12-25,mobile,paid_search,ZA,235,1,0,0.0
U001037,A,2026-01-10,mobile,social,FR,155,0,0,0.0
U001038,B,2025-12-15,mobile,organic,ES,199,0,0,0.0
U001039,B,2026-01-21,mobile,paid_search,FR,398,0,0,0.0
U001040,A,2025-12-21,tablet,paid_search,ZA,702,0,0,0.0
U001041,B,2025-12-17,mobile,paid_search,ZA,187,0,0,0.0
U001042,A,2026-01-16,desktop,organic,FR,726,0,0,0.0
U001043,B,2026-01-21,mobile,organic,ES,553,0,0,0.0
U001044,B,2025-12-20,desktop,organic,ZA,381,0,1,68.12
U001045,A,2026-01-06,mobile,email,DE,565,0,0,0.0
U001046,B,2026-01-16,mobile,paid_search,DE,600,0,0,0.0
U001047,B,2026-01-17,mobile,paid_search,DE,424,0,0,0.0
U001048,B,2026-01-26,tablet,email,ZA,583,0,0,0.0
U001049,A,2025-12-09,mobile,referral,GB,408,0,0,0.0
U001050,A,2026-01-13,mobile,paid_search,FR,197,0,0,0.0
U001051,A,2026-01-17,desktop,paid_search,ES,797,0,0,0.0
U001052,B,2025-12-04,mobile,paid_search,ZA,415,1,0,0.0
U001053,A,2025-12-23,mobile,paid_search,ZA,646,0,0,0.0
U001054,B,2025-12-01,mobile,email,ZA,511,0,0,0.0
U001055,A,2026-01-21,mobile,referral,DE,469,0,0,0.0
U001056,A,2025-12-23,desktop,email,ZA,403,0,0,0.0
U001057,B,2025-12-11,desktop,referral,ES,337,0,0,0.0
U001058,B,2026-01-15,mobile,email,FR,533,0,0,0.0
U001059,B,2025-12-09,mobile,organic,ZA,179,0,1,139.87
U001060,A,2026-01-23,mobile,referral,FR,464,0,0,0.0
U001061,A,2025-12-28,mobile,organic,GB,275,0,0,0.0
U001062,A,2026-01-14,mobile,social,ZA,93,0,0,0.0
U001063,B,2026-01-10,desktop,organic,ZA,124,0,0,0.0
U001064,A,2026-01-09,mobile,social,GB,538,0,0,0.0
U001065,A,2025-12-28,mobile,paid_search,DE,365,0,0,0.0
U001066,A,2025-12-27,mobile,social,ZA,17,0,0,0.0
U001067,A,2025-12-18,desktop,organic,ZA,599,0,0,0.0
U001068,B,2026-01-13,mobile,social,ZA,353,0,0,0.0
U001069,B,2025-12-14,mobile,organic,ZA,664,0,0,0.0
U001070,B,2026-01-28,desktop,social,ZA,509,0,0,0.0
U001071,A,2025-12-31,tablet,organic,FR,82,0,0,0.0
U001072,A,2026-01-26,desktop,social,DE,439,0,0,0.0
U001073,A,2025-12-31,mobile,referral,GB,42,0,0,0.0
U001074,B,2025-12-19,mobile,paid_search,FR,284,0,0,0.0
U001075,B,2025-12-05,mobile,email,GB,510,0,0,0.0
U001076,A,2026-01-06,mobile,email,NL,643,0,0,0.0
U001077,A,2026-01-24,mobile,email,DE,263,1,0,0.0
U001078,A,2025-12-10,tablet,organic,ZA,97,0,0,0.0
U001079,A,2026-01-11,mobile,paid_search,GB,195,0,0,0.0
U001080,B,2025-12-19,mobile,organic,NL,384,0,0,0.0
U001081,A,2025-12-02,mobile,referral,FR,617,1,0,0.0
U001082,A,2026-01-11,mobile,email,DE,327,0,0,0.0
U001083,B,2026-01-21,desktop,paid_search,GB,579,0,1,60.06
U001084,A,2026-01-25,mobile,paid_search,ES,260,1,0,0.0
U001085,A,2025-12-26,desktop,organic,ZA,517,0,0,0.0
U001086,A,2026-01-16,mobile,email,NL,689,0,1,167.47
U001087,B,2026-01-11,tablet,organic,FR,313,0,0,0.0
U001088,B,2025-12-01,tablet,organic,FR,381,0,0,0.0
U001089,B,2025-12-29,desktop,organic,GB,306,0,0,0.0
U001090,B,2025-12-02,desktop,organic,ZA,626,1,0,0.0
U001091,A,2025-12-28,mobile,organic,ZA,413,0,0,0.0
U001092,B,2026-01-01,mobile,organic,ZA,308,0,0,0.0
U001093,A,2026-01-29,tablet,organic,ZA,195,0,0,0.0
U001094,A,2025-12-28,mobile,email,ZA,397,0,0,0.0
U001095,A,2025-12-24,tablet,social,FR,117,0,0,0.0
U001096,A,2025-12-29,desktop,social,GB,184,0,0,0.0
U001097,A,2025-12-21,tablet,organic,GB,387,0,0,0.0
U001098,A,2026-01-20,desktop,organic,ES,350,0,0,0.0
U001099,B,2026-01-04,mobile,organic,ZA,451,0,0,0.0
U001100,B,2025-12-15,desktop,organic,ZA,113,0,0,0.0
U001101,B,2025-12-04,desktop,organic,NL,229,0,0,0.0
U001102,B,2026-01-29,desktop,organic,NL,124,1,0,0.0
U001103,A,2026-01-16,mobile,referral,GB,128,0,0,0.0
U001104,B,2026-01-25,mobile,organic,ZA,270,1,0,0.0
U001105,B,2025-12-10,desktop,paid_search,ZA,708,0,0,0.0
U001106,B,2026-01-14,mobile,organic,ZA,677,1,0,0.0
U001107,B,2025-12-01,mobile,paid_search,ES,575,0,0,0.0
U001108,B,2025-12-20,desktop,paid_search,ZA,278,0,0,0.0
U001109,A,2026-01-09,mobile,paid_search,NL,689,0,0,0.0
U001110,A,2025-12-21,desktop,paid_search,GB,254,0,0,0.0
U001111,A,2025-12-24,desktop,social,ZA,397,1,0,0.0
U001112,A,2026-01-28,mobile,paid_search,DE,103,0,0,0.0
U001113,B,2026-01-06,tablet,paid_search,ZA,184,0,0,0.0
U001114,B,2026-01-02,mobile,email,FR,281,0,0,0.0
U001115,B,2026-01-02,mobile,social,ZA,597,0,0,0.0
U001116,A,2025-12-11,mobile,paid_search,NL,164,0,0,0.0
U001117,B,2026-01-19,desktop,referral,GB,756,0,0,0.0
U001118,A,2025-12-09,mobile,organic,NL,461,1,0,0.0
U001119,B,2025-12-16,mobile,paid_search,ZA,268,0,0,0.0
U001120,B,2025-12-10,desktop,organic,NL,202,1,0,0.0
U001121,B,2025-12-11,mobile,paid_search,GB,134,0,0,0.0
U001122,B,2025-12-17,desktop,paid_search,ES,330,1,0,0.0
U001123,A,2026-01-24,desktop,email,GB,733,0,0,0.0
U001124,B,2025-12-17,desktop,referral,ZA,716,0,0,0.0
U001125,B,2025-12-01,mobile,organic,GB,603,0,1,88.68
U001126,A,2025-12-06,mobile,paid_search,DE,529,1,0,0.0
U001127,B,2026-01-29,mobile,paid_search,GB,146,0,0,0.0
U001128,A,2026-01-17,mobile,organic,ZA,179,0,0,0.0
U001129,A,2026-01-06,mobile,paid_search,GB,465,0,0,0.0
U001130,A,2025-12-02,tablet,email,ZA,747,1,0,0.0
U001131,A,2026-01-25,desktop,social,GB,310,1,0,0.0
U001132,A,2026-01-18,mobile,organic,ES,513,0,0,0.0
U001133,A,2026-01-14,mobile,social,DE,10,0,0,0.0
U001134,A,2026-01-12,mobile,organic,DE,344,1,0,0.0
U001135,B,2026-01-01,desktop,organic,ES,499,0,1,107.41
U001136,B,2025-12-09,desktop,email,DE,178,0,0,0.0
U001137,A,2025-12-25,mobile,organic,ZA,610,0,0,0.0
U001138,A,2025-12-20,desktop,paid_search,NL,691,0,0,0.0
U001139,B,2026-01-03,tablet,organic,ES,526,0,0,0.0
U001140,A,2025-12-28,mobile,social,DE,427,0,0,0.0
U001141,B,2026-01-24,mobile,organic,NL,111,0,0,0.0
U001142,A,2026-01-01,desktop,email,DE,858,0,1,78.87
U001143,A,2025-12-15,desktop,paid_search,ZA,609,0,0,0.0
U001144,A,2026-01-22,desktop,social,GB,483,0,0,0.0
U001145,A,2026-01-23,desktop,social,DE,32,1,0,0.0
U001146,A,2026-01-22,mobile,email,ZA,307,0,0,0.0
U001147,B,2025-12-13,desktop,paid_search,ZA,731,0,0,0.0
U001148,B,2025-12-26,desktop,paid_search,GB,251,1,0,0.0
U001149,A,2026-01-18,desktop,organic,DE,406,1,1,23.59
U001150,B,2025-12-10,mobile,email,ES,213,0,0,0.0
U001151,A,2025-12-30,desktop,email,ZA,824,1,0,0.0
U001152,B,2026-01-21,desktop,email,DE,399,0,0,0.0
U001153,B,2025-12-07,mobile,referral,ZA,165,0,0,0.0
U001154,A,2026-01-01,desktop,social,ZA,124,0,0,0.0
U001155,B,2025-12-14,desktop,organic,ZA,531,1,1,56.67
U001156,B,2026-01-08,desktop,organic,ZA,466,0,0,0.0
U001157,A,2026-01-03,desktop,referral,ZA,148,1,0,0.0
U001158,A,2026-01-25,mobile,social,ZA,147,0,0,0.0
U001159,A,2025-12-18,mobile,referral,ZA,584,0,0,0.0
U001160,B,2025-12-28,mobile,paid_search,ZA,242,0,0,0.0
U001161,A,2025-12-26,mobile,social,DE,176,0,0,0.0
U001162,B,2025-12-28,mobile,organic,ZA,130,0,0,0.0
U001163,B,2025-12-24,desktop,social,GB,84,0,0,0.0
U001164,B,2026-01-11,tablet,paid_search,GB,210,0,0,0.0
U001165,A,2025-12-14,desktop,organic,FR,176,0,1,78.43
U001166,A,2026-01-20,mobile,organic,ZA,310,0,0,0.0
U001167,A,2025-12-18,desktop,referral,NL,199,0,0,0.0
U001168,B,2025-12-21,desktop,organic,ZA,618,1,0,0.0
U001169,A,2025-12-29,mobile,organic,GB,610,1,1,145.33
U001170,B,2025-12-01,desktop,organic,NL,466,0,0,0.0
U001171,A,2026-01-11,mobile,paid_search,NL,503,0,0,0.0
U001172,A,2026-01-05,desktop,paid_search,ZA,496,0,0,0.0
U001173,A,2025-12-24,tablet,organic,ZA,48,0,0,0.0
U001174,B,2025-12-28,mobile,organic,FR,397,0,0,0.0
U001175,A,2026-01-14,desktop,organic,FR,169,0,0,0.0
U001176,A,2026-01-09,desktop,organic,FR,265,0,0,0.0
U001177,B,2026-01-18,mobile,social,NL,644,0,0,0.0
U001178,A,2025-12-31,desktop,referral,ZA,572,1,0,0.0
U001179,B,2025-12-23,mobile,social,DE,226,1,0,0.0
U001180,A,2026-01-12,mobile,social,ZA,106,0,0,0.0
U001181,B,2026-01-24,mobile,referral,FR,691,1,0,0.0
U001182,B,2025-12-15,desktop,paid_search,GB,795,0,0,0.0
U001183,A,2025-12-11,desktop,referral,DE,172,0,0,0.0
U001184,A,2025-12-02,desktop,organic,ZA,794,0,0,0.0
U001185,B,2025-12-06,mobile,organic,GB,461,0,1,68.7
U001186,A,2026-01-11,mobile,referral,ZA,213,0,0,0.0
U001187,B,2026-01-01,mobile,organic,ZA,274,0,0,0.0
U001188,A,2025-12-03,mobile,organic,DE,302,0,0,0.0
U001189,B,2025-12-26,mobile,organic,NL,294,0,0,0.0
U001190,A,2026-01-10,mobile,paid_search,FR,159,0,0,0.0
U001191,A,2025-12-20,desktop,email,ZA,205,0,0,0.0
U001192,B,2026-01-12,mobile,organic,ZA,290,0,0,0.0
U001193,B,2025-12-01,mobile,referral,DE,520,0,0,0.0
U001194,A,2025-12-02,mobile,referral,NL,557,0,0,0.0
U001195,B,2025-12-07,mobile,email,GB,488,0,0,0.0
U001196,A,2025-12-01,desktop,organic,ZA,664,0,0,0.0
U001197,B,2025-12-08,mobile,paid_search,DE,243,0,0,0.0
U001198,A,2026-01-01,mobile,paid_search,FR,527,0,0,0.0
U001199,B,2025-12-25,desktop,referral,NL,664,0,0,0.0
U001200,A,2026-01-28,desktop,social,GB,499,0,0,0.0
U001201,B,2026-01-23,desktop,paid_search,GB,475,0,0,0.0
U001202,B,2025-12-30,desktop,paid_search,ZA,699,0,1,82.25
U001203,A,2025-12-14,mobile,paid_search,ZA,353,0,0,0.0
U001204,A,2025-12-17,mobile,social,FR,499,0,0,0.0
U001205,A,2026-01-16,mobile,paid_search,ZA,268,0,0,0.0
U001206,B,2026-01-10,mobile,paid_search,ES,345,0,0,0.0
U001207,A,2026-01-26,mobile,paid_search,DE,276,1,0,0.0
U001208,A,2025-12-06,mobile,referral,GB,207,0,0,0.0
U001209,A,2025-12-09,mobile,email,GB,485,0,0,0.0
U001210,B,2025-12-30,mobile,paid_search,ES,482,0,0,0.0
U001211,A,2025-12-16,mobile,organic,DE,599,0,1,155.22
U001212,A,2026-01-12,mobile,social,NL,488,1,0,0.0
U001213,B,2025-12-07,mobile,organic,ZA,513,0,0,0.0
U001214,A,2026-01-07,desktop,email,ZA,383,0,0,0.0
U001215,A,2026-01-27,desktop,social,ZA,430,0,0,0.0
U001216,A,2025-12-10,desktop,organic,ZA,272,0,0,0.0
U001217,A,2025-12-04,tablet,organic,GB,233,0,0,0.0
U001218,B,2026-01-13,mobile,email,ZA,290,1,1,165.29
U001219,A,2026-01-02,desktop,paid_search,GB,488,1,0,0.0
U001220,A,2025-12-18,mobile,email,ZA,540,1,0,0.0
U001221,A,2025-12-25,mobile,organic,DE,692,0,1,165.13
U001222,B,2025-12-30,desktop,paid_search,ZA,341,0,0,0.0
U001223,A,2026-01-15,mobile,paid_search,ZA,240,0,0,0.0
U001224,A,2026-01-24,desktop,organic,FR,410,1,0,0.0
U001225,A,2025-12-31,desktop,organic,FR,653,0,0,0.0
U001226,A,2026-01-07,mobile,paid_search,GB,89,0,0,0.0
U001227,A,2025-12-07,mobile,email,ZA,395,0,0,0.0
U001228,A,2026-01-27,desktop,email,GB,535,0,0,0.0
U001229,B,2025-12-05,mobile,organic,DE,50,0,0,0.0
U001230,B,2025-12-25,mobile,email,DE,292,0,0,0.0
U001231,A,2026-01-17,mobile,social,NL,211,0,0,0.0
U001232,B,2025-12-14,mobile,organic,ZA,437,0,0,0.0
U001233,A,2026-01-13,desktop,social,DE,572,0,0,0.0
U001234,A,2026-01-09,desktop,social,NL,552,0,0,0.0
U001235,A,2026-01-20,mobile,organic,GB,72,0,0,0.0
U001236,A,2026-01-30,mobile,social,GB,382,0,0,0.0
U001237,A,2026-01-04,mobile,social,ES,513,0,0,0.0
U001238,B,2025-12-08,mobile,referral,ES,688,1,0,0.0
U001239,A,2025-12-22,desktop,organic,ZA,471,0,1,106.89
U001240,B,2026-01-06,desktop,email,FR,179,0,0,0.0
U001241,B,2025-12-06,desktop,paid_search,ZA,129,0,0,0.0
U001242,A,2025-12-31,mobile,social,ES,38,1,0,0.0
U001243,A,2026-01-08,desktop,email,FR,722,0,0,0.0
U001244,A,2026-01-14,mobile,organic,GB,650,0,0,0.0
U001245,A,2025-12-28,desktop,organic,ZA,89,0,0,0.0
U001246,B,2026-01-04,mobile,referral,ZA,275,0,0,0.0
U001247,A,2025-12-12,mobile,organic,DE,270,0,0,0.0
U001248,A,2026-01-12,mobile,organic,ZA,576,0,0,0.0
U001249,B,2026-01-27,desktop,organic,FR,495,0,0,0.0
U001250,B,2025-12-18,mobile,paid_search,ZA,446,0,0,0.0
U001251,A,2025-12-14,desktop,social,GB,353,1,0,0.0
U001252,B,2025-12-03,tablet,email,DE,549,0,1,76.6
U001253,A,2026-01-22,tablet,organic,NL,454,1,0,0.0
U001254,A,2025-12-15,mobile,organic,GB,73,0,0,0.0
U001255,B,2026-01-29,mobile,paid_search,NL,383,0,1,154.37
U001256,B,2026-01-25,mobile,email,FR,131,0,0,0.0
U001257,B,2025-12-19,desktop,referral,GB,708,0,0,0.0
U001258,B,2025-12-30,desktop,referral,ZA,100,0,0,0.0
U001259,A,2025-12-16,desktop,organic,DE,167,0,0,0.0
U001260,A,2026-01-11,desktop,paid_search,ZA,726,0,0,0.0
U001261,A,2025-12-01,mobile,referral,GB,589,0,0,0.0
U001262,B,2025-12-18,desktop,paid_search,ES,577,0,0,0.0
U001263,B,2025-12-09,mobile,organic,NL,691,1,1,28.25
U001264,B,2026-01-25,mobile,organic,DE,253,1,0,0.0
U001265,A,2025-12-17,mobile,social,NL,571,0,0,0.0
U001266,A,2025-12-29,mobile,organic,ZA,604,0,0,0.0
U001267,A,2026-01-11,mobile,organic,ZA,641,0,0,0.0
U001268,A,2026-01-11,mobile,referral,ZA,51,0,0,0.0
U001269,B,2026-01-28,mobile,organic,ZA,340,0,0,0.0
U001270,B,2026-01-07,desktop,referral,GB,650,0,0,0.0
U001271,B,2026-01-11,mobile,organic,ES,249,0,0,0.0
U001272,B,2026-01-16,mobile,email,NL,606,0,0,0.0
U001273,B,2025-12-21,mobile,social,ZA,248,0,0,0.0
U001274,A,2025-12-30,mobile,referral,FR,475,0,0,0.0
U001275,A,2025-12-23,mobile,organic,GB,515,0,0,0.0
U001276,A,2026-01-06,desktop,referral,ES,352,0,0,0.0
U001277,B,2026-01-20,mobile,organic,ZA,451,0,0,0.0
U001278,A,2026-01-26,desktop,social,NL,70,0,0,0.0
U001279,B,2025-12-31,desktop,organic,ZA,494,0,0,0.0
U001280,A,2026-01-25,mobile,paid_search,GB,221,0,0,0.0
U001281,A,2025-12-22,desktop,social,DE,680,1,0,0.0
U001282,B,2026-01-28,mobile,paid_search,NL,397,0,0,0.0
U001283,B,2026-01-07,desktop,referral,ZA,132,0,0,0.0
U001284,A,2025-12-21,mobile,paid_search,DE,168,0,0,0.0
U001285,B,2026-01-27,mobile,paid_search,ES,373,0,0,0.0
U001286,B,2025-12-03,desktop,email,ES,426,0,0,0.0
U001287,A,2025-12-23,mobile,organic,ZA,469,0,0,0.0
U001288,B,2025-12-17,tablet,email,ES,379,1,0,0.0
U001289,B,2025-12-02,mobile,organic,NL,570,0,1,165.46
U001290,A,2025-12-14,mobile,referral,GB,475,0,0,0.0
U001291,A,2025-12-08,desktop,social,ZA,494,1,1,69.72
U001292,B,2025-12-23,desktop,email,ZA,227,0,0,0.0
U001293,B,2026-01-02,desktop,organic,DE,144,1,0,0.0
U001294,B,2025-12-13,desktop,email,NL,287,1,1,102.89
U001295,B,2026-01-13,mobile,paid_search,GB,294,0,0,0.0
U001296,B,2026-01-30,mobile,email,ZA,512,0,0,0.0
U001297,B,2025-12-03,mobile,organic,GB,617,0,0,0.0
U001298,B,2025-12-12,desktop,social,NL,595,0,0,0.0
U001299,A,2025-12-07,mobile,referral,NL,314,0,0,0.0
U001300,A,2025-12-28,mobile,paid_search,ZA,200,0,0,0.0
U001301,B,2025-12-31,desktop,social,DE,326,0,0,0.0
U001302,B,2025-12-27,mobile,email,ZA,437,0,0,0.0
U001303,A,2026-01-28,mobile,paid_search,ZA,696,0,0,0.0
U001304,B,2025-12-11,mobile,email,ZA,766,0,0,0.0
U001305,A,2026-01-16,mobile,organic,FR,361,0,0,0.0
U001306,B,2026-01-11,mobile,organic,DE,180,0,0,0.0
U001307,B,2025-12-19,desktop,social,ZA,266,0,1,27.07
U001308,B,2025-12-07,mobile,social,ZA,290,1,0,0.0
U001309,B,2025-12-03,mobile,organic,FR,691,0,0,0.0
U001310,B,2026-01-25,mobile,organic,FR,445,1,0,0.0
U001311,B,2026-01-28,mobile,email,FR,335,0,0,0.0
U001312,A,2026-01-17,mobile,organic,ZA,290,0,0,0.0
U001313,A,2025-12-28,mobile,referral,DE,514,0,0,0.0
U001314,B,2025-12-25,mobile,paid_search,GB,490,0,0,0.0
U001315,B,2025-12-02,mobile,organic,GB,596,1,0,0.0
U001316,A,2026-01-10,tablet,organic,ZA,568,0,0,0.0
U001317,B,2025-12-31,mobile,social,FR,49,0,0,0.0
U001318,A,2025-12-10,mobile,email,DE,99,0,0,0.0
U001319,B,2026-01-04,mobile,referral,ZA,492,0,0,0.0
U001320,B,2026-01-16,mobile,organic,FR,404,1,1,111.45
U001321,A,2025-12-13,mobile,referral,ZA,454,0,0,0.0
U001322,B,2025-12-09,desktop,paid_search,GB,443,0,0,0.0
U001323,B,2025-12-18,mobile,paid_search,GB,726,1,0,0.0
U001324,A,2026-01-09,tablet,organic,DE,542,0,0,0.0
U001325,B,2026-01-24,tablet,organic,FR,515,0,0,0.0
U001326,A,2025-12-01,mobile,organic,FR,570,0,0,0.0
U001327,B,2026-01-08,mobile,organic,DE,251,0,1,54.89
U001328,A,2026-01-28,desktop,paid_search,ZA,792,0,0,0.0
U001329,A,2026-01-07,mobile,email,ZA,401,1,0,0.0
U001330,B,2026-01-19,mobile,paid_search,NL,694,0,0,0.0
U001331,B,2026-01-28,mobile,organic,FR,241,1,0,0.0
U001332,A,2025-12-11,mobile,organic,ZA,73,0,0,0.0
U001333,A,2025-12-31,mobile,paid_search,ZA,663,0,0,0.0
U001334,A,2025-12-20,desktop,organic,ZA,696,0,0,0.0
U001335,B,2026-01-15,mobile,paid_search,GB,311,0,0,0.0
U001336,A,2025-12-02,desktop,social,FR,404,0,0,0.0
U001337,B,2025-12-13,mobile,organic,FR,30,0,0,0.0
U001338,A,2026-01-07,mobile,organic,GB,279,0,1,63.68
U001339,B,2026-01-11,mobile,organic,FR,279,0,1,120.47
U001340,A,2026-01-15,tablet,referral,DE,543,0,0,0.0
U001341,B,2026-01-21,mobile,organic,DE,176,0,0,0.0
U001342,B,2025-12-06,mobile,social,ZA,669,0,0,0.0
U001343,A,2026-01-24,mobile,paid_search,ZA,385,0,0,0.0
U001344,B,2026-01-03,mobile,email,GB,130,1,0,0.0
U001345,A,2025-12-18,mobile,paid_search,ZA,307,0,0,0.0
U001346,B,2026-01-30,mobile,organic,GB,369,0,0,0.0
U001347,A,2026-01-29,mobile,organic,ZA,108,0,0,0.0
U001348,B,2026-01-19,mobile,organic,DE,491,1,0,0.0
U001349,A,2026-01-23,desktop,referral,NL,224,1,0,0.0
U001350,A,2025-12-09,mobile,paid_search,NL,344,0,0,0.0
U001351,B,2025-12-17,mobile,organic,GB,677,0,0,0.0
U001352,B,2025-12-11,mobile,social,GB,534,0,0,0.0
U001353,A,2026-01-21,desktop,organic,ZA,635,0,0,0.0
U001354,A,2026-01-19,mobile,organic,ZA,138,0,0,0.0
U001355,A,2025-12-30,mobile,organic,GB,622,0,0,0.0
U001356,A,2025-12-23,desktop,organic,GB,435,0,0,0.0
U001357,B,2025-12-20,mobile,paid_search,FR,567,0,0,0.0
U001358,A,2025-12-26,mobile,organic,FR,635,0,0,0.0
U001359,A,2026-01-29,desktop,email,ES,675,0,0,0.0
U001360,B,2026-01-07,mobile,paid_search,ES,718,1,0,0.0
U001361,B,2025-12-09,desktop,social,ZA,141,0,0,0.0
U001362,A,2025-12-01,desktop,organic,ZA,374,0,0,0.0
U001363,A,2026-01-16,mobile,email,NL,443,0,0,0.0
U001364,A,2026-01-13,mobile,organic,GB,405,0,0,0.0
U001365,B,2025-12-07,mobile,organic,ES,429,0,0,0.0
U001366,B,2026-01-16,desktop,paid_search,DE,572,0,0,0.0
U001367,A,2026-01-08,mobile,organic,GB,533,0,0,0.0
U001368,B,2026-01-28,mobile,organic,GB,65,0,0,0.0
U001369,A,2026-01-11,mobile,organic,ZA,512,1,0,0.0
U001370,A,2025-12-11,mobile,paid_search,ZA,168,0,0,0.0
U001371,B,2026-01-21,desktop,organic,ZA,618,0,1,145.35
U001372,B,2025-12-28,desktop,organic,ZA,713,0,0,0.0
U001373,A,2025-12-24,desktop,email,NL,499,0,0,0.0
U001374,A,2026-01-13,mobile,organic,ES,624,0,0,0.0
U001375,B,2026-01-25,mobile,organic,ZA,144,0,0,0.0
U001376,A,2026-01-08,desktop,organic,ZA,356,0,0,0.0
U001377,A,2025-12-02,mobile,organic,ZA,134,0,1,138.19
U001378,A,2025-12-06,mobile,organic,ZA,525,0,0,0.0
U001379,B,2026-01-14,desktop,social,ES,608,1,0,0.0
U001380,A,2026-01-08,tablet,email,NL,531,0,0,0.0
U001381,A,2025-12-26,mobile,referral,ZA,688,0,0,0.0
U001382,B,2025-12-08,desktop,paid_search,ES,834,0,0,0.0
U001383,B,2025-12-24,mobile,organic,ES,301,0,0,0.0
U001384,A,2026-01-12,mobile,paid_search,ZA,365,1,0,0.0
U001385,B,2026-01-12,mobile,organic,DE,670,0,0,0.0
U001386,A,2025-12-21,mobile,paid_search,FR,721,0,0,0.0
U001387,A,2025-12-25,mobile,paid_search,ZA,411,0,0,0.0
U001388,B,2026-01-01,mobile,email,DE,372,1,0,0.0
U001389,B,2026-01-10,mobile,referral,ZA,562,0,0,0.0
U001390,A,2026-01-13,mobile,organic,DE,659,0,0,0.0
U001391,B,2025-12-02,desktop,organic,FR,338,0,0,0.0
U001392,B,2026-01-24,mobile,paid_search,ZA,226,0,0,0.0
U001393,B,2026-01-17,tablet,paid_search,GB,363,0,0,0.0
U001394,B,2026-01-12,desktop,referral,FR,439,0,0,0.0
U001395,B,2026-01-01,desktop,organic,ES,232,0,1,178.2
U001396,B,2026-01-11,mobile,social,GB,662,0,0,0.0
U001397,B,2026-01-09,mobile,paid_search,GB,198,0,0,0.0
U001398,A,2026-01-09,mobile,paid_search,GB,180,1,0,0.0
U001399,B,2025-12-25,mobile,social,NL,156,0,0,0.0
U001400,A,2026-01-29,desktop,organic,ZA,119,0,0,0.0
U001401,A,2026-01-08,mobile,organic,ZA,492,0,0,0.0
U001402,B,2025-12-22,desktop,social,ZA,125,0,0,0.0
U001403,B,2025-12-31,desktop,organic,GB,384,1,0,0.0
U001404,B,2026-01-04,desktop,paid_search,NL,218,0,0,0.0
U001405,A,2025-12-26,desktop,paid_search,DE,536,1,0,0.0
U001406,B,2026-01-18,desktop,email,GB,823,0,0,0.0
U001407,A,2025-12-07,mobile,email,GB,659,0,0,0.0
U001408,A,2025-12-29,mobile,paid_search,ZA,397,1,1,108.66
U001409,A,2026-01-26,mobile,organic,ZA,182,0,0,0.0
U001410,B,2026-01-13,mobile,email,FR,287,0,0,0.0
U001411,B,2025-12-02,desktop,paid_search,ZA,161,0,0,0.0
U001412,B,2025-12-26,mobile,social,ES,670,0,0,0.0
U001413,B,2025-12-25,desktop,paid_search,ZA,690,0,0,0.0
U001414,B,2025-12-05,mobile,organic,ZA,304,0,0,0.0
U001415,A,2025-12-13,mobile,paid_search,ES,119,0,0,0.0
U001416,A,2025-12-03,mobile,organic,ZA,88,0,0,0.0
U001417,B,2026-01-04,desktop,referral,ZA,696,0,0,0.0
U001418,B,2026-01-14,tablet,social,ZA,488,0,0,0.0
U001419,A,2026-01-17,mobile,social,ZA,122,0,0,0.0
U001420,A,2026-01-18,mobile,paid_search,DE,132,0,0,0.0
U001421,A,2025-12-29,mobile,organic,DE,240,0,0,0.0
U001422,A,2025-12-28,desktop,organic,NL,732,0,0,0.0
U001423,B,2025-12-01,mobile,paid_search,ZA,708,0,0,0.0
U001424,A,2026-01-11,mobile,social,ZA,266,0,0,0.0
U001425,A,2026-01-18,tablet,paid_search,ZA,662,1,1,93.58
U001426,A,2026-01-29,desktop,organic,DE,261,0,0,0.0
U001427,A,2026-01-02,mobile,email,GB,445,0,0,0.0
U001428,A,2025-12-13,desktop,social,NL,705,0,0,0.0
U001429,B,2026-01-20,mobile,email,ZA,389,0,0,0.0
U001430,A,2025-12-20,mobile,organic,FR,480,0,0,0.0
U001431,B,2025-12-01,desktop,paid_search,ES,507,0,1,162.51
U001432,A,2026-01-15,mobile,social,ZA,433,0,0,0.0
U001433,A,2025-12-14,desktop,paid_search,ZA,197,0,0,0.0
U001434,B,2025-12-31,tablet,referral,FR,460,0,0,0.0
U001435,B,2025-12-04,mobile,email,ZA,494,0,1,49.28
U001436,B,2025-12-21,tablet,email,NL,318,0,0,0.0
U001437,A,2025-12-21,mobile,email,ZA,640,0,0,0.0
U001438,B,2026-01-25,desktop,email,ZA,614,0,0,0.0
U001439,A,2025-12-15,mobile,organic,DE,285,0,0,0.0
U001440,A,2025-12-08,desktop,paid_search,NL,193,0,0,0.0
U001441,A,2025-12-28,tablet,referral,NL,398,0,0,0.0
U001442,B,2026-01-17,mobile,organic,DE,135,0,0,0.0
U001443,B,2025-12-06,mobile,paid_search,DE,244,0,0,0.0
U001444,A,2025-12-29,desktop,referral,ZA,397,0,0,0.0
U001445,A,2026-01-19,desktop,social,GB,119,0,0,0.0
U001446,A,2025-12-01,mobile,paid_search,ZA,342,0,0,0.0
U001447,A,2026-01-12,mobile,social,ES,601,0,0,0.0
U001448,A,2025-12-07,mobile,paid_search,NL,239,0,0,0.0
U001449,B,2026-01-29,mobile,organic,ZA,454,0,0,0.0
U001450,B,2026-01-19,mobile,organic,NL,470,1,0,0.0
U001451,A,2026-01-25,desktop,email,GB,654,1,0,0.0
U001452,B,2025-12-08,mobile,organic,ES,548,1,0,0.0
U001453,A,2026-01-01,desktop,organic,ES,499,0,0,0.0
U001454,B,2025-12-31,mobile,organic,GB,27,0,0,0.0
U001455,B,2025-12-07,mobile,referral,NL,464,0,0,0.0
U001456,A,2026-01-14,mobile,email,GB,544,0,0,0.0
U001457,B,2025-12-21,mobile,social,ZA,21,0,0,0.0
U001458,A,2025-12-03,mobile,social,NL,678,0,0,0.0
U001459,A,2025-12-12,mobile,paid_search,ZA,271,0,0,0.0
U001460,A,2026-01-01,mobile,paid_search,GB,390,0,0,0.0
U001461,A,2026-01-26,mobile,email,ZA,482,0,0,0.0
U001462,B,2025-12-11,mobile,organic,NL,114,0,0,0.0
U001463,B,2025-12-30,tablet,social,DE,169,1,0,0.0
U001464,B,2025-12-17,mobile,email,GB,773,0,0,0.0
U001465,B,2026-01-24,mobile,organic,GB,166,0,0,0.0
U001466,A,2025-12-26,mobile,paid_search,ZA,319,0,0,0.0
U001467,B,2025-12-30,desktop,paid_search,DE,400,0,0,0.0
U001468,B,2026-01-29,desktop,email,FR,768,0,1,155.94
U001469,B,2025-12-16,mobile,organic,DE,515,0,0,0.0
U001470,B,2026-01-06,mobile,referral,GB,289,0,0,0.0
U001471,A,2026-01-19,mobile,organic,ES,210,0,0,0.0
U001472,A,2026-01-05,mobile,organic,NL,551,0,0,0.0
U001473,A,2025-12-02,tablet,organic,ZA,505,1,0,0.0
U001474,A,2025-12-23,mobile,paid_search,ES,188,0,0,0.0
U001475,B,2026-01-02,mobile,social,ZA,25,0,0,0.0
U001476,B,2025-12-10,mobile,paid_search,ZA,631,0,0,0.0
U001477,B,2025-12-11,mobile,organic,ZA,669,0,0,0.0
U001478,B,2026-01-15,mobile,referral,DE,227,0,0,0.0
U001479,B,2025-12-19,mobile,paid_search,GB,586,0,0,0.0
U001480,A,2025-12-05,mobile,paid_search,ZA,743,0,1,89.94
U001481,A,2026-01-22,mobile,referral,ES,268,0,0,0.0
U001482,A,2026-01-07,mobile,social,ZA,294,0,0,0.0
U001483,B,2026-01-30,desktop,organic,ZA,373,1,1,81.4
U001484,A,2026-01-10,mobile,organic,GB,147,0,0,0.0
U001485,A,2026-01-26,tablet,social,ZA,330,0,0,0.0
U001486,B,2025-12-28,mobile,social,FR,500,0,0,0.0
U001487,B,2026-01-08,tablet,social,ZA,706,0,0,0.0
U001488,B,2025-12-18,desktop,email,ES,852,0,0,0.0
U001489,B,2025-12-06,mobile,email,GB,722,1,0,0.0
U001490,A,2026-01-19,desktop,paid_search,DE,774,0,0,0.0
U001491,A,2026-01-08,mobile,social,DE,84,0,0,0.0
U001492,A,2026-01-07,desktop,social,GB,495,0,0,0.0
U001493,A,2026-01-25,mobile,referral,NL,663,0,0,0.0
U001494,B,2025-12-14,mobile,organic,ES,121,0,0,0.0
U001495,A,2025-12-30,desktop,organic,NL,447,0,0,0.0
U001496,A,2025-12-04,mobile,email,DE,250,0,0,0.0
U001497,B,2026-01-17,mobile,organic,NL,531,0,0,0.0
U001498,B,2026-01-17,desktop,referral,ZA,375,0,1,99.11
U001499,B,2026-01-10,mobile,paid_search,ZA,581,0,0,0.0
U001500,A,2025-12-11,tablet,organic,ZA,644,0,0,0.0
U001501,B,2026-01-18,mobile,organic,DE,97,0,0,0.0
U001502,B,2026-01-26,desktop,social,ZA,409,0,0,0.0
U001503,A,2026-01-17,desktop,social,ZA,669,0,0,0.0
U001504,A,2026-01-05,mobile,referral,ZA,249,0,0,0.0
U001505,A,2025-12-15,mobile,social,ZA,308,0,0,0.0
U001506,A,2025-12-29,mobile,paid_search,DE,485,0,0,0.0
U001507,B,2026-01-26,desktop,paid_search,ZA,530,0,0,0.0
U001508,B,2025-12-21,mobile,organic,FR,349,0,0,0.0
U001509,A,2026-01-04,mobile,organic,ES,539,0,0,0.0
U001510,A,2026-01-22,desktop,email,FR,848,0,0,0.0
U001511,A,2026-01-09,mobile,paid_search,ZA,217,0,0,0.0
U001512,A,2025-12-23,mobile,email,ZA,430,0,0,0.0
U001513,A,2026-01-27,desktop,email,GB,303,0,0,0.0
U001514,B,2025-12-20,mobile,paid_search,NL,474,0,0,0.0
U001515,B,2026-01-25,mobile,paid_search,FR,481,1,0,0.0
U001516,B,2026-01-03,mobile,organic,ZA,635,0,0,0.0
U001517,B,2025-12-02,desktop,paid_search,ZA,224,0,0,0.0
U001518,A,2025-12-27,mobile,paid_search,NL,239,0,0,0.0
U001519,A,2025-12-17,mobile,organic,GB,252,0,0,0.0
U001520,A,2025-12-29,desktop,paid_search,ZA,768,1,0,0.0
U001521,A,2026-01-03,mobile,organic,ZA,601,0,0,0.0
U001522,B,2025-12-13,desktop,paid_search,DE,522,0,0,0.0
U001523,B,2026-01-27,mobile,social,FR,530,0,0,0.0
U001524,B,2026-01-29,mobile,referral,ES,339,0,0,0.0
U001525,B,2026-01-07,mobile,social,GB,628,0,0,0.0
U001526,B,2026-01-29,desktop,social,FR,142,0,0,0.0
U001527,A,2026-01-22,mobile,social,ZA,50,0,0,0.0
U001528,B,2026-01-23,mobile,social,ZA,670,0,0,0.0
U001529,B,2026-01-03,mobile,paid_search,ZA,385,0,0,0.0
U001530,B,2025-12-28,mobile,organic,GB,523,1,0,0.0
U001531,B,2025-12-20,mobile,social,ZA,43,0,0,0.0
U001532,A,2026-01-27,mobile,social,DE,656,0,0,0.0
U001533,A,2025-12-20,mobile,organic,DE,464,0,0,0.0
U001534,A,2025-12-24,desktop,organic,ZA,541,0,0,0.0
U001535,A,2025-12-14,mobile,paid_search,DE,134,0,0,0.0
U001536,B,2025-12-01,desktop,email,ES,499,0,0,0.0
U001537,B,2025-12-03,mobile,paid_search,DE,358,0,0,0.0
U001538,B,2025-12-20,mobile,social,FR,273,0,0,0.0
U001539,A,2025-12-18,desktop,organic,FR,385,1,0,0.0
U001540,A,2026-01-19,mobile,email,ZA,726,1,0,0.0
U001541,A,2025-12-12,mobile,organic,FR,427,0,0,0.0
U001542,B,2025-12-17,mobile,organic,NL,226,0,0,0.0
U001543,A,2025-12-09,mobile,organic,GB,134,0,0,0.0
U001544,A,2026-01-18,desktop,organic,GB,485,0,0,0.0
U001545,B,2026-01-12,tablet,email,ZA,397,1,1,52.79
U001546,B,2025-12-17,tablet,organic,ZA,692,0,0,0.0
U001547,A,2025-12-05,mobile,email,ZA,512,0,1,65.26
U001548,B,2026-01-05,mobile,paid_search,ZA,162,0,0,0.0
U001549,B,2025-12-11,desktop,organic,ZA,243,0,0,0.0
U001550,B,2026-01-22,mobile,paid_search,NL,687,0,1,140.41
U001551,B,2026-01-29,mobile,paid_search,DE,493,0,0,0.0
U001552,A,2025-12-17,mobile,referral,GB,176,0,0,0.0
U001553,A,2025-12-19,desktop,organic,ES,333,0,1,160.78
U001554,A,2025-12-30,mobile,social,NL,423,0,0,0.0
U001555,B,2025-12-27,desktop,paid_search,GB,572,0,0,0.0
U001556,A,2026-01-03,mobile,organic,ZA,219,0,0,0.0
U001557,B,2025-12-24,desktop,paid_search,FR,617,0,0,0.0
U001558,A,2026-01-04,desktop,organic,NL,740,1,0,0.0
U001559,B,2025-12-11,desktop,referral,GB,506,0,0,0.0
U001560,B,2025-12-18,tablet,email,FR,813,0,0,0.0
U001561,A,2025-12-30,mobile,email,FR,598,0,0,0.0
U001562,B,2026-01-10,desktop,email,FR,180,0,0,0.0
U001563,A,2025-12-06,mobile,social,ZA,161,0,0,0.0
U001564,B,2025-12-21,mobile,social,GB,181,0,0,0.0
U001565,A,2026-01-26,mobile,paid_search,DE,725,1,0,0.0
U001566,A,2025-12-18,desktop,social,ES,776,1,1,173.7
U001567,A,2025-12-31,mobile,organic,DE,391,0,0,0.0
U001568,A,2026-01-27,mobile,paid_search,DE,435,0,0,0.0
U001569,A,2025-12-09,desktop,email,ES,313,0,0,0.0
U001570,B,2026-01-30,desktop,organic,ES,558,0,0,0.0
U001571,B,2025-12-24,desktop,organic,ZA,585,0,0,0.0
U001572,A,2025-12-16,desktop,organic,ES,400,0,0,0.0
U001573,B,2026-01-12,mobile,paid_search,ZA,680,0,1,91.75
U001574,B,2025-12-25,mobile,email,ZA,486,0,0,0.0
U001575,B,2025-12-28,mobile,organic,ES,287,0,0,0.0
U001576,A,2026-01-28,mobile,email,NL,451,0,1,44.62
U001577,B,2025-12-16,mobile,organic,ZA,262,0,0,0.0
U001578,A,2025-12-01,desktop,organic,ES,141,0,0,0.0
U001579,B,2026-01-10,desktop,social,ZA,261,0,0,0.0
U001580,B,2025-12-12,mobile,referral,ZA,258,0,0,0.0
U001581,A,2026-01-10,mobile,paid_search,ZA,624,0,0,0.0
U001582,B,2026-01-07,desktop,organic,ZA,66,0,0,0.0
U001583,A,2026-01-04,mobile,organic,ZA,97,0,0,0.0
U001584,B,2025-12-15,mobile,email,DE,727,0,0,0.0
U001585,A,2026-01-22,mobile,organic,ZA,277,0,0,0.0
U001586,A,2026-01-01,mobile,email,DE,510,0,0,0.0
U001587,A,2026-01-17,desktop,organic,FR,509,0,0,0.0
U001588,A,2025-12-17,desktop,organic,GB,588,0,0,0.0
U001589,A,2026-01-17,mobile,paid_search,ZA,453,0,0,0.0
U001590,B,2026-01-24,tablet,paid_search,NL,591,1,0,0.0
U001591,A,2025-12-02,desktop,social,GB,739,0,0,0.0
U001592,B,2026-01-27,mobile,paid_search,ZA,139,0,0,0.0
U001593,A,2025-12-02,mobile,organic,NL,582,0,0,0.0
U001594,B,2026-01-01,mobile,referral,ZA,81,0,0,0.0
U001595,B,2026-01-15,mobile,organic,ZA,526,0,0,0.0
U001596,A,2025-12-20,desktop,organic,ZA,737,0,0,0.0
U001597,B,2025-12-22,desktop,social,NL,452,1,0,0.0
U001598,A,2025-12-14,tablet,email,ES,501,0,0,0.0
U001599,B,2025-12-22,desktop,social,ES,690,0,0,0.0
U001600,B,2025-12-16,mobile,paid_search,ZA,575,0,0,0.0
U001601,A,2026-01-03,mobile,paid_search,NL,320,0,0,0.0
U001602,B,2025-12-18,desktop,organic,FR,566,0,1,89.8
U001603,B,2026-01-05,mobile,organic,ZA,341,0,0,0.0
U001604,B,2026-01-11,mobile,referral,DE,322,0,0,0.0
U001605,A,2026-01-21,mobile,organic,GB,31,0,0,0.0
U001606,A,2025-12-02,desktop,email,ZA,683,0,0,0.0
U001607,A,2025-12-29,desktop,organic,ZA,357,0,0,0.0
U001608,A,2025-12-09,mobile,organic,ZA,354,0,0,0.0
U001609,A,2026-01-16,mobile,organic,GB,351,0,0,0.0
U001610,B,2025-12-03,desktop,organic,FR,155,1,0,0.0
U001611,A,2025-12-05,tablet,organic,ZA,212,1,0,0.0
U001612,A,2025-12-06,mobile,email,GB,625,0,0,0.0
U001613,A,2025-12-10,mobile,organic,ZA,182,0,0,0.0
U001614,A,2025-12-16,mobile,email,ZA,807,1,1,60.54
U001615,A,2025-12-10,tablet,organic,ZA,466,0,1,142.49
U001616,A,2026-01-12,desktop,paid_search,ZA,353,0,0,0.0
U001617,A,2026-01-14,mobile,social,GB,163,0,0,0.0
U001618,B,2026-01-17,desktop,organic,GB,467,0,0,0.0
U001619,A,2025-12-13,mobile,organic,ZA,312,0,0,0.0
U001620,B,2026-01-12,mobile,paid_search,ZA,131,0,0,0.0
U001621,B,2025-12-13,desktop,email,ZA,422,0,1,154.19
U001622,B,2026-01-26,desktop,organic,ZA,89,0,0,0.0
U001623,A,2026-01-30,desktop,email,GB,588,0,0,0.0
U001624,B,2026-01-20,tablet,social,ZA,655,0,0,0.0
U001625,B,2026-01-30,mobile,organic,GB,601,0,1,85.2
U001626,B,2025-12-28,desktop,organic,ZA,721,0,1,45.74
U001627,A,2025-12-30,tablet,social,NL,272,0,0,0.0
U001628,A,2026-01-29,tablet,organic,ZA,299,0,0,0.0
U001629,B,2025-12-18,mobile,paid_search,ZA,223,1,0,0.0
U001630,A,2026-01-01,mobile,paid_search,ZA,126,0,0,0.0
U001631,B,2026-01-26,mobile,organic,GB,293,1,0,0.0
U001632,B,2025-12-16,desktop,social,ES,114,0,0,0.0
U001633,B,2026-01-15,desktop,organic,GB,709,0,0,0.0
U001634,A,2026-01-12,desktop,email,DE,593,0,0,0.0
U001635,A,2025-12-30,tablet,email,ZA,696,0,0,0.0
U001636,A,2025-12-17,desktop,organic,GB,584,0,0,0.0
U001637,A,2025-12-03,mobile,social,ES,130,0,0,0.0
U001638,B,2026-01-24,desktop,organic,NL,348,0,0,0.0
U001639,B,2026-01-02,mobile,paid_search,DE,370,0,0,0.0
U001640,A,2026-01-15,desktop,paid_search,ZA,572,0,0,0.0
U001641,A,2025-12-23,desktop,email,ES,484,0,0,0.0
U001642,B,2025-12-13,desktop,social,ES,147,0,0,0.0
U001643,A,2026-01-18,mobile,social,DE,106,1,1,39.37
U001644,A,2026-01-19,desktop,organic,GB,225,0,0,0.0
U001645,A,2026-01-08,mobile,paid_search,ZA,557,0,0,0.0
U001646,B,2025-12-03,desktop,referral,GB,412,0,0,0.0
U001647,B,2026-01-18,mobile,organic,DE,655,0,0,0.0
U001648,B,2025-12-02,mobile,referral,FR,108,0,0,0.0
U001649,A,2026-01-16,desktop,email,ZA,616,1,0,0.0
U001650,A,2025-12-20,mobile,email,GB,740,1,0,0.0
U001651,B,2026-01-13,desktop,referral,GB,587,0,0,0.0
U001652,A,2026-01-29,mobile,email,ZA,269,0,0,0.0
U001653,A,2026-01-24,mobile,organic,ZA,132,0,0,0.0
U001654,A,2025-12-31,mobile,organic,FR,689,0,0,0.0
U001655,A,2025-12-12,mobile,social,DE,511,0,0,0.0
U001656,B,2025-12-08,mobile,organic,FR,639,0,0,0.0
U001657,A,2026-01-14,mobile,email,NL,518,0,0,0.0
U001658,A,2025-12-28,mobile,paid_search,ZA,354,0,0,0.0
U001659,A,2026-01-29,desktop,organic,ZA,657,0,0,0.0
U001660,B,2025-12-24,mobile,paid_search,ES,735,0,0,0.0
U001661,A,2025-12-13,mobile,organic,FR,31,0,0,0.0
U001662,A,2026-01-03,desktop,paid_search,ZA,281,0,0,0.0
U001663,A,2025-12-31,mobile,organic,ZA,586,0,0,0.0
U001664,B,2025-12-10,desktop,social,ZA,154,0,0,0.0
U001665,A,2026-01-10,desktop,social,GB,316,1,0,0.0
U001666,B,2026-01-19,mobile,organic,FR,402,0,0,0.0
U001667,B,2026-01-17,desktop,paid_search,ES,725,0,0,0.0
U001668,A,2026-01-03,mobile,email,GB,144,1,1,178.93
U001669,A,2026-01-11,mobile,organic,ZA,685,0,0,0.0
U001670,A,2026-01-04,desktop,social,NL,561,0,0,0.0
U001671,B,2026-01-14,mobile,email,DE,664,0,1,116.84
U001672,A,2026-01-03,desktop,organic,DE,363,0,0,0.0
U001673,B,2025-12-21,desktop,paid_search,ZA,449,0,0,0.0
U001674,A,2025-12-28,desktop,organic,DE,280,0,0,0.0
U001675,A,2026-01-04,mobile,organic,GB,552,0,0,0.0
U001676,B,2026-01-10,mobile,paid_search,DE,408,0,0,0.0
U001677,A,2025-12-26,mobile,organic,DE,570,0,0,0.0
U001678,A,2025-12-08,tablet,social,ES,41,0,0,0.0
U001679,A,2026-01-29,tablet,paid_search,ZA,696,0,0,0.0
U001680,B,2026-01-01,mobile,paid_search,GB,179,0,0,0.0
U001681,B,2025-12-04,mobile,organic,ZA,568,0,0,0.0
U001682,B,2026-01-13,mobile,organic,DE,81,1,0,0.0
U001683,B,2025-12-18,mobile,organic,ZA,638,0,0,0.0
U001684,B,2026-01-23,mobile,organic,DE,245,0,0,0.0
U001685,A,2026-01-04,desktop,referral,ZA,712,0,0,0.0
U001686,A,2025-12-27,mobile,paid_search,ZA,245,0,1,133.76
U001687,A,2026-01-25,mobile,paid_search,ZA,152,0,0,0.0
U001688,A,2026-01-26,mobile,paid_search,GB,628,0,0,0.0
U001689,A,2026-01-26,mobile,organic,GB,650,0,0,0.0
U001690,A,2025-12-10,desktop,paid_search,FR,528,0,0,0.0
U001691,A,2025-12-16,desktop,social,GB,616,0,0,0.0
U001692,B,2025-12-29,desktop,organic,DE,466,1,0,0.0
U001693,A,2025-12-28,mobile,organic,ZA,395,0,0,0.0
U001694,A,2025-12-15,desktop,email,DE,342,0,0,0.0
U001695,A,2026-01-28,mobile,paid_search,DE,306,0,0,0.0
U001696,A,2025-12-10,desktop,organic,ES,336,0,0,0.0
U001697,A,2025-12-06,desktop,paid_search,FR,356,0,0,0.0
U001698,A,2025-12-02,desktop,organic,FR,130,0,0,0.0
U001699,B,2026-01-19,mobile,email,FR,284,0,0,0.0
U001700,A,2026-01-24,mobile,organic,NL,532,0,1,41.59
U001701,A,2025-12-10,desktop,organic,DE,499,0,0,0.0
U001702,A,2026-01-15,mobile,organic,DE,63,1,0,0.0
U001703,A,2025-12-30,mobile,paid_search,FR,672,0,0,0.0
U001704,A,2026-01-11,tablet,organic,DE,460,0,0,0.0
U001705,B,2026-01-01,mobile,organic,ZA,396,0,0,0.0
U001706,B,2025-12-25,mobile,organic,ZA,223,0,0,0.0
U001707,B,2026-01-18,mobile,social,FR,144,0,0,0.0
U001708,B,2026-01-27,mobile,paid_search,GB,563,0,0,0.0
U001709,A,2025-12-04,mobile,organic,DE,123,0,0,0.0
U001710,A,2025-12-25,desktop,social,ZA,394,0,1,191.18
U001711,B,2025-12-05,mobile,organic,ES,189,1,1,150.22
U001712,B,2025-12-04,mobile,organic,GB,44,0,0,0.0
U001713,B,2025-12-23,desktop,organic,ZA,653,1,0,0.0
U001714,A,2026-01-18,mobile,email,DE,703,1,0,0.0
U001715,B,2025-12-25,mobile,email,FR,744,1,0,0.0
U001716,A,2026-01-09,mobile,paid_search,ZA,351,0,0,0.0
U001717,B,2025-12-27,desktop,social,GB,641,1,1,183.61
U001718,A,2025-12-31,desktop,organic,ES,305,0,1,101.02
U001719,B,2026-01-09,desktop,organic,GB,387,0,0,0.0
U001720,B,2025-12-22,desktop,organic,ZA,719,0,0,0.0
U001721,B,2025-12-16,mobile,organic,GB,356,0,0,0.0
U001722,B,2025-12-26,mobile,paid_search,NL,316,0,0,0.0
U001723,B,2025-12-15,desktop,organic,ES,239,0,0,0.0
U001724,B,2025-12-27,mobile,organic,ZA,658,0,0,0.0
U001725,A,2025-12-21,tablet,organic,GB,481,0,0,0.0
U001726,A,2025-12-24,mobile,organic,NL,523,0,0,0.0
U001727,A,2025-12-28,desktop,organic,DE,261,0,0,0.0
U001728,A,2025-12-06,mobile,organic,FR,173,0,0,0.0
U001729,A,2026-01-20,desktop,email,ES,174,1,0,0.0
U001730,B,2026-01-13,desktop,social,GB,635,1,0,0.0
U001731,A,2026-01-07,mobile,organic,ZA,216,0,0,0.0
U001732,B,2026-01-01,mobile,paid_search,DE,587,0,0,0.0
U001733,A,2026-01-08,desktop,organic,FR,589,0,0,0.0
U001734,A,2025-12-26,desktop,email,FR,663,0,0,0.0
U001735,B,2025-12-27,desktop,organic,ES,451,0,0,0.0
U001736,A,2025-12-10,mobile,organic,NL,171,0,0,0.0
U001737,A,2025-12-05,mobile,organic,ZA,264,0,0,0.0
U001738,A,2026-01-11,desktop,email,FR,515,0,0,0.0
U001739,A,2025-12-26,mobile,organic,ZA,278,0,0,0.0
U001740,A,2025-12-26,desktop,social,GB,441,0,0,0.0
U001741,B,2026-01-14,mobile,social,ZA,250,1,0,0.0
U001742,A,2025-12-03,desktop,organic,DE,359,0,0,0.0
U001743,B,2026-01-10,mobile,organic,DE,365,1,0,0.0
U001744,B,2026-01-02,mobile,organic,DE,537,0,0,0.0
U001745,B,2026-01-07,desktop,paid_search,GB,243,0,0,0.0
U001746,B,2025-12-03,mobile,organic,DE,84,0,0,0.0
U001747,B,2026-01-28,desktop,paid_search,ES,760,0,0,0.0
U001748,B,2026-01-22,mobile,social,ZA,291,0,1,186.11
U001749,A,2025-12-26,mobile,organic,ZA,300,0,0,0.0
U001750,B,2025-12-02,mobile,referral,FR,675,0,0,0.0
U001751,B,2026-01-01,tablet,organic,DE,331,0,0,0.0
U001752,A,2026-01-16,mobile,paid_search,ZA,489,0,0,0.0
U001753,A,2025-12-07,mobile,email,ZA,770,0,0,0.0
U001754,B,2025-12-14,desktop,organic,FR,384,0,0,0.0
U001755,B,2025-12-05,tablet,social,NL,22,0,0,0.0
U001756,B,2025-12-12,mobile,paid_search,ZA,646,0,0,0.0
U001757,B,2026-01-20,mobile,social,GB,405,0,0,0.0
U001758,A,2026-01-28,desktop,referral,FR,134,0,0,0.0
U001759,B,2026-01-04,mobile,referral,FR,379,1,0,0.0
U001760,B,2025-12-28,mobile,paid_search,NL,278,0,0,0.0
U001761,B,2026-01-17,desktop,referral,FR,785,0,0,0.0
U001762,A,2025-12-24,mobile,organic,GB,23,0,1,126.33
U001763,A,2025-12-22,mobile,social,ES,489,0,0,0.0
U001764,B,2026-01-19,mobile,organic,GB,584,0,0,0.0
U001765,B,2025-12-03,desktop,email,ZA,730,1,1,218.43
U001766,B,2025-12-09,desktop,social,ES,368,0,0,0.0
U001767,A,2026-01-01,mobile,organic,ZA,311,0,0,0.0
U001768,B,2026-01-29,mobile,paid_search,ZA,168,0,0,0.0
U001769,A,2025-12-08,mobile,organic,NL,257,1,0,0.0
U001770,B,2026-01-18,mobile,social,NL,546,0,0,0.0
U001771,B,2026-01-12,mobile,social,FR,42,0,0,0.0
U001772,B,2025-12-18,desktop,organic,ZA,652,1,0,0.0
U001773,A,2025-12-24,mobile,organic,ZA,594,0,0,0.0
U001774,A,2025-12-12,desktop,paid_search,NL,777,1,0,0.0
U001775,A,2026-01-22,desktop,paid_search,ES,175,0,0,0.0
U001776,B,2026-01-01,mobile,organic,ZA,417,0,0,0.0
U001777,A,2025-12-26,tablet,paid_search,DE,395,0,0,0.0
U001778,A,2026-01-11,desktop,organic,ZA,678,0,0,0.0
U001779,B,2026-01-22,desktop,organic,DE,190,0,0,0.0
U001780,A,2025-12-05,desktop,organic,ZA,238,1,0,0.0
U001781,A,2026-01-14,mobile,organic,ZA,167,0,0,0.0
U001782,A,2025-12-24,mobile,paid_search,DE,377,0,0,0.0
U001783,A,2025-12-25,mobile,social,NL,683,0,0,0.0
U001784,A,2025-12-17,mobile,paid_search,ZA,159,0,0,0.0
U001785,A,2025-12-19,mobile,organic,GB,34,0,0,0.0
U001786,A,2025-12-30,mobile,email,GB,403,0,0,0.0
U001787,A,2025-12-29,desktop,organic,ZA,596,0,0,0.0
U001788,B,2026-01-29,mobile,organic,GB,280,0,0,0.0
U001789,B,2026-01-21,mobile,paid_search,ZA,179,0,0,0.0
U001790,A,2026-01-12,tablet,social,DE,601,0,0,0.0
U001791,A,2025-12-02,mobile,email,DE,684,1,1,41.09
U001792,A,2026-01-18,mobile,email,ZA,344,0,0,0.0
U001793,B,2026-01-06,mobile,organic,DE,270,0,0,0.0
U001794,A,2026-01-18,mobile,organic,ZA,595,1,1,110.43
U001795,A,2025-12-27,desktop,organic,GB,137,0,0,0.0
U001796,A,2025-12-09,mobile,organic,GB,57,0,0,0.0
U001797,A,2025-12-18,desktop,social,NL,154,0,0,0.0
U001798,A,2026-01-08,mobile,email,FR,165,0,0,0.0
U001799,B,2026-01-14,desktop,referral,GB,323,0,0,0.0
U001800,B,2025-12-15,tablet,organic,GB,409,0,0,0.0
U001801,A,2026-01-17,mobile,email,ZA,365,1,1,151.8
U001802,B,2025-12-13,desktop,organic,ZA,196,0,0,0.0
U001803,A,2026-01-16,desktop,organic,DE,443,0,0,0.0
U001804,B,2025-12-11,mobile,organic,GB,565,0,0,0.0
U001805,A,2025-12-06,desktop,organic,ZA,216,0,0,0.0
U001806,A,2026-01-03,desktop,social,DE,660,0,0,0.0
U001807,B,2026-01-04,desktop,organic,GB,304,0,0,0.0
U001808,A,2026-01-08,mobile,email,FR,105,0,0,0.0
U001809,B,2026-01-29,mobile,paid_search,FR,175,0,0,0.0
U001810,B,2025-12-08,mobile,paid_search,DE,184,0,0,0.0
U001811,A,2025-12-09,mobile,organic,NL,576,0,0,0.0
U001812,B,2025-12-22,mobile,organic,ZA,582,1,1,95.51
U001813,B,2025-12-14,mobile,social,FR,78,0,0,0.0
U001814,A,2026-01-10,mobile,email,ZA,315,0,0,0.0
U001815,A,2026-01-18,mobile,organic,DE,44,0,0,0.0
U001816,A,2025-12-11,desktop,social,DE,183,0,0,0.0
U001817,B,2026-01-04,desktop,organic,DE,672,0,0,0.0
U001818,A,2026-01-13,mobile,social,DE,303,0,0,0.0
U001819,A,2026-01-12,mobile,paid_search,GB,137,0,0,0.0
U001820,B,2026-01-20,mobile,organic,ZA,465,0,1,30.04
U001821,B,2026-01-26,mobile,organic,ZA,390,0,0,0.0
U001822,A,2025-12-25,mobile,organic,ZA,295,0,0,0.0
U001823,A,2025-12-04,mobile,social,FR,402,0,1,95.16
U001824,A,2025-12-16,mobile,social,DE,630,0,1,119.9
U001825,B,2026-01-30,desktop,paid_search,ZA,172,0,0,0.0
U001826,A,2026-01-03,mobile,paid_search,GB,78,0,0,0.0
U001827,B,2025-12-12,mobile,paid_search,NL,360,1,0,0.0
U001828,A,2026-01-11,mobile,organic,ZA,87,0,0,0.0
U001829,B,2026-01-16,mobile,paid_search,DE,406,0,1,182.25
U001830,B,2025-12-09,mobile,email,GB,292,0,0,0.0
U001831,A,2026-01-25,mobile,paid_search,ES,735,1,0,0.0
U001832,A,2025-12-19,desktop,organic,GB,370,0,0,0.0
U001833,A,2025-12-13,tablet,social,ZA,110,0,0,0.0
U001834,B,2026-01-02,mobile,social,GB,29,0,0,0.0
U001835,B,2026-01-02,mobile,social,ZA,128,0,0,0.0
U001836,B,2025-12-22,mobile,email,ZA,388,1,0,0.0
U001837,B,2026-01-22,mobile,social,ZA,335,0,0,0.0
U001838,A,2025-12-07,mobile,email,GB,629,0,0,0.0
U001839,A,2025-12-13,mobile,organic,DE,524,0,0,0.0
U001840,A,2025-12-15,mobile,paid_search,ZA,128,0,0,0.0
U001841,B,2026-01-18,tablet,referral,ZA,568,0,0,0.0
U001842,B,2025-12-01,mobile,organic,NL,50,0,0,0.0
U001843,A,2026-01-05,mobile,paid_search,ES,338,0,0,0.0
U001844,A,2026-01-16,mobile,referral,ZA,445,0,0,0.0
U001845,B,2025-12-26,mobile,social,ZA,75,0,0,0.0
U001846,A,2026-01-03,desktop,paid_search,ZA,426,0,0,0.0
U001847,B,2026-01-07,mobile,referral,ZA,181,0,0,0.0
U001848,B,2025-12-05,mobile,organic,ZA,98,1,0,0.0
U001849,B,2026-01-24,desktop,organic,DE,139,0,0,0.0
U001850,A,2026-01-01,tablet,paid_search,ES,169,1,1,152.09
U001851,A,2025-12-03,tablet,social,ZA,239,0,0,0.0
U001852,B,2026-01-18,mobile,organic,GB,348,0,0,0.0
U001853,B,2026-01-19,mobile,social,GB,428,0,0,0.0
U001854,A,2026-01-10,desktop,paid_search,DE,321,0,0,0.0
U001855,A,2025-12-03,mobile,organic,DE,560,0,0,0.0
U001856,A,2025-12-16,mobile,email,DE,618,0,0,0.0
U001857,B,2026-01-09,desktop,organic,DE,600,0,0,0.0
U001858,A,2025-12-24,tablet,paid_search,ZA,418,0,1,188.22
U001859,B,2026-01-07,desktop,paid_search,DE,815,0,0,0.0
U001860,B,2026-01-25,desktop,organic,DE,745,0,0,0.0
U001861,B,2026-01-24,mobile,social,ZA,545,0,0,0.0
U001862,B,2025-12-10,mobile,organic,ZA,532,0,0,0.0
U001863,B,2026-01-24,mobile,organic,ZA,209,0,0,0.0
U001864,A,2026-01-19,mobile,referral,GB,593,0,1,119.55
U001865,A,2026-01-05,mobile,paid_search,ZA,470,0,0,0.0
U001866,A,2026-01-05,tablet,email,GB,374,0,0,0.0
U001867,B,2026-01-03,mobile,social,FR,311,0,0,0.0
U001868,B,2025-12-08,tablet,social,DE,454,0,0,0.0
U001869,A,2026-01-07,desktop,paid_search,ZA,791,0,0,0.0
U001870,A,2025-12-27,desktop,referral,ZA,686,0,0,0.0
U001871,B,2026-01-26,mobile,organic,GB,605,0,0,0.0
U001872,A,2026-01-23,mobile,organic,DE,266,0,0,0.0
U001873,B,2025-12-18,desktop,organic,ZA,279,0,1,147.94
U001874,B,2026-01-08,mobile,social,ZA,69,0,0,0.0
U001875,B,2025-12-05,mobile,organic,DE,46,1,1,112.81
U001876,B,2025-12-18,mobile,email,ZA,395,0,0,0.0
U001877,B,2026-01-03,mobile,paid_search,GB,541,1,0,0.0
U001878,A,2025-12-18,mobile,social,GB,615,0,1,170.87
U001879,B,2026-01-16,mobile,social,DE,622,0,0,0.0
U001880,A,2026-01-25,mobile,email,GB,459,0,0,0.0
U001881,B,2025-12-05,desktop,organic,GB,672,0,1,59.77
U001882,A,2025-12-15,mobile,organic,ES,386,0,0,0.0
U001883,A,2025-12-26,mobile,paid_search,ZA,76,0,0,0.0
U001884,A,2025-12-07,mobile,organic,GB,244,0,0,0.0
U001885,B,2026-01-12,mobile,paid_search,DE,441,1,0,0.0
U001886,A,2026-01-12,mobile,organic,DE,192,0,0,0.0
U001887,A,2025-12-26,mobile,organic,NL,461,0,0,0.0
U001888,A,2025-12-14,desktop,social,GB,609,0,0,0.0
U001889,A,2026-01-02,mobile,organic,ZA,185,0,0,0.0
U001890,B,2026-01-07,mobile,organic,DE,287,0,0,0.0
U001891,A,2026-01-04,mobile,social,FR,613,0,0,0.0
U001892,B,2026-01-25,desktop,organic,ZA,599,0,0,0.0
U001893,A,2025-12-22,mobile,email,ES,146,0,0,0.0
U001894,B,2025-12-28,mobile,referral,ZA,509,0,0,0.0
U001895,B,2025-12-16,desktop,paid_search,NL,131,0,0,0.0
U001896,B,2025-12-11,mobile,email,ZA,234,0,0,0.0
U001897,B,2025-12-01,desktop,paid_search,GB,261,0,0,0.0
U001898,B,2026-01-19,tablet,organic,DE,401,0,0,0.0
U001899,B,2025-12-03,mobile,paid_search,DE,335,0,0,0.0
U001900,B,2026-01-25,mobile,organic,NL,58,0,0,0.0
U001901,B,2026-01-14,desktop,email,DE,881,1,0,0.0
U001902,B,2025-12-20,desktop,organic,FR,644,0,0,0.0
U001903,A,2025-12-29,desktop,paid_search,ES,173,0,0,0.0
U001904,B,2025-12-26,mobile,paid_search,DE,735,1,0,0.0
U001905,A,2026-01-19,mobile,paid_search,FR,778,0,0,0.0
U001906,A,2025-12-10,desktop,paid_search,GB,614,0,0,0.0
U001907,A,2026-01-17,mobile,email,ZA,596,0,0,0.0
U001908,B,2025-12-16,mobile,email,NL,785,0,0,0.0
U001909,B,2025-12-22,desktop,paid_search,ZA,253,0,0,0.0
U001910,B,2026-01-24,mobile,organic,ES,422,0,0,0.0
U001911,A,2026-01-22,desktop,organic,DE,716,0,0,0.0
U001912,B,2026-01-20,mobile,social,NL,185,0,0,0.0
U001913,B,2025-12-22,mobile,organic,DE,355,0,0,0.0
U001914,B,2026-01-29,mobile,social,ZA,155,0,0,0.0
U001915,A,2026-01-14,mobile,paid_search,FR,431,0,0,0.0
U001916,B,2026-01-05,desktop,organic,ZA,773,0,0,0.0
U001917,B,2026-01-05,mobile,paid_search,FR,367,0,0,0.0
U001918,B,2025-12-08,desktop,social,NL,180,0,0,0.0
U001919,A,2026-01-23,desktop,paid_search,ZA,165,0,0,0.0
U001920,A,2025-12-30,mobile,social,ZA,230,0,0,0.0
U001921,B,2025-12-31,desktop,referral,ZA,543,0,1,202.45
U001922,A,2026-01-24,mobile,social,NL,305,1,0,0.0
U001923,A,2026-01-09,mobile,referral,FR,556,0,0,0.0
U001924,B,2025-12-09,desktop,organic,GB,355,0,0,0.0
U001925,A,2025-12-11,desktop,referral,DE,541,1,0,0.0
U001926,B,2026-01-02,mobile,email,DE,384,0,0,0.0
U001927,B,2026-01-02,mobile,email,DE,694,0,0,0.0
U001928,B,2026-01-20,desktop,social,NL,397,1,0,0.0
U001929,B,2025-12-06,desktop,paid_search,ZA,214,1,0,0.0
U001930,A,2025-12-15,mobile,social,ZA,254,0,0,0.0
U001931,B,2025-12-08,desktop,social,ZA,78,0,0,0.0
U001932,B,2025-12-28,mobile,organic,ZA,330,0,0,0.0
U001933,B,2025-12-25,mobile,referral,GB,531,0,0,0.0
U001934,B,2025-12-28,mobile,email,GB,441,0,0,0.0
U001935,A,2026-01-24,mobile,email,ZA,473,0,0,0.0
U001936,B,2026-01-21,desktop,email,NL,309,1,1,66.76
U001937,A,2026-01-23,desktop,email,DE,199,0,0,0.0
U001938,A,2026-01-01,mobile,email,GB,152,1,0,0.0
U001939,B,2025-12-06,desktop,organic,ZA,469,0,0,0.0
U001940,B,2026-01-05,desktop,paid_search,GB,699,1,1,184.52
U001941,B,2026-01-17,mobile,social,DE,99,1,0,0.0
U001942,B,2025-12-08,desktop,organic,GB,295,0,0,0.0
U001943,A,2026-01-06,desktop,referral,ES,120,0,0,0.0
U001944,B,2026-01-28,desktop,email,NL,340,0,0,0.0
U001945,B,2026-01-10,mobile,paid_search,ZA,251,0,0,0.0
U001946,A,2026-01-06,desktop,paid_search,ZA,472,1,0,0.0
U001947,A,2026-01-17,desktop,organic,NL,377,0,0,0.0
U001948,A,2025-12-17,mobile,referral,GB,139,0,0,0.0
U001949,B,2026-01-25,mobile,organic,DE,470,1,1,64.19
U001950,B,2025-12-30,desktop,social,FR,328,0,0,0.0
U001951,B,2026-01-05,tablet,paid_search,ZA,98,0,0,0.0
U001952,B,2026-01-25,mobile,organic,ZA,65,0,0,0.0
U001953,B,2026-01-30,desktop,paid_search,GB,752,0,0,0.0
U001954,B,2026-01-26,mobile,paid_search,ZA,760,0,1,174.7
U001955,B,2026-01-22,desktop,organic,ZA,389,0,0,0.0
U001956,B,2026-01-24,desktop,organic,GB,425,0,0,0.0
U001957,B,2026-01-29,desktop,organic,ZA,662,0,0,0.0
U001958,B,2025-12-23,desktop,organic,ZA,416,0,0,0.0
U001959,A,2026-01-22,mobile,organic,GB,501,1,0,0.0
U001960,A,2026-01-08,tablet,organic,ZA,193,0,0,0.0
U001961,B,2026-01-29,desktop,paid_search,GB,769,1,0,0.0
U001962,B,2025-12-08,mobile,paid_search,ZA,230,1,0,0.0
U001963,A,2026-01-16,mobile,email,GB,539,1,0,0.0
U001964,B,2025-12-03,mobile,organic,GB,233,0,0,0.0
U001965,A,2026-01-26,desktop,organic,GB,239,0,0,0.0
U001966,A,2026-01-05,desktop,email,ZA,509,0,0,0.0
U001967,A,2025-12-19,mobile,organic,NL,218,0,0,0.0
U001968,B,2026-01-16,mobile,social,NL,690,0,0,0.0
U001969,B,2026-01-08,mobile,email,DE,176,1,0,0.0
U001970,A,2025-12-18,mobile,referral,DE,572,0,0,0.0
U001971,B,2025-12-14,desktop,organic,ZA,212,1,0,0.0
U001972,A,2025-12-08,mobile,organic,ZA,526,0,0,0.0
U001973,B,2025-12-29,desktop,referral,GB,656,0,0,0.0
U001974,B,2026-01-03,desktop,social,ZA,394,0,1,154.19
U001975,B,2025-12-03,mobile,organic,DE,435,0,0,0.0
U001976,B,2025-12-29,mobile,social,ZA,63,0,0,0.0
U001977,B,2025-12-24,mobile,social,ES,247,0,0,0.0
U001978,B,2025-12-30,mobile,organic,DE,141,0,0,0.0
U001979,A,2025-12-02,desktop,email,GB,394,0,0,0.0
U001980,A,2025-12-11,mobile,organic,ZA,119,0,0,0.0
U001981,A,2025-12-10,mobile,social,ZA,367,0,0,0.0
U001982,A,2025-12-29,mobile,organic,FR,360,1,1,159.24
U001983,A,2026-01-03,tablet,paid_search,ZA,489,0,1,115.94
U001984,A,2026-01-04,desktop,email,GB,637,0,0,0.0
U001985,B,2025-12-22,mobile,email,NL,342,0,0,0.0
U001986,B,2025-12-29,tablet,social,NL,473,0,1,63.17
U001987,A,2026-01-24,mobile,organic,ES,432,0,0,0.0
U001988,B,2026-01-10,mobile,email,FR,168,0,0,0.0
U001989,A,2025-12-17,mobile,email,ZA,370,0,0,0.0
U001990,B,2026-01-06,desktop,social,DE,290,0,0,0.0
U001991,B,2025-12-21,desktop,organic,DE,567,0,0,0.0
U001992,B,2026-01-22,mobile,social,FR,530,0,0,0.0
U001993,A,2026-01-07,mobile,organic,GB,637,0,0,0.0
U001994,A,2025-12-25,tablet,organic,GB,111,0,0,0.0
U001995,A,2025-12-12,desktop,paid_search,ZA,748,0,0,0.0
U001996,A,2026-01-09,mobile,organic,FR,290,0,0,0.0
U001997,B,2026-01-12,mobile,organic,ZA,491,0,0,0.0
U001998,A,2025-12-06,mobile,social,DE,694,0,0,0.0
U001999,A,2026-01-24,tablet,referral,ES,130,0,0,0.0
U002000,B,2026-01-02,mobile,social,FR,470,0,0,0.0
U002001,A,2025-12-02,desktop,paid_search,DE,434,0,0,0.0
U002002,B,2026-01-29,mobile,organic,DE,184,0,0,0.0
U002003,B,2025-12-23,mobile,email,ZA,574,0,0,0.0
U002004,B,2025-12-04,desktop,organic,ZA,575,0,1,180.58
U002005,B,2025-12-25,mobile,organic,GB,683,0,0,0.0
U002006,B,2026-01-01,desktop,paid_search,FR,809,0,0,0.0
U002007,B,2025-12-26,mobile,referral,ES,508,0,1,29.05
U002008,A,2026-01-15,mobile,social,ZA,587,0,0,0.0
U002009,A,2026-01-05,desktop,organic,ZA,687,0,0,0.0
U002010,A,2026-01-19,tablet,paid_search,NL,785,0,1,122.6
U002011,A,2026-01-10,mobile,paid_search,GB,327,0,0,0.0
U002012,A,2026-01-02,mobile,organic,ZA,594,0,0,0.0
U002013,A,2026-01-29,mobile,email,NL,511,0,0,0.0
U002014,B,2026-01-06,tablet,email,ZA,579,1,1,106.62
U002015,B,2025-12-26,mobile,referral,FR,475,0,1,25.41
U002016,B,2025-12-06,mobile,organic,NL,620,0,0,0.0
U002017,A,2026-01-12,desktop,paid_search,NL,344,0,0,0.0
U002018,A,2025-12-01,mobile,referral,ZA,280,0,0,0.0
U002019,A,2026-01-19,desktop,organic,ZA,373,0,0,0.0
U002020,B,2025-12-28,mobile,organic,ZA,316,0,0,0.0
U002021,A,2026-01-24,mobile,email,GB,224,0,0,0.0
U002022,B,2026-01-06,desktop,email,DE,202,0,0,0.0
U002023,A,2025-12-29,mobile,paid_search,ES,312,0,0,0.0
U002024,B,2026-01-30,mobile,paid_search,DE,703,0,0,0.0
U002025,B,2026-01-05,mobile,referral,GB,339,0,0,0.0
U002026,A,2026-01-07,mobile,organic,DE,133,0,0,0.0
U002027,B,2025-12-12,mobile,email,GB,460,0,0,0.0
U002028,B,2025-12-23,mobile,paid_search,GB,132,0,0,0.0
U002029,B,2026-01-21,mobile,paid_search,ZA,719,1,0,0.0
U002030,A,2026-01-08,mobile,paid_search,ZA,721,0,0,0.0
U002031,B,2026-01-07,mobile,organic,ES,404,0,0,0.0
U002032,B,2026-01-25,mobile,paid_search,GB,132,0,0,0.0
U002033,A,2026-01-20,tablet,organic,NL,559,0,0,0.0
U002034,B,2026-01-20,tablet,email,ES,398,0,1,48.63
U002035,B,2025-12-24,mobile,paid_search,GB,196,0,0,0.0
U002036,A,2025-12-07,mobile,organic,DE,254,0,1,169.11
U002037,A,2026-01-24,mobile,organic,ZA,482,0,0,0.0
U002038,B,2025-12-31,mobile,organic,ZA,88,0,0,0.0
U002039,A,2026-01-15,tablet,organic,ES,561,0,0,0.0
U002040,A,2025-12-04,mobile,social,DE,100,0,0,0.0
U002041,A,2026-01-01,tablet,organic,NL,243,0,0,0.0
U002042,A,2026-01-20,desktop,referral,ZA,240,0,0,0.0
U002043,B,2025-12-28,mobile,email,ES,140,0,0,0.0
U002044,B,2025-12-31,mobile,paid_search,FR,503,1,0,0.0
U002045,B,2026-01-10,mobile,referral,ES,199,0,0,0.0
U002046,B,2026-01-18,mobile,organic,ZA,294,1,0,0.0
U002047,A,2025-12-20,desktop,organic,GB,224,0,0,0.0
U002048,A,2025-12-13,mobile,email,GB,688,0,0,0.0
U002049,A,2026-01-30,desktop,social,ZA,499,0,0,0.0
U002050,B,2026-01-17,mobile,organic,ZA,588,0,0,0.0
U002051,B,2026-01-27,mobile,email,DE,130,0,0,0.0
U002052,A,2025-12-03,mobile,email,ZA,532,0,0,0.0
U002053,A,2026-01-04,mobile,organic,DE,254,0,0,0.0
U002054,A,2025-12-03,desktop,social,FR,132,0,0,0.0
U002055,A,2025-12-19,mobile,organic,GB,196,0,0,0.0
U002056,B,2025-12-24,mobile,paid_search,NL,323,0,0,0.0
U002057,A,2026-01-09,mobile,email,DE,157,0,0,0.0
U002058,B,2026-01-12,mobile,email,ZA,667,0,0,0.0
U002059,A,2026-01-04,desktop,social,DE,515,0,0,0.0
U002060,B,2026-01-14,mobile,organic,ES,512,0,0,0.0
U002061,A,2025-12-18,desktop,email,ZA,343,0,0,0.0
U002062,B,2025-12-25,desktop,organic,ZA,329,0,0,0.0
U002063,A,2025-12-16,mobile,social,ZA,100,0,0,0.0
U002064,B,2026-01-30,desktop,organic,ZA,583,0,0,0.0
U002065,A,2025-12-10,mobile,social,ZA,244,0,1,130.67
U002066,A,2025-12-28,mobile,organic,ZA,666,0,0,0.0
U002067,B,2026-01-13,mobile,paid_search,ZA,162,0,0,0.0
U002068,A,2025-12-04,desktop,organic,DE,459,0,0,0.0
U002069,B,2026-01-18,mobile,paid_search,GB,620,1,0,0.0
U002070,B,2026-01-07,mobile,email,ZA,88,0,0,0.0
U002071,A,2026-01-18,mobile,organic,GB,305,0,0,0.0
U002072,B,2025-12-29,desktop,organic,ES,152,0,0,0.0
U002073,A,2025-12-18,mobile,organic,DE,399,0,0,0.0
U002074,A,2026-01-23,desktop,referral,ES,108,0,0,0.0
U002075,B,2026-01-29,desktop,organic,DE,158,0,0,0.0
U002076,B,2025-12-13,mobile,paid_search,ZA,232,0,0,0.0
U002077,B,2025-12-11,mobile,paid_search,ZA,348,0,0,0.0
U002078,B,2026-01-06,mobile,paid_search,DE,758,0,1,28.24
U002079,B,2025-12-28,mobile,paid_search,ZA,553,1,0,0.0
U002080,A,2026-01-30,mobile,paid_search,FR,465,0,0,0.0
U002081,B,2026-01-23,desktop,paid_search,ZA,220,0,0,0.0
U002082,B,2026-01-29,mobile,organic,GB,363,0,0,0.0
U002083,A,2026-01-01,mobile,email,DE,263,0,0,0.0
U002084,B,2025-12-07,mobile,social,DE,151,1,0,0.0
U002085,A,2025-12-09,mobile,organic,ZA,508,0,0,0.0
U002086,A,2026-01-21,desktop,referral,NL,459,0,0,0.0
U002087,B,2026-01-13,mobile,paid_search,NL,421,0,0,0.0
U002088,B,2025-12-10,mobile,social,GB,10,1,0,0.0
U002089,A,2025-12-26,mobile,email,ZA,347,0,0,0.0
U002090,A,2026-01-24,desktop,referral,GB,701,0,0,0.0
U002091,B,2025-12-01,mobile,paid_search,DE,592,1,0,0.0
U002092,A,2025-12-06,mobile,paid_search,GB,642,1,1,153.1
U002093,B,2026-01-11,desktop,referral,ZA,685,0,0,0.0
U002094,B,2026-01-26,desktop,referral,DE,395,0,0,0.0
U002095,A,2025-12-24,mobile,social,FR,38,0,0,0.0
U002096,A,2026-01-21,mobile,organic,ZA,515,0,0,0.0
U002097,B,2025-12-06,desktop,paid_search,ZA,471,0,0,0.0
U002098,B,2025-12-30,mobile,paid_search,ZA,506,1,0,0.0
U002099,B,2026-01-19,mobile,social,ZA,627,0,0,0.0
U002100,A,2025-12-20,desktop,organic,ES,126,0,1,82.39
U002101,B,2026-01-09,mobile,email,ZA,390,0,0,0.0
U002102,B,2025-12-29,mobile,email,NL,424,0,1,187.62
U002103,B,2025-12-28,mobile,paid_search,ZA,629,0,0,0.0
U002104,B,2026-01-29,mobile,organic,ZA,201,0,0,0.0
U002105,B,2026-01-21,desktop,referral,ZA,260,1,0,0.0
U002106,A,2025-12-29,tablet,email,GB,629,0,0,0.0
U002107,A,2025-12-14,mobile,email,ZA,163,0,0,0.0
U002108,A,2025-12-03,mobile,email,FR,687,0,1,36.67
U002109,A,2026-01-19,mobile,paid_search,DE,77,0,0,0.0
U002110,B,2026-01-13,mobile,email,ZA,712,0,0,0.0
U002111,B,2025-12-21,desktop,referral,FR,222,0,1,38.76
U002112,A,2025-12-29,desktop,social,ES,413,0,0,0.0
U002113,B,2026-01-28,mobile,organic,ZA,207,0,0,0.0
U002114,B,2026-01-13,desktop,organic,DE,725,1,0,0.0
U002115,B,2026-01-01,mobile,paid_search,ZA,231,0,1,86.89
U002116,B,2026-01-13,mobile,organic,ZA,87,1,0,0.0
U002117,A,2026-01-13,desktop,referral,FR,88,0,0,0.0
U002118,A,2025-12-23,mobile,organic,ZA,66,0,0,0.0
U002119,B,2025-12-05,mobile,organic,DE,116,0,0,0.0
U002120,A,2026-01-09,desktop,organic,DE,435,0,0,0.0
U002121,A,2025-12-03,mobile,organic,ZA,518,0,0,0.0
U002122,B,2025-12-26,mobile,referral,ES,580,1,0,0.0
U002123,B,2025-12-31,mobile,email,NL,614,0,0,0.0
U002124,B,2025-12-14,desktop,paid_search,ZA,739,1,0,0.0
U002125,A,2026-01-18,desktop,organic,ZA,293,0,0,0.0
U002126,A,2025-12-14,tablet,organic,ZA,441,0,0,0.0
U002127,A,2026-01-07,mobile,organic,ES,173,0,0,0.0
U002128,A,2025-12-07,mobile,email,ZA,182,0,0,0.0
U002129,B,2025-12-23,mobile,email,ES,681,0,0,0.0
U002130,A,2026-01-27,mobile,paid_search,GB,257,0,0,0.0
U002131,B,2026-01-29,desktop,organic,NL,697,0,0,0.0
U002132,A,2026-01-06,desktop,organic,DE,711,0,0,0.0
U002133,A,2026-01-23,mobile,email,NL,156,1,0,0.0
U002134,B,2025-12-05,mobile,referral,NL,630,1,0,0.0
U002135,A,2026-01-21,mobile,organic,FR,583,1,0,0.0
U002136,B,2025-12-11,mobile,social,FR,191,0,0,0.0
U002137,B,2026-01-03,mobile,paid_search,ZA,486,1,1,43.01
U002138,A,2026-01-04,mobile,paid_search,ZA,682,0,0,0.0
U002139,B,2025-12-11,desktop,organic,DE,185,1,0,0.0
U002140,A,2025-12-16,mobile,email,FR,289,0,0,0.0
U002141,B,2026-01-02,desktop,paid_search,ZA,668,0,0,0.0
U002142,A,2025-12-07,tablet,organic,FR,528,1,0,0.0
U002143,A,2025-12-19,mobile,email,NL,311,0,0,0.0
U002144,A,2025-12-18,mobile,referral,DE,154,0,0,0.0
U002145,B,2025-12-05,mobile,referral,GB,636,0,0,0.0
U002146,B,2026-01-17,desktop,organic,ZA,268,0,0,0.0
U002147,A,2026-01-24,mobile,email,GB,279,0,0,0.0
U002148,B,2025-12-03,desktop,email,GB,565,0,0,0.0
U002149,A,2026-01-22,mobile,email,DE,568,0,0,0.0
U002150,B,2026-01-09,mobile,organic,ZA,43,0,0,0.0
U002151,A,2026-01-13,desktop,email,FR,656,0,1,203.36
U002152,B,2026-01-03,mobile,referral,ZA,273,0,0,0.0
U002153,B,2025-12-05,desktop,paid_search,ZA,193,0,1,35.44
U002154,A,2026-01-26,mobile,social,NL,393,0,0,0.0
U002155,A,2025-12-15,desktop,referral,ZA,624,0,1,122.03
U002156,B,2026-01-20,mobile,email,GB,551,0,0,0.0
U002157,B,2025-12-13,desktop,paid_search,ZA,504,1,1,190.37
U002158,A,2025-12-28,desktop,organic,ZA,232,0,0,0.0
U002159,A,2026-01-23,desktop,referral,DE,412,0,0,0.0
U002160,B,2026-01-02,desktop,referral,DE,630,0,0,0.0
U002161,B,2026-01-29,mobile,email,FR,230,0,0,0.0
U002162,A,2025-12-13,mobile,social,NL,279,0,0,0.0
U002163,A,2025-12-04,mobile,organic,ZA,227,0,1,130.32
U002164,A,2026-01-15,desktop,social,GB,511,0,0,0.0
U002165,B,2026-01-19,desktop,social,DE,336,0,0,0.0
U002166,B,2026-01-16,desktop,organic,FR,742,0,0,0.0
U002167,A,2025-12-24,mobile,referral,ZA,415,0,0,0.0
U002168,B,2026-01-21,mobile,organic,ZA,100,0,0,0.0
U002169,A,2026-01-14,desktop,paid_search,ES,807,1,0,0.0
U002170,B,2026-01-08,mobile,social,GB,385,0,0,0.0
U002171,A,2026-01-29,mobile,paid_search,ES,209,0,0,0.0
U002172,B,2025-12-18,mobile,organic,NL,73,0,0,0.0
U002173,B,2026-01-07,mobile,social,ZA,438,0,0,0.0
U002174,A,2026-01-15,desktop,paid_search,GB,829,1,0,0.0
U002175,B,2025-12-02,mobile,email,ZA,648,0,0,0.0
U002176,A,2025-12-24,desktop,paid_search,ES,715,1,0,0.0
U002177,B,2025-12-18,desktop,organic,NL,625,0,0,0.0
U002178,B,2026-01-13,mobile,organic,ZA,187,0,0,0.0
U002179,B,2026-01-14,mobile,social,NL,157,0,0,0.0
U002180,A,2025-12-28,mobile,organic,ZA,499,1,0,0.0
U002181,A,2026-01-22,mobile,email,FR,272,0,1,185.25
U002182,A,2026-01-11,mobile,referral,ZA,175,0,0,0.0
U002183,B,2025-12-05,mobile,organic,DE,219,1,1,73.63
U002184,B,2026-01-14,desktop,email,ZA,644,0,0,0.0
U002185,A,2025-12-03,mobile,organic,DE,379,0,0,0.0
U002186,A,2026-01-28,desktop,paid_search,ZA,809,0,0,0.0
U002187,B,2025-12-23,desktop,social,DE,302,1,0,0.0
U002188,B,2025-12-15,desktop,organic,GB,694,1,0,0.0
U002189,A,2026-01-14,desktop,social,ZA,414,0,0,0.0
U002190,B,2025-12-03,mobile,organic,ZA,490,1,0,0.0
U002191,B,2026-01-20,tablet,email,NL,324,1,0,0.0
U002192,A,2025-12-07,mobile,social,NL,572,0,0,0.0
U002193,B,2025-12-12,desktop,referral,GB,750,0,0,0.0
U002194,B,2025-12-17,desktop,paid_search,ZA,372,1,0,0.0
U002195,A,2026-01-14,tablet,organic,ZA,551,0,0,0.0
U002196,A,2025-12-10,mobile,referral,NL,599,0,0,0.0
U002197,B,2026-01-10,desktop,organic,ES,471,0,0,0.0
U002198,B,2025-12-22,mobile,email,ES,389,0,0,0.0
U002199,B,2025-12-05,desktop,organic,ZA,543,0,0,0.0
U002200,B,2025-12-01,mobile,organic,NL,332,0,0,0.0
U002201,A,2025-12-01,desktop,organic,FR,279,0,0,0.0
U002202,A,2025-12-26,mobile,social,GB,370,1,0,0.0
U002203,B,2025-12-03,mobile,organic,ZA,198,0,0,0.0
U002204,A,2025-12-28,tablet,organic,ZA,401,0,1,169.34
U002205,A,2026-01-16,mobile,referral,DE,481,0,0,0.0
U002206,A,2025-12-31,desktop,social,ZA,215,0,0,0.0
U002207,B,2026-01-01,mobile,email,ZA,383,0,0,0.0
U002208,B,2025-12-28,desktop,email,GB,810,0,0,0.0
U002209,B,2025-12-14,mobile,paid_search,NL,286,0,0,0.0
U002210,A,2025-12-29,desktop,email,ZA,599,0,0,0.0
U002211,A,2026-01-04,mobile,organic,DE,232,0,0,0.0
U002212,B,2026-01-14,desktop,organic,DE,743,0,0,0.0
U002213,B,2026-01-13,desktop,paid_search,ZA,341,1,1,38.06
U002214,B,2026-01-19,mobile,social,ZA,273,0,0,0.0
U002215,A,2025-12-01,desktop,organic,GB,683,0,0,0.0
U002216,B,2025-12-28,mobile,organic,GB,480,0,0,0.0
U002217,A,2026-01-22,mobile,social,GB,38,0,0,0.0
U002218,A,2025-12-23,mobile,organic,ZA,622,0,0,0.0
U002219,B,2026-01-09,mobile,paid_search,ZA,762,0,0,0.0
U002220,B,2025-12-15,mobile,organic,GB,497,0,0,0.0
U002221,A,2025-12-11,mobile,paid_search,DE,514,0,0,0.0
U002222,A,2025-12-19,desktop,email,DE,812,0,0,0.0
U002223,A,2026-01-12,mobile,organic,ZA,288,0,0,0.0
U002224,A,2025-12-15,mobile,organic,ZA,332,0,0,0.0
U002225,B,2026-01-07,mobile,paid_search,NL,339,0,0,0.0
U002226,B,2025-12-18,desktop,organic,GB,812,0,0,0.0
U002227,A,2025-12-22,mobile,organic,FR,243,0,0,0.0
U002228,B,2026-01-19,desktop,paid_search,ES,223,1,1,199.72
U002229,B,2025-12-09,mobile,organic,NL,64,0,0,0.0
U002230,B,2025-12-23,mobile,email,FR,482,0,0,0.0
U002231,B,2025-12-09,mobile,organic,ZA,600,0,0,0.0
U002232,B,2025-12-10,desktop,organic,ZA,96,0,0,0.0
U002233,A,2026-01-19,mobile,email,GB,507,0,0,0.0
U002234,A,2026-01-07,mobile,email,GB,133,0,0,0.0
U002235,A,2026-01-06,desktop,referral,ZA,489,0,0,0.0
U002236,A,2025-12-25,mobile,organic,ES,583,0,0,0.0
U002237,A,2025-12-12,mobile,paid_search,ES,182,0,0,0.0
U002238,A,2025-12-12,mobile,organic,ZA,328,0,0,0.0
U002239,B,2026-01-02,desktop,email,DE,650,0,0,0.0
U002240,B,2025-12-21,desktop,social,DE,387,0,0,0.0
U002241,B,2025-12-06,desktop,referral,GB,350,0,0,0.0
U002242,A,2025-12-14,desktop,organic,ZA,431,0,0,0.0
U002243,B,2025-12-18,mobile,organic,GB,364,0,0,0.0
U002244,B,2025-12-13,mobile,paid_search,ZA,280,1,1,95.49
U002245,B,2025-12-14,mobile,organic,ZA,222,0,0,0.0
U002246,A,2026-01-14,mobile,social,FR,393,0,0,0.0
U002247,B,2026-01-09,desktop,email,ZA,205,0,0,0.0
U002248,A,2026-01-27,mobile,organic,DE,284,0,0,0.0
U002249,A,2025-12-18,desktop,referral,ZA,249,0,0,0.0
U002250,B,2026-01-07,desktop,social,ES,119,0,0,0.0
U002251,B,2025-12-09,mobile,social,ZA,427,0,0,0.0
U002252,B,2025-12-07,desktop,paid_search,DE,651,0,0,0.0
U002253,B,2026-01-29,desktop,referral,ZA,499,0,0,0.0
U002254,B,2025-12-10,desktop,paid_search,ZA,618,1,0,0.0
U002255,B,2026-01-07,desktop,organic,GB,632,0,0,0.0
U002256,B,2025-12-10,tablet,paid_search,DE,589,0,1,38.02
U002257,B,2025-12-08,mobile,referral,ZA,374,0,0,0.0
U002258,B,2026-01-17,desktop,email,NL,229,0,0,0.0
U002259,B,2026-01-21,desktop,organic,ZA,231,0,0,0.0
U002260,B,2025-12-12,mobile,email,NL,235,1,1,195.84
U002261,B,2026-01-17,mobile,organic,GB,187,1,0,0.0
U002262,A,2025-12-08,mobile,organic,ZA,286,0,0,0.0
U002263,B,2025-12-13,desktop,email,ZA,692,0,0,0.0
U002264,A,2026-01-27,desktop,organic,NL,626,0,0,0.0
U002265,A,2025-12-30,mobile,organic,NL,648,0,0,0.0
U002266,B,2025-12-05,desktop,social,ZA,509,0,0,0.0
U002267,A,2026-01-10,desktop,organic,NL,427,0,0,0.0
U002268,B,2025-12-31,mobile,organic,ES,600,1,0,0.0
U002269,B,2025-12-23,mobile,organic,DE,48,0,0,0.0
U002270,B,2025-12-10,mobile,organic,ZA,440,0,0,0.0
U002271,A,2026-01-18,desktop,paid_search,ZA,464,0,0,0.0
U002272,A,2026-01-22,desktop,organic,FR,239,0,0,0.0
U002273,B,2026-01-09,mobile,email,DE,183,0,0,0.0
U002274,B,2026-01-18,desktop,organic,DE,369,0,1,143.21
U002275,A,2025-12-10,mobile,social,FR,383,0,0,0.0
U002276,A,2025-12-24,mobile,social,DE,537,0,0,0.0
U002277,A,2026-01-18,mobile,paid_search,ZA,597,0,0,0.0
U002278,B,2026-01-23,desktop,organic,FR,303,0,0,0.0
U002279,A,2026-01-10,mobile,organic,ZA,355,0,0,0.0
U002280,B,2025-12-19,tablet,paid_search,ZA,274,0,0,0.0
U002281,B,2025-12-08,desktop,email,GB,269,1,1,167.34
U002282,A,2025-12-11,desktop,paid_search,FR,283,0,0,0.0
U002283,B,2026-01-25,desktop,organic,GB,736,1,0,0.0
U002284,B,2026-01-08,tablet,organic,FR,138,0,0,0.0
U002285,B,2025-12-02,mobile,social,GB,31,0,0,0.0
U002286,A,2025-12-13,desktop,paid_search,ZA,511,1,0,0.0
U002287,A,2025-12-12,mobile,social,NL,583,0,0,0.0
U002288,A,2025-12-27,desktop,paid_search,DE,733,1,0,0.0
U002289,B,2025-12-11,desktop,email,ES,415,0,0,0.0
U002290,B,2026-01-09,desktop,email,NL,386,0,0,0.0
U002291,B,2026-01-10,mobile,email,DE,494,0,1,106.26
U002292,A,2026-01-19,mobile,referral,ZA,699,0,0,0.0
U002293,B,2026-01-15,desktop,organic,DE,598,0,0,0.0
U002294,B,2026-01-16,desktop,paid_search,ZA,202,0,1,33.01
U002295,B,2026-01-16,mobile,paid_search,ZA,657,1,0,0.0
U002296,A,2026-01-19,mobile,organic,DE,439,1,0,0.0
U002297,B,2025-12-23,tablet,paid_search,NL,773,0,0,0.0
U002298,A,2026-01-17,desktop,referral,NL,293,0,0,0.0
U002299,B,2025-12-26,mobile,email,DE,495,0,0,0.0
U002300,A,2025-12-20,desktop,paid_search,NL,320,0,0,0.0
U002301,A,2026-01-10,mobile,paid_search,ZA,253,0,1,66.04
U002302,A,2026-01-18,desktop,paid_search,ES,445,0,0,0.0
U002303,A,2025-12-01,mobile,paid_search,ZA,581,0,0,0.0
U002304,B,2025-12-19,mobile,organic,GB,642,0,0,0.0
U002305,A,2025-12-30,mobile,social,GB,644,0,0,0.0
U002306,B,2026-01-04,mobile,paid_search,FR,589,0,0,0.0
U002307,B,2025-12-11,desktop,paid_search,GB,142,1,0,0.0
U002308,A,2025-12-26,mobile,paid_search,GB,406,0,1,162.1
U002309,A,2026-01-04,desktop,organic,ZA,276,0,0,0.0
U002310,B,2026-01-25,desktop,organic,GB,673,0,0,0.0
U002311,A,2026-01-23,desktop,referral,DE,505,1,0,0.0
U002312,A,2025-12-24,desktop,organic,ZA,452,0,0,0.0
U002313,B,2026-01-25,desktop,organic,ZA,465,0,0,0.0
U002314,B,2025-12-13,desktop,referral,DE,406,0,1,165.38
U002315,B,2026-01-28,mobile,organic,GB,444,0,0,0.0
U002316,A,2026-01-10,desktop,paid_search,NL,230,0,0,0.0
U002317,B,2025-12-17,mobile,paid_search,ZA,570,0,0,0.0
U002318,B,2026-01-29,mobile,social,ZA,35,0,0,0.0
U002319,A,2026-01-28,mobile,paid_search,NL,220,0,0,0.0
U002320,A,2026-01-24,mobile,paid_search,ZA,297,0,1,104.82
U002321,A,2025-12-25,mobile,organic,FR,401,0,0,0.0
U002322,A,2025-12-07,desktop,social,DE,432,0,0,0.0
U002323,A,2026-01-16,mobile,organic,FR,630,1,0,0.0
U002324,A,2026-01-12,mobile,organic,NL,503,0,0,0.0
U002325,A,2025-12-30,mobile,paid_search,ZA,766,0,0,0.0
U002326,B,2026-01-15,desktop,paid_search,ZA,728,0,0,0.0
U002327,B,2025-12-21,mobile,organic,GB,520,0,1,33.1
U002328,A,2025-12-04,mobile,email,GB,684,0,0,0.0
U002329,A,2025-12-15,desktop,email,GB,328,0,0,0.0
U002330,B,2025-12-19,mobile,social,GB,347,0,0,0.0
U002331,B,2025-12-13,mobile,social,DE,36,0,0,0.0
U002332,A,2025-12-13,mobile,organic,ZA,90,0,0,0.0
U002333,B,2026-01-28,desktop,organic,ES,635,0,0,0.0
U002334,B,2026-01-05,mobile,social,GB,494,1,0,0.0
U002335,A,2025-12-21,desktop,organic,ZA,415,0,0,0.0
U002336,B,2026-01-16,mobile,social,FR,65,0,0,0.0
U002337,A,2026-01-13,mobile,organic,NL,528,1,0,0.0
U002338,B,2026-01-29,mobile,social,DE,67,0,0,0.0
U002339,A,2026-01-08,mobile,social,DE,444,0,0,0.0
U002340,B,2026-01-06,mobile,organic,ZA,69,0,0,0.0
U002341,A,2026-01-06,mobile,social,NL,358,1,1,115.11
U002342,B,2025-12-19,desktop,organic,ZA,398,0,0,0.0
U002343,B,2026-01-27,desktop,paid_search,GB,526,0,0,0.0
U002344,B,2026-01-26,mobile,email,DE,608,0,0,0.0
U002345,B,2025-12-04,mobile,organic,FR,493,0,0,0.0
U002346,B,2026-01-24,desktop,organic,ZA,660,1,0,0.0
U002347,B,2026-01-27,mobile,organic,ZA,614,0,0,0.0
U002348,A,2025-12-22,desktop,social,FR,297,0,0,0.0
U002349,B,2026-01-03,mobile,organic,ZA,50,0,0,0.0
U002350,B,2026-01-24,mobile,email,DE,746,0,1,203.44
U002351,A,2025-12-01,desktop,organic,FR,795,0,0,0.0
U002352,A,2025-12-30,mobile,organic,ZA,455,0,0,0.0
U002353,A,2026-01-20,mobile,email,DE,644,0,0,0.0
U002354,A,2026-01-17,mobile,social,ZA,124,1,0,0.0
U002355,A,2025-12-16,desktop,organic,ZA,611,0,0,0.0
U002356,A,2026-01-11,desktop,organic,ZA,491,0,0,0.0
U002357,A,2026-01-04,desktop,social,FR,116,1,0,0.0
U002358,A,2025-12-30,mobile,organic,ZA,563,0,0,0.0
U002359,A,2026-01-28,mobile,organic,ZA,633,0,0,0.0
U002360,A,2026-01-21,desktop,email,DE,743,1,0,0.0
U002361,A,2026-01-12,mobile,email,NL,474,0,0,0.0
U002362,A,2026-01-20,desktop,organic,ZA,538,0,0,0.0
U002363,B,2026-01-28,mobile,paid_search,GB,271,0,0,0.0
U002364,B,2025-12-27,mobile,social,ZA,548,0,0,0.0
U002365,A,2026-01-15,desktop,organic,NL,777,0,0,0.0
U002366,B,2025-12-14,mobile,social,DE,300,0,1,86.11
U002367,A,2025-12-13,desktop,paid_search,ZA,323,1,0,0.0
U002368,A,2026-01-29,desktop,social,ZA,356,1,0,0.0
U002369,A,2025-12-21,desktop,referral,DE,643,0,0,0.0
U002370,B,2026-01-25,desktop,social,DE,39,0,0,0.0
U002371,B,2026-01-30,desktop,paid_search,ZA,455,0,0,0.0
U002372,B,2025-12-22,mobile,social,ZA,515,0,0,0.0
U002373,A,2025-12-28,desktop,referral,ES,207,0,0,0.0
U002374,B,2026-01-19,desktop,organic,ES,718,0,0,0.0
U002375,B,2025-12-14,mobile,paid_search,FR,592,0,0,0.0
U002376,A,2025-12-31,mobile,social,ZA,10,1,0,0.0
U002377,B,2025-12-23,mobile,social,NL,32,0,0,0.0
U002378,A,2026-01-20,mobile,organic,ZA,690,0,0,0.0
U002379,A,2025-12-06,desktop,email,GB,579,0,0,0.0
U002380,A,2026-01-15,desktop,email,NL,452,1,0,0.0
U002381,B,2025-12-16,desktop,email,ZA,753,0,0,0.0
U002382,B,2025-12-10,desktop,paid_search,GB,802,1,0,0.0
U002383,A,2026-01-29,mobile,organic,ZA,100,0,0,0.0
U002384,B,2025-12-12,mobile,organic,NL,681,0,0,0.0
U002385,A,2026-01-04,desktop,organic,ZA,508,0,0,0.0
U002386,A,2025-12-31,mobile,paid_search,GB,729,1,0,0.0
U002387,B,2025-12-03,mobile,email,ZA,576,1,0,0.0
U002388,A,2026-01-04,mobile,organic,GB,639,0,1,99.19
U002389,A,2026-01-21,mobile,organic,FR,241,0,0,0.0
U002390,B,2025-12-03,desktop,organic,ZA,328,0,0,0.0
U002391,B,2025-12-31,desktop,email,GB,298,0,0,0.0
U002392,B,2026-01-15,desktop,email,FR,683,1,0,0.0
U002393,B,2025-12-31,desktop,paid_search,ZA,510,0,0,0.0
U002394,A,2026-01-20,tablet,organic,GB,150,1,0,0.0
U002395,A,2026-01-07,mobile,organic,ES,700,0,0,0.0
U002396,A,2026-01-22,mobile,social,NL,365,1,0,0.0
U002397,A,2026-01-10,mobile,organic,ES,501,0,0,0.0
U002398,B,2025-12-20,desktop,organic,ES,221,0,0,0.0
U002399,A,2026-01-04,mobile,paid_search,ZA,221,0,0,0.0
U002400,B,2026-01-07,tablet,organic,NL,608,0,0,0.0
U002401,B,2026-01-21,mobile,paid_search,GB,543,0,0,0.0
U002402,A,2025-12-04,desktop,paid_search,ZA,573,0,0,0.0
U002403,B,2026-01-05,tablet,referral,ZA,94,0,0,0.0
U002404,A,2025-12-28,mobile,organic,DE,561,0,0,0.0
U002405,B,2025-12-13,mobile,referral,DE,222,0,0,0.0
U002406,A,2025-12-18,mobile,organic,ES,60,0,0,0.0
U002407,B,2026-01-03,mobile,organic,ZA,29,0,0,0.0
U002408,A,2026-01-16,mobile,referral,ZA,34,0,0,0.0
U002409,B,2026-01-18,mobile,organic,ZA,551,0,0,0.0
U002410,B,2025-12-26,mobile,paid_search,DE,109,0,0,0.0
U002411,B,2025-12-06,mobile,organic,FR,43,0,0,0.0
U002412,A,2026-01-06,desktop,email,NL,382,1,0,0.0
U002413,B,2026-01-13,mobile,email,FR,697,0,0,0.0
U002414,B,2025-12-20,mobile,social,ZA,553,0,0,0.0
U002415,A,2025-12-04,mobile,paid_search,NL,708,0,0,0.0
U002416,A,2026-01-26,mobile,social,ES,98,0,0,0.0
U002417,A,2026-01-08,mobile,organic,ZA,533,0,0,0.0
U002418,B,2025-12-10,tablet,organic,ZA,710,1,1,153.38
U002419,A,2025-12-27,mobile,organic,ES,641,0,0,0.0
U002420,B,2025-12-18,desktop,paid_search,ZA,143,0,0,0.0
U002421,B,2025-12-02,desktop,email,DE,335,1,1,71.34
U002422,A,2026-01-29,desktop,referral,ZA,468,1,0,0.0
U002423,B,2026-01-01,mobile,organic,ZA,252,0,0,0.0
U002424,B,2025-12-27,mobile,referral,ZA,485,1,0,0.0
U002425,A,2025-12-07,tablet,paid_search,ZA,437,1,0,0.0
U002426,A,2025-12-12,desktop,referral,ZA,104,0,0,0.0
U002427,A,2025-12-03,mobile,paid_search,ZA,364,0,1,42.47
U002428,A,2025-12-10,mobile,organic,FR,199,0,0,0.0
U002429,B,2026-01-29,desktop,organic,ZA,163,0,0,0.0
U002430,B,2025-12-01,mobile,paid_search,FR,302,0,0,0.0
U002431,B,2025-12-20,desktop,social,ES,546,0,0,0.0
U002432,A,2026-01-09,mobile,organic,GB,660,0,0,0.0
U002433,A,2026-01-24,mobile,organic,DE,451,1,0,0.0
U002434,B,2025-12-11,tablet,email,FR,268,0,0,0.0
U002435,B,2026-01-24,mobile,social,ES,420,0,0,0.0
U002436,A,2026-01-29,desktop,paid_search,ES,749,0,0,0.0
U002437,B,2025-12-31,mobile,organic,ZA,81,0,0,0.0
U002438,A,2026-01-29,mobile,paid_search,GB,572,0,0,0.0
U002439,A,2025-12-18,desktop,organic,ZA,527,0,0,0.0
U002440,A,2025-12-22,desktop,paid_search,ZA,499,0,0,0.0
U002441,A,2025-12-26,desktop,organic,ZA,155,1,0,0.0
U002442,A,2025-12-13,mobile,organic,ZA,275,1,0,0.0
U002443,A,2025-12-15,mobile,paid_search,ZA,576,0,0,0.0
U002444,A,2026-01-21,mobile,organic,GB,285,0,1,155.48
U002445,B,2025-12-03,mobile,organic,NL,338,0,0,0.0
U002446,A,2026-01-16,mobile,social,ZA,428,0,0,0.0
U002447,B,2025-12-01,desktop,organic,ZA,771,0,0,0.0
U002448,A,2025-12-04,tablet,organic,DE,630,0,0,0.0
U002449,A,2025-12-06,desktop,organic,ZA,414,0,0,0.0
U002450,B,2026-01-01,desktop,paid_search,GB,861,1,0,0.0
U002451,B,2026-01-18,mobile,referral,FR,383,0,0,0.0
U002452,B,2025-12-04,desktop,organic,DE,422,0,0,0.0
U002453,B,2026-01-28,mobile,organic,ZA,468,0,0,0.0
U002454,A,2025-12-08,mobile,referral,DE,474,0,1,42.02
U002455,A,2026-01-18,mobile,organic,ZA,445,1,1,130.44
U002456,A,2026-01-09,mobile,social,ZA,189,0,0,0.0
U002457,B,2025-12-17,mobile,email,DE,599,0,1,190.71
U002458,B,2025-12-07,desktop,organic,FR,611,0,0,0.0
U002459,A,2025-12-23,mobile,referral,ZA,193,0,0,0.0
U002460,A,2026-01-21,desktop,organic,GB,260,0,0,0.0
U002461,B,2026-01-20,tablet,paid_search,FR,688,0,0,0.0
U002462,A,2026-01-21,mobile,email,ZA,782,1,0,0.0
U002463,B,2026-01-29,mobile,email,NL,216,0,0,0.0
U002464,B,2026-01-27,mobile,organic,ZA,511,0,0,0.0
U002465,A,2026-01-30,tablet,email,FR,279,0,0,0.0
U002466,B,2026-01-25,mobile,organic,DE,319,0,0,0.0
U002467,A,2026-01-28,mobile,paid_search,NL,117,0,0,0.0
U002468,A,2025-12-24,desktop,organic,FR,662,0,0,0.0
U002469,B,2025-12-15,desktop,referral,NL,327,0,1,84.14
U002470,B,2026-01-26,desktop,social,GB,242,0,0,0.0
U002471,A,2025-12-08,mobile,organic,ZA,133,0,0,0.0
U002472,B,2026-01-28,mobile,social,ZA,603,0,0,0.0
U002473,A,2025-12-24,mobile,organic,ES,66,0,0,0.0
U002474,A,2025-12-15,desktop,organic,ZA,404,0,0,0.0
U002475,A,2025-12-18,mobile,paid_search,ZA,414,0,1,55.2
U002476,B,2025-12-30,mobile,paid_search,ZA,768,0,0,0.0
U002477,A,2026-01-12,desktop,organic,GB,393,0,0,0.0
U002478,B,2025-12-19,desktop,social,GB,438,0,1,128.33
U002479,A,2026-01-19,desktop,email,GB,321,0,0,0.0
U002480,B,2025-12-29,mobile,organic,ZA,688,0,0,0.0
U002481,A,2026-01-30,mobile,social,ZA,353,0,0,0.0
U002482,A,2025-12-27,desktop,organic,ZA,646,0,0,0.0
U002483,B,2025-12-27,desktop,email,FR,735,0,0,0.0
U002484,A,2025-12-22,desktop,email,ZA,548,0,0,0.0
U002485,B,2025-12-10,mobile,paid_search,FR,451,0,0,0.0
U002486,A,2025-12-01,mobile,email,FR,538,1,0,0.0
U002487,B,2025-12-30,mobile,organic,ZA,466,0,0,0.0
U002488,B,2025-12-16,desktop,paid_search,ZA,342,0,0,0.0
U002489,A,2026-01-16,mobile,organic,ZA,678,1,1,141.85
U002490,B,2026-01-23,mobile,social,GB,112,0,0,0.0
U002491,B,2025-12-11,desktop,paid_search,ZA,465,0,0,0.0
U002492,A,2026-01-30,mobile,paid_search,DE,326,0,0,0.0
U002493,A,2025-12-12,desktop,referral,ES,613,1,0,0.0
U002494,A,2026-01-13,mobile,paid_search,ZA,541,1,1,99.04
U002495,B,2025-12-02,tablet,social,ZA,202,0,0,0.0
U002496,B,2025-12-19,mobile,organic,GB,489,0,0,0.0
U002497,A,2025-12-15,desktop,social,GB,665,0,0,0.0
U002498,B,2026-01-04,mobile,paid_search,FR,405,1,0,0.0
U002499,B,2026-01-09,desktop,paid_search,ZA,793,1,0,0.0
U002500,A,2026-01-18,mobile,paid_search,ZA,641,0,0,0.0
U002501,B,2025-12-20,tablet,paid_search,GB,259,0,0,0.0
U002502,B,2025-12-30,desktop,paid_search,ZA,417,0,0,0.0
U002503,B,2025-12-02,mobile,organic,NL,465,0,1,150.89
U002504,B,2026-01-18,mobile,social,ZA,578,0,0,0.0
U002505,B,2026-01-23,desktop,paid_search,ZA,234,0,0,0.0
U002506,A,2025-12-17,mobile,social,DE,187,0,0,0.0
U002507,A,2025-12-01,tablet,organic,ZA,210,0,0,0.0
U002508,A,2025-12-04,mobile,social,ZA,347,0,0,0.0
U002509,B,2025-12-15,desktop,paid_search,NL,767,0,0,0.0
U002510,B,2025-12-16,mobile,organic,NL,423,0,0,0.0
U002511,A,2026-01-21,mobile,organic,FR,571,0,0,0.0
U002512,A,2026-01-20,mobile,organic,ZA,613,1,0,0.0
U002513,B,2025-12-26,mobile,social,DE,154,0,0,0.0
U002514,A,2025-12-13,mobile,paid_search,DE,344,1,1,51.62
U002515,B,2025-12-18,desktop,paid_search,ES,511,0,0,0.0
U002516,A,2026-01-14,mobile,paid_search,ZA,466,0,0,0.0
U002517,A,2025-12-21,mobile,social,DE,412,0,0,0.0
U002518,A,2025-12-02,desktop,paid_search,GB,307,0,0,0.0
U002519,B,2026-01-04,desktop,organic,ZA,136,0,0,0.0
U002520,A,2025-12-15,desktop,organic,ZA,353,0,0,0.0
U002521,B,2025-12-07,mobile,email,ZA,574,0,0,0.0
U002522,A,2025-12-30,desktop,organic,FR,323,1,1,115.82
U002523,B,2025-12-17,desktop,email,FR,731,1,0,0.0
U002524,A,2026-01-19,mobile,paid_search,GB,737,0,0,0.0
U002525,A,2025-12-16,desktop,paid_search,ES,567,0,0,0.0
U002526,A,2025-12-22,mobile,paid_search,ZA,518,1,0,0.0
U002527,B,2026-01-20,desktop,email,DE,706,0,0,0.0
U002528,A,2025-12-26,desktop,organic,GB,518,1,0,0.0
U002529,A,2025-12-20,tablet,social,DE,338,0,0,0.0
U002530,B,2025-12-12,mobile,organic,FR,566,0,0,0.0
U002531,B,2026-01-10,mobile,email,ES,539,0,0,0.0
U002532,B,2026-01-26,mobile,organic,NL,193,0,0,0.0
U002533,A,2025-12-19,mobile,organic,ZA,33,0,0,0.0
U002534,A,2026-01-23,desktop,organic,GB,83,0,0,0.0
U002535,B,2025-12-04,tablet,organic,ZA,128,0,0,0.0
U002536,A,2025-12-15,desktop,organic,FR,666,0,0,0.0
U002537,B,2025-12-12,mobile,organic,GB,108,0,0,0.0
U002538,B,2026-01-14,mobile,referral,ES,167,0,0,0.0
U002539,A,2025-12-18,mobile,referral,FR,76,0,0,0.0
U002540,A,2025-12-19,mobile,paid_search,ES,51,0,0,0.0
U002541,A,2025-12-18,mobile,paid_search,GB,218,0,0,0.0
U002542,B,2025-12-13,desktop,organic,DE,715,0,1,104.56
U002543,A,2025-12-13,desktop,paid_search,ZA,403,0,0,0.0
U002544,B,2025-12-25,mobile,paid_search,GB,126,0,0,0.0
U002545,A,2025-12-19,mobile,referral,NL,458,0,0,0.0
U002546,B,2025-12-07,mobile,paid_search,ES,625,0,0,0.0
U002547,A,2025-12-12,mobile,organic,DE,475,0,0,0.0
U002548,A,2026-01-01,mobile,organic,GB,363,0,0,0.0
U002549,A,2025-12-17,mobile,email,ZA,464,0,0,0.0
U002550,A,2026-01-23,desktop,paid_search,DE,438,1,0,0.0
U002551,B,2025-12-05,desktop,referral,ZA,426,0,0,0.0
U002552,B,2025-12-31,desktop,organic,ZA,365,0,0,0.0
U002553,A,2026-01-21,mobile,social,GB,83,0,0,0.0
U002554,A,2026-01-11,desktop,email,ZA,686,0,0,0.0
U002555,A,2026-01-16,mobile,paid_search,GB,751,0,0,0.0
U002556,A,2025-12-30,mobile,social,FR,398,0,0,0.0
U002557,B,2025-12-24,desktop,social,ZA,475,0,0,0.0
U002558,A,2025-12-31,tablet,organic,NL,74,0,0,0.0
U002559,A,2026-01-23,desktop,paid_search,ZA,409,0,0,0.0
U002560,A,2025-12-03,mobile,organic,ZA,455,0,0,0.0
U002561,A,2025-12-31,desktop,email,ZA,653,0,0,0.0
U002562,B,2025-12-09,mobile,organic,GB,506,0,0,0.0
U002563,B,2026-01-09,mobile,paid_search,GB,614,0,0,0.0
U002564,A,2026-01-08,desktop,organic,GB,333,0,0,0.0
U002565,B,2026-01-14,mobile,paid_search,NL,584,1,0,0.0
U002566,B,2026-01-10,mobile,organic,DE,329,0,0,0.0
U002567,A,2025-12-30,mobile,email,DE,208,0,0,0.0
U002568,A,2025-12-27,mobile,organic,ZA,91,0,0,0.0
U002569,B,2026-01-13,desktop,organic,ZA,718,1,0,0.0
U002570,B,2025-12-06,desktop,paid_search,DE,310,0,0,0.0
U002571,A,2026-01-26,desktop,email,ZA,240,0,0,0.0
U002572,A,2025-12-17,mobile,paid_search,ZA,326,0,0,0.0
U002573,A,2026-01-26,mobile,email,ES,456,0,0,0.0
U002574,A,2025-12-19,mobile,paid_search,ES,503,0,0,0.0
U002575,A,2025-12-22,desktop,paid_search,ZA,478,1,0,0.0
U002576,A,2026-01-28,mobile,email,DE,317,0,0,0.0
U002577,B,2026-01-22,desktop,paid_search,DE,618,0,1,148.73
U002578,B,2025-12-18,desktop,email,ZA,891,0,0,0.0
U002579,B,2025-12-07,mobile,social,NL,605,0,0,0.0
U002580,A,2025-12-01,mobile,paid_search,ZA,533,0,0,0.0
U002581,A,2025-12-20,mobile,social,ZA,505,0,0,0.0
U002582,B,2026-01-24,mobile,organic,ZA,189,0,0,0.0
U002583,A,2026-01-25,desktop,social,NL,467,0,0,0.0
U002584,B,2026-01-12,mobile,organic,DE,676,0,0,0.0
U002585,A,2025-12-27,mobile,paid_search,DE,231,0,0,0.0
U002586,A,2026-01-21,mobile,paid_search,ZA,140,1,1,125.98
U002587,A,2026-01-10,desktop,organic,ES,335,0,0,0.0
U002588,A,2025-12-21,desktop,paid_search,DE,801,0,0,0.0
U002589,B,2026-01-27,mobile,organic,FR,322,0,0,0.0
U002590,A,2025-12-11,desktop,organic,GB,143,1,0,0.0
U002591,B,2025-12-30,mobile,organic,DE,292,0,0,0.0
U002592,B,2026-01-15,mobile,paid_search,DE,499,1,0,0.0
U002593,A,2025-12-21,mobile,email,DE,148,0,0,0.0
U002594,A,2026-01-02,desktop,email,NL,600,0,0,0.0
U002595,B,2026-01-22,desktop,social,NL,615,0,0,0.0
U002596,A,2026-01-01,mobile,organic,ES,429,0,0,0.0
U002597,B,2025-12-15,mobile,paid_search,NL,737,0,0,0.0
U002598,B,2025-12-09,mobile,organic,NL,198,0,1,65.94
U002599,B,2025-12-25,mobile,referral,DE,151,1,0,0.0
U002600,A,2025-12-30,tablet,paid_search,GB,311,0,0,0.0
U002601,B,2026-01-08,desktop,organic,ES,737,0,0,0.0
U002602,B,2025-12-31,desktop,paid_search,GB,712,1,0,0.0
U002603,A,2025-12-20,mobile,organic,ZA,555,0,0,0.0
U002604,B,2026-01-22,mobile,organic,DE,214,0,0,0.0
U002605,A,2025-12-09,mobile,organic,NL,316,0,0,0.0
U002606,B,2025-12-30,tablet,organic,DE,117,0,0,0.0
U002607,B,2026-01-25,mobile,referral,ZA,327,1,0,0.0
U002608,B,2026-01-01,mobile,social,NL,493,1,0,0.0
U002609,A,2025-12-21,desktop,paid_search,ZA,246,0,0,0.0
U002610,B,2025-12-04,mobile,organic,NL,51,0,0,0.0
U002611,A,2026-01-08,tablet,organic,ES,641,0,0,0.0
U002612,B,2026-01-22,desktop,referral,ES,167,0,0,0.0
U002613,B,2026-01-26,mobile,paid_search,GB,683,0,0,0.0
U002614,A,2026-01-03,mobile,organic,GB,687,0,0,0.0
U002615,B,2026-01-24,desktop,organic,FR,426,0,0,0.0
U002616,A,2025-12-05,desktop,paid_search,DE,497,1,0,0.0
U002617,A,2025-12-11,mobile,referral,ZA,251,0,0,0.0
U002618,B,2025-12-12,tablet,organic,ZA,703,0,1,55.86
U002619,A,2025-12-14,mobile,organic,FR,320,0,0,0.0
U002620,B,2025-12-19,mobile,organic,ZA,461,1,0,0.0
U002621,B,2026-01-25,mobile,organic,ES,25,0,0,0.0
U002622,A,2026-01-19,desktop,organic,GB,172,0,0,0.0
U002623,A,2025-12-31,desktop,referral,ZA,676,0,0,0.0
U002624,A,2025-12-17,mobile,social,DE,350,1,0,0.0
U002625,B,2026-01-16,desktop,organic,NL,545,0,0,0.0
U002626,A,2025-12-24,mobile,email,ES,190,0,0,0.0
U002627,A,2025-12-01,mobile,social,NL,318,0,0,0.0
U002628,A,2025-12-02,tablet,organic,ES,598,0,0,0.0
U002629,A,2025-12-14,mobile,paid_search,ZA,110,0,0,0.0
U002630,B,2025-12-26,desktop,organic,ES,155,0,0,0.0
U002631,A,2025-12-21,mobile,email,ZA,487,0,0,0.0
U002632,A,2025-12-14,desktop,organic,GB,261,0,0,0.0
U002633,A,2025-12-17,desktop,paid_search,GB,241,1,0,0.0
U002634,B,2025-12-31,tablet,organic,ZA,188,0,0,0.0
U002635,B,2026-01-22,desktop,social,ZA,283,0,0,0.0
U002636,A,2025-12-25,mobile,organic,DE,586,0,1,46.08
U002637,A,2025-12-12,desktop,organic,DE,120,0,0,0.0
U002638,B,2025-12-11,mobile,organic,DE,501,0,0,0.0
U002639,B,2025-12-24,desktop,organic,FR,176,0,0,0.0
U002640,A,2026-01-10,desktop,organic,FR,395,0,0,0.0
U002641,B,2026-01-16,mobile,organic,NL,517,0,0,0.0
U002642,A,2025-12-27,mobile,organic,FR,404,0,0,0.0
U002643,B,2025-12-09,desktop,organic,DE,82,0,0,0.0
U002644,B,2025-12-01,mobile,paid_search,GB,384,0,1,94.5
U002645,A,2025-12-01,mobile,organic,DE,676,1,0,0.0
U002646,A,2025-12-01,desktop,paid_search,ZA,371,0,0,0.0
U002647,A,2026-01-17,mobile,organic,GB,43,0,0,0.0
U002648,B,2026-01-19,tablet,email,DE,741,0,0,0.0
U002649,B,2025-12-26,mobile,email,DE,121,0,0,0.0
U002650,B,2026-01-30,mobile,organic,ZA,299,0,0,0.0
U002651,A,2025-12-21,mobile,paid_search,DE,374,0,0,0.0
U002652,B,2026-01-10,mobile,email,DE,496,0,0,0.0
U002653,B,2026-01-24,mobile,organic,ES,180,0,0,0.0
U002654,B,2025-12-10,mobile,paid_search,ZA,505,1,0,0.0
U002655,A,2026-01-21,mobile,organic,DE,51,0,0,0.0
U002656,B,2025-12-10,desktop,social,GB,217,0,1,117.38
U002657,A,2025-12-24,tablet,email,ZA,431,0,0,0.0
U002658,B,2025-12-21,mobile,organic,GB,83,0,0,0.0
U002659,A,2025-12-14,mobile,organic,GB,291,1,0,0.0
U002660,A,2026-01-17,mobile,organic,NL,498,0,0,0.0
U002661,A,2026-01-06,tablet,organic,DE,607,0,0,0.0
U002662,B,2026-01-29,mobile,email,DE,541,0,0,0.0
U002663,A,2026-01-26,mobile,paid_search,ZA,670,0,0,0.0
U002664,A,2025-12-30,mobile,organic,ZA,509,0,0,0.0
U002665,A,2025-12-17,mobile,organic,DE,597,0,1,77.58
U002666,A,2025-12-14,mobile,social,FR,608,0,0,0.0
U002667,A,2026-01-25,mobile,organic,ZA,594,0,0,0.0
U002668,B,2026-01-22,mobile,social,ES,366,0,0,0.0
U002669,A,2025-12-29,mobile,organic,ES,183,0,0,0.0
U002670,A,2025-12-10,mobile,organic,ZA,609,1,0,0.0
U002671,A,2025-12-28,desktop,organic,FR,613,0,0,0.0
U002672,A,2026-01-12,mobile,paid_search,ZA,663,0,0,0.0
U002673,B,2026-01-25,mobile,social,FR,125,1,0,0.0
U002674,A,2026-01-06,desktop,email,ZA,334,1,0,0.0
U002675,B,2025-12-16,mobile,organic,FR,462,0,0,0.0
U002676,A,2025-12-09,mobile,paid_search,ZA,170,0,0,0.0
U002677,B,2025-12-26,mobile,organic,GB,473,1,0,0.0
U002678,A,2025-12-25,desktop,organic,ZA,752,0,0,0.0
U002679,A,2026-01-16,desktop,email,FR,493,1,0,0.0
U002680,A,2026-01-11,desktop,paid_search,FR,663,0,0,0.0
U002681,B,2025-12-01,desktop,paid_search,ZA,231,0,0,0.0
U002682,B,2025-12-23,desktop,social,ES,301,0,0,0.0
U002683,A,2026-01-01,desktop,organic,GB,347,0,0,0.0
U002684,A,2026-01-06,desktop,email,NL,743,0,0,0.0
U002685,A,2026-01-07,desktop,social,NL,122,0,0,0.0
U002686,A,2025-12-27,desktop,paid_search,ZA,307,0,0,0.0
U002687,A,2025-12-11,desktop,paid_search,ES,709,0,1,134.43
U002688,B,2025-12-22,mobile,organic,FR,206,0,0,0.0
U002689,B,2026-01-28,desktop,organic,ZA,722,0,0,0.0
U002690,A,2025-12-12,desktop,referral,ZA,516,0,0,0.0
U002691,A,2026-01-02,desktop,paid_search,ES,284,0,0,0.0
U002692,A,2025-12-22,desktop,referral,ZA,513,1,0,0.0
U002693,B,2025-12-13,desktop,organic,DE,499,0,0,0.0
U002694,B,2026-01-25,tablet,paid_search,FR,474,0,0,0.0
U002695,B,2026-01-20,mobile,social,DE,10,0,0,0.0
U002696,A,2026-01-21,mobile,social,ZA,138,0,0,0.0
U002697,A,2025-12-27,mobile,social,FR,512,0,0,0.0
U002698,B,2026-01-03,tablet,organic,FR,428,0,0,0.0
U002699,A,2025-12-31,mobile,organic,ZA,556,0,0,0.0
U002700,B,2026-01-21,mobile,organic,DE,385,1,0,0.0
U002701,A,2025-12-07,mobile,social,NL,282,0,0,0.0
U002702,A,2025-12-19,mobile,social,NL,193,0,0,0.0
U002703,A,2026-01-02,desktop,social,NL,145,1,0,0.0
U002704,A,2026-01-26,desktop,social,ZA,317,0,0,0.0
U002705,B,2025-12-22,desktop,paid_search,FR,378,0,0,0.0
U002706,A,2025-12-18,desktop,organic,FR,711,0,0,0.0
U002707,A,2026-01-24,desktop,social,NL,214,0,0,0.0
U002708,A,2025-12-24,mobile,organic,ZA,345,0,0,0.0
U002709,A,2026-01-19,mobile,email,ZA,582,0,0,0.0
U002710,B,2025-12-15,mobile,email,NL,738,0,1,148.81
U002711,A,2025-12-11,desktop,organic,ZA,124,0,0,0.0
U002712,B,2026-01-18,mobile,paid_search,DE,116,0,0,0.0
U002713,A,2025-12-07,mobile,paid_search,GB,400,0,0,0.0
U002714,A,2026-01-30,mobile,organic,GB,455,0,0,0.0
U002715,B,2026-01-16,mobile,organic,GB,152,0,0,0.0
U002716,B,2026-01-25,mobile,paid_search,ES,221,0,0,0.0
U002717,B,2025-12-11,tablet,paid_search,FR,513,0,0,0.0
U002718,A,2025-12-27,desktop,organic,GB,207,0,1,91.21
U002719,B,2025-12-14,desktop,email,DE,548,0,0,0.0
U002720,A,2026-01-04,mobile,organic,ZA,410,0,0,0.0
U002721,B,2025-12-27,desktop,paid_search,ZA,549,1,0,0.0
U002722,A,2025-12-31,mobile,email,ES,106,0,0,0.0
U002723,B,2026-01-06,mobile,email,FR,538,0,0,0.0
U002724,B,2026-01-10,desktop,organic,NL,396,0,0,0.0
U002725,B,2025-12-05,desktop,paid_search,GB,491,0,0,0.0
U002726,B,2026-01-04,mobile,email,NL,334,0,0,0.0
U002727,A,2026-01-01,desktop,paid_search,ZA,749,0,0,0.0
U002728,B,2026-01-02,mobile,paid_search,GB,579,0,0,0.0
U002729,B,2025-12-26,mobile,organic,GB,131,0,0,0.0
U002730,B,2026-01-08,mobile,social,FR,546,1,0,0.0
U002731,B,2026-01-04,mobile,paid_search,DE,205,0,0,0.0
U002732,A,2026-01-22,mobile,social,GB,628,0,1,113.78
U002733,A,2026-01-19,mobile,paid_search,GB,690,0,0,0.0
U002734,B,2026-01-29,desktop,email,DE,591,0,1,126.42
U002735,A,2026-01-09,mobile,paid_search,FR,294,0,0,0.0
U002736,A,2026-01-01,mobile,email,FR,760,1,0,0.0
U002737,B,2026-01-13,desktop,organic,DE,128,1,1,112.62
U002738,B,2026-01-26,desktop,paid_search,FR,394,0,0,0.0
U002739,B,2025-12-07,tablet,organic,ZA,527,0,0,0.0
U002740,B,2026-01-29,mobile,email,ZA,135,0,0,0.0
U002741,A,2026-01-10,desktop,social,FR,666,0,0,0.0
U002742,B,2026-01-09,mobile,organic,NL,257,0,0,0.0
U002743,B,2025-12-18,mobile,paid_search,ZA,597,0,1,160.81
U002744,A,2026-01-19,mobile,social,ES,38,0,0,0.0
U002745,B,2025-12-31,mobile,paid_search,DE,206,0,0,0.0
U002746,A,2026-01-28,mobile,social,DE,670,0,0,0.0
U002747,B,2026-01-19,desktop,email,ZA,293,0,0,0.0
U002748,A,2025-12-11,tablet,organic,ZA,146,0,0,0.0
U002749,A,2025-12-23,desktop,organic,ZA,542,1,0,0.0
U002750,A,2025-12-19,desktop,social,FR,452,0,0,0.0
U002751,A,2025-12-19,desktop,referral,GB,688,0,0,0.0
U002752,A,2026-01-30,mobile,organic,GB,116,0,0,0.0
U002753,B,2026-01-30,mobile,referral,ZA,327,0,0,0.0
U002754,A,2026-01-26,mobile,paid_search,NL,310,0,0,0.0
U002755,B,2025-12-09,mobile,email,ZA,510,0,0,0.0
U002756,B,2026-01-19,tablet,social,GB,658,0,0,0.0
U002757,A,2026-01-22,mobile,paid_search,ZA,483,0,0,0.0
U002758,A,2025-12-27,mobile,referral,ZA,340,0,0,0.0
U002759,A,2026-01-21,tablet,organic,FR,169,0,0,0.0
U002760,A,2026-01-07,mobile,organic,ES,468,0,0,0.0
U002761,B,2026-01-01,mobile,email,ZA,601,1,1,81.63
U002762,B,2025-12-08,mobile,organic,ZA,271,0,0,0.0
U002763,A,2026-01-24,mobile,organic,NL,163,0,0,0.0
U002764,A,2026-01-05,mobile,paid_search,ZA,271,0,0,0.0
U002765,A,2026-01-27,desktop,social,DE,397,0,0,0.0
U002766,A,2026-01-24,desktop,social,ZA,122,0,0,0.0
U002767,B,2026-01-05,mobile,referral,FR,362,0,0,0.0
U002768,B,2026-01-23,tablet,referral,FR,326,0,0,0.0
U002769,B,2026-01-04,mobile,organic,GB,266,0,0,0.0
U002770,B,2025-12-18,mobile,email,ZA,590,0,0,0.0
U002771,A,2025-12-08,mobile,social,GB,520,0,0,0.0
U002772,A,2026-01-25,desktop,organic,DE,373,0,0,0.0
U002773,A,2026-01-02,mobile,email,NL,580,1,0,0.0
U002774,B,2025-12-16,mobile,organic,ZA,114,0,0,0.0
U002775,A,2026-01-04,mobile,email,ES,137,0,0,0.0
U002776,A,2025-12-03,desktop,paid_search,GB,557,0,0,0.0
U002777,A,2026-01-11,mobile,social,ZA,421,0,0,0.0
U002778,B,2025-12-05,mobile,organic,FR,220,1,1,53.51
U002779,A,2026-01-02,mobile,organic,DE,363,0,1,72.23
U002780,B,2025-12-11,mobile,organic,ZA,177,1,0,0.0
U002781,A,2025-12-21,mobile,organic,DE,165,1,0,0.0
U002782,A,2026-01-27,mobile,social,GB,143,0,0,0.0
U002783,A,2025-12-21,mobile,referral,ZA,700,0,0,0.0
U002784,A,2025-12-02,mobile,email,DE,116,1,0,0.0
U002785,B,2025-12-14,mobile,organic,ZA,198,0,0,0.0
U002786,B,2025-12-08,desktop,organic,FR,352,0,0,0.0
U002787,A,2025-12-09,mobile,organic,GB,325,0,0,0.0
U002788,A,2025-12-17,mobile,paid_search,ZA,224,0,0,0.0
U002789,A,2025-12-28,desktop,email,GB,457,0,0,0.0
U002790,A,2026-01-09,mobile,organic,GB,114,0,0,0.0
U002791,A,2025-12-26,mobile,organic,NL,293,0,0,0.0
U002792,B,2025-12-24,desktop,social,GB,711,0,0,0.0
U002793,B,2025-12-24,mobile,paid_search,DE,439,0,0,0.0
U002794,B,2025-12-18,tablet,paid_search,FR,344,0,0,0.0
U002795,B,2025-12-27,mobile,email,FR,667,0,0,0.0
U002796,A,2026-01-28,desktop,referral,GB,675,0,0,0.0
U002797,A,2026-01-11,mobile,email,ES,356,0,0,0.0
U002798,A,2025-12-14,tablet,organic,DE,569,0,0,0.0
U002799,A,2025-12-07,mobile,paid_search,ZA,596,0,0,0.0
U002800,B,2026-01-18,mobile,email,GB,450,0,0,0.0
U002801,A,2026-01-27,desktop,email,FR,214,1,0,0.0
U002802,A,2025-12-25,mobile,email,FR,76,0,0,0.0
U002803,B,2026-01-05,desktop,organic,NL,480,0,0,0.0
U002804,B,2025-12-19,mobile,organic,FR,472,0,0,0.0
U002805,A,2025-12-10,desktop,referral,DE,536,0,0,0.0
U002806,A,2026-01-22,mobile,organic,ZA,619,0,0,0.0
U002807,B,2025-12-01,mobile,social,ZA,695,0,0,0.0
U002808,B,2026-01-14,desktop,email,DE,311,0,0,0.0
U002809,A,2026-01-26,mobile,organic,ZA,133,1,0,0.0
U002810,A,2025-12-23,desktop,paid_search,ZA,471,0,0,0.0
U002811,B,2025-12-06,mobile,organic,ES,240,0,0,0.0
U002812,B,2026-01-12,desktop,referral,ZA,188,1,0,0.0
U002813,B,2025-12-17,mobile,organic,ZA,464,0,0,0.0
U002814,A,2025-12-17,desktop,organic,GB,413,0,0,0.0
U002815,B,2026-01-19,mobile,social,DE,183,0,0,0.0
U002816,B,2026-01-24,mobile,organic,ES,53,0,0,0.0
U002817,B,2025-12-03,mobile,organic,ES,225,0,0,0.0
U002818,B,2025-12-20,mobile,social,ES,214,0,0,0.0
U002819,B,2026-01-06,tablet,organic,NL,641,0,0,0.0
U002820,A,2025-12-21,desktop,organic,FR,201,1,0,0.0
U002821,B,2025-12-07,mobile,organic,NL,36,0,0,0.0
U002822,A,2026-01-25,mobile,referral,GB,690,1,1,41.2
U002823,B,2026-01-24,desktop,organic,ES,203,0,0,0.0
U002824,B,2025-12-24,mobile,organic,GB,639,1,0,0.0
U002825,B,2025-12-03,desktop,paid_search,DE,246,0,0,0.0
U002826,A,2026-01-11,mobile,organic,NL,97,0,0,0.0
U002827,A,2025-12-22,mobile,paid_search,GB,740,0,0,0.0
U002828,A,2025-12-23,mobile,referral,ZA,691,0,0,0.0
U002829,A,2025-12-09,desktop,organic,FR,206,0,0,0.0
U002830,B,2025-12-18,mobile,social,GB,381,0,0,0.0
U002831,B,2025-12-15,tablet,organic,ZA,694,0,0,0.0
U002832,B,2025-12-26,mobile,organic,GB,169,0,0,0.0
U002833,B,2025-12-06,mobile,paid_search,ZA,755,0,1,92.13
U002834,A,2025-12-02,desktop,organic,NL,754,1,0,0.0
U002835,B,2025-12-25,mobile,referral,GB,204,0,0,0.0
U002836,B,2026-01-19,desktop,social,ZA,729,0,1,74.08
U002837,B,2026-01-18,mobile,organic,ZA,503,0,0,0.0
U002838,B,2025-12-08,mobile,social,ZA,245,0,0,0.0
U002839,B,2025-12-19,mobile,organic,ZA,179,0,0,0.0
U002840,B,2026-01-08,mobile,organic,ZA,587,0,0,0.0
U002841,A,2025-12-24,desktop,organic,ZA,346,0,0,0.0
U002842,B,2025-12-21,mobile,referral,ES,169,0,0,0.0
U002843,B,2026-01-29,desktop,social,GB,219,0,0,0.0
U002844,A,2025-12-03,mobile,paid_search,ZA,239,1,1,171.35
U002845,A,2025-12-19,desktop,email,ZA,485,0,0,0.0
U002846,B,2026-01-02,desktop,organic,DE,404,0,0,0.0
U002847,A,2026-01-26,desktop,paid_search,ZA,877,0,0,0.0
U002848,A,2025-12-15,desktop,paid_search,ES,816,0,0,0.0
U002849,B,2025-12-08,desktop,organic,NL,741,0,0,0.0
U002850,A,2026-01-16,mobile,paid_search,ZA,449,0,0,0.0
U002851,A,2025-12-24,mobile,organic,FR,577,0,0,0.0
U002852,B,2025-12-01,desktop,paid_search,GB,816,0,0,0.0
U002853,B,2026-01-21,mobile,organic,ZA,69,0,0,0.0
U002854,A,2025-12-29,desktop,organic,NL,185,0,0,0.0
U002855,A,2025-12-15,mobile,paid_search,ZA,612,1,0,0.0
U002856,A,2025-12-18,mobile,email,DE,305,0,0,0.0
U002857,A,2025-12-30,desktop,paid_search,ES,469,0,0,0.0
U002858,B,2026-01-27,mobile,organic,GB,52,0,0,0.0
U002859,A,2025-12-08,desktop,organic,ES,533,1,0,0.0
U002860,A,2025-12-19,desktop,paid_search,ZA,383,0,1,73.04
U002861,A,2025-12-04,mobile,email,ZA,286,0,0,0.0
U002862,A,2025-12-12,tablet,social,ZA,605,0,1,23.24
U002863,B,2026-01-08,mobile,organic,NL,652,0,0,0.0
U002864,A,2025-12-19,tablet,paid_search,NL,120,0,0,0.0
U002865,B,2026-01-27,mobile,email,DE,523,0,0,0.0
U002866,B,2025-12-01,mobile,referral,NL,53,0,0,0.0
U002867,A,2025-12-11,mobile,organic,FR,386,1,1,86.88
U002868,B,2025-12-04,mobile,organic,ZA,402,0,0,0.0
U002869,A,2026-01-08,mobile,organic,ZA,615,0,0,0.0
U002870,A,2025-12-12,desktop,organic,FR,426,0,0,0.0
U002871,A,2026-01-08,mobile,email,DE,714,1,0,0.0
U002872,B,2026-01-16,desktop,organic,FR,183,0,0,0.0
U002873,B,2026-01-04,desktop,organic,GB,537,0,0,0.0
U002874,B,2025-12-08,desktop,referral,GB,768,0,0,0.0
U002875,B,2026-01-01,mobile,paid_search,GB,143,0,0,0.0
U002876,B,2025-12-27,mobile,organic,DE,587,1,0,0.0
U002877,A,2026-01-05,mobile,email,FR,706,1,0,0.0
U002878,B,2025-12-26,mobile,paid_search,ES,113,0,0,0.0
U002879,A,2025-12-22,mobile,organic,DE,146,0,0,0.0
U002880,A,2025-12-09,mobile,email,FR,787,0,0,0.0
U002881,A,2025-12-06,mobile,organic,ZA,42,1,0,0.0
U002882,A,2026-01-23,mobile,social,DE,534,0,0,0.0
U002883,A,2026-01-14,mobile,organic,GB,633,0,0,0.0
U002884,A,2026-01-09,mobile,referral,FR,568,0,0,0.0
U002885,B,2025-12-13,desktop,paid_search,ZA,212,0,0,0.0
U002886,A,2026-01-19,mobile,social,NL,371,0,0,0.0
U002887,A,2025-12-29,desktop,social,NL,441,0,0,0.0
U002888,A,2025-12-23,mobile,social,ZA,369,0,0,0.0
U002889,B,2025-12-27,mobile,paid_search,ZA,496,1,0,0.0
U002890,B,2026-01-15,mobile,organic,ZA,660,1,1,93.01
U002891,A,2026-01-06,mobile,paid_search,ES,170,0,0,0.0
U002892,A,2025-12-09,desktop,social,FR,224,0,0,0.0
U002893,B,2026-01-07,desktop,organic,NL,200,1,1,104.9
U002894,B,2025-12-24,desktop,organic,FR,412,0,0,0.0
U002895,B,2026-01-24,desktop,email,ZA,578,0,0,0.0
U002896,A,2026-01-25,mobile,email,ZA,110,0,0,0.0
U002897,A,2025-12-19,mobile,email,ES,306,0,0,0.0
U002898,B,2025-12-10,desktop,referral,FR,366,1,0,0.0
U002899,A,2026-01-19,desktop,organic,ZA,723,0,0,0.0
U002900,B,2026-01-21,mobile,organic,ZA,161,0,0,0.0
U002901,A,2026-01-30,desktop,social,FR,626,0,0,0.0
U002902,B,2026-01-19,tablet,paid_search,ZA,349,0,0,0.0
U002903,B,2026-01-02,mobile,referral,DE,435,0,0,0.0
U002904,A,2025-12-14,mobile,social,DE,241,0,0,0.0
U002905,B,2026-01-08,mobile,paid_search,GB,504,0,0,0.0
U002906,A,2025-12-13,mobile,email,FR,227,0,0,0.0
U002907,B,2026-01-26,desktop,organic,NL,398,1,0,0.0
U002908,B,2026-01-15,desktop,email,ZA,233,0,0,0.0
U002909,B,2026-01-17,mobile,organic,ZA,308,1,0,0.0
U002910,A,2025-12-25,desktop,organic,DE,412,0,0,0.0
U002911,A,2026-01-11,mobile,organic,ZA,537,1,1,122.27
U002912,A,2025-12-26,mobile,organic,ZA,132,0,0,0.0
U002913,B,2025-12-03,mobile,referral,ZA,493,0,0,0.0
U002914,A,2026-01-08,mobile,paid_search,FR,548,0,0,0.0
U002915,B,2025-12-25,mobile,social,ES,130,0,0,0.0
U002916,B,2025-12-29,mobile,email,GB,764,1,1,189.09
U002917,B,2026-01-25,mobile,referral,DE,403,0,0,0.0
U002918,B,2026-01-07,mobile,organic,FR,578,0,0,0.0
U002919,A,2025-12-16,mobile,paid_search,FR,243,0,0,0.0
U002920,A,2025-12-30,desktop,email,ZA,229,0,0,0.0
U002921,B,2025-12-28,mobile,paid_search,ZA,247,1,0,0.0
U002922,A,2026-01-27,desktop,organic,FR,565,0,0,0.0
U002923,A,2025-12-05,desktop,social,FR,214,0,0,0.0
U002924,A,2025-12-07,tablet,organic,DE,225,0,0,0.0
U002925,A,2026-01-26,desktop,organic,GB,350,0,0,0.0
U002926,B,2026-01-20,mobile,paid_search,FR,173,0,0,0.0
U002927,A,2025-12-09,desktop,paid_search,GB,494,0,1,102.98
U002928,A,2025-12-05,mobile,organic,NL,164,0,0,0.0
U002929,A,2026-01-26,desktop,organic,FR,633,0,0,0.0
U002930,A,2026-01-09,desktop,social,ES,210,0,0,0.0
U002931,A,2026-01-09,mobile,email,GB,578,0,0,0.0
U002932,B,2025-12-25,mobile,organic,ZA,292,1,0,0.0
U002933,A,2025-12-11,tablet,social,ES,407,0,0,0.0
U002934,B,2025-12-12,mobile,organic,ZA,284,0,0,0.0
U002935,A,2025-12-02,mobile,organic,DE,451,1,1,98.85
U002936,B,2025-12-08,mobile,referral,ZA,118,1,0,0.0
U002937,B,2025-12-10,mobile,organic,ZA,430,0,0,0.0
U002938,A,2025-12-17,desktop,social,DE,634,0,0,0.0
U002939,B,2025-12-23,mobile,organic,ZA,310,0,0,0.0
U002940,A,2025-12-17,mobile,referral,FR,443,0,0,0.0
U002941,A,2026-01-23,mobile,organic,NL,113,0,0,0.0
U002942,B,2026-01-22,desktop,paid_search,ZA,657,0,0,0.0
U002943,B,2026-01-07,desktop,referral,GB,218,1,0,0.0
U002944,B,2026-01-17,desktop,organic,DE,736,1,0,0.0
U002945,A,2025-12-02,mobile,paid_search,DE,421,0,0,0.0
U002946,B,2025-12-26,tablet,organic,ZA,702,0,0,0.0
U002947,A,2026-01-11,desktop,paid_search,FR,287,0,1,29.52
U002948,A,2026-01-22,mobile,organic,DE,553,1,1,170.48
U002949,B,2026-01-04,tablet,organic,DE,287,0,0,0.0
U002950,A,2026-01-26,tablet,email,DE,214,1,0,0.0
U002951,A,2025-12-29,mobile,organic,FR,423,0,0,0.0
U002952,A,2026-01-20,desktop,organic,ZA,754,0,0,0.0
U002953,B,2026-01-18,mobile,email,NL,420,0,1,89.81
U002954,B,2025-12-05,tablet,social,ZA,365,0,0,0.0
U002955,A,2026-01-09,mobile,referral,DE,653,0,0,0.0
U002956,A,2026-01-07,tablet,email,ZA,593,0,0,0.0
U002957,B,2026-01-11,mobile,email,GB,611,0,0,0.0
U002958,B,2025-12-31,mobile,social,DE,562,0,0,0.0
U002959,B,2026-01-27,desktop,organic,ZA,770,0,0,0.0
U002960,A,2026-01-29,mobile,paid_search,ZA,537,0,0,0.0
U002961,B,2026-01-06,desktop,organic,DE,187,0,0,0.0
U002962,A,2026-01-28,desktop,email,FR,772,0,0,0.0
U002963,B,2026-01-06,mobile,organic,ZA,508,0,0,0.0
U002964,A,2026-01-08,desktop,paid_search,ZA,380,0,0,0.0
U002965,A,2026-01-29,mobile,email,ES,285,0,0,0.0
U002966,B,2025-12-22,mobile,paid_search,DE,257,0,0,0.0
U002967,B,2025-12-23,desktop,paid_search,GB,786,0,1,195.57
U002968,A,2025-12-03,mobile,paid_search,ZA,671,0,0,0.0
U002969,B,2026-01-01,mobile,paid_search,ZA,280,0,0,0.0
U002970,A,2025-12-07,desktop,organic,DE,197,0,0,0.0
U002971,A,2025-12-18,mobile,email,ZA,819,0,0,0.0
U002972,A,2025-12-15,desktop,paid_search,ZA,264,0,0,0.0
U002973,A,2026-01-30,mobile,organic,ES,287,0,0,0.0
U002974,B,2025-12-28,mobile,email,DE,462,0,0,0.0
U002975,B,2025-12-02,desktop,organic,NL,226,0,0,0.0
U002976,B,2026-01-08,mobile,paid_search,FR,579,1,0,0.0
U002977,B,2026-01-20,mobile,email,ZA,469,0,0,0.0
U002978,A,2026-01-11,mobile,paid_search,DE,513,0,0,0.0
U002979,B,2026-01-25,mobile,organic,ZA,254,0,0,0.0
U002980,B,2026-01-30,mobile,organic,GB,526,0,0,0.0
U002981,B,2026-01-03,mobile,organic,NL,491,0,0,0.0
U002982,A,2026-01-02,desktop,organic,ZA,768,0,0,0.0
U002983,A,2026-01-23,desktop,organic,NL,566,0,0,0.0
U002984,A,2025-12-02,desktop,social,ZA,92,0,0,0.0
U002985,A,2025-12-11,desktop,organic,GB,359,0,0,0.0
U002986,B,2026-01-06,mobile,paid_search,ZA,559,0,0,0.0
U002987,A,2026-01-20,tablet,email,ES,139,0,1,46.24
U002988,B,2025-12-23,mobile,organic,ZA,671,1,0,0.0
U002989,A,2025-12-12,tablet,organic,ZA,266,0,0,0.0
U002990,A,2026-01-13,desktop,email,NL,714,1,0,0.0
U002991,B,2025-12-07,mobile,organic,GB,49,0,0,0.0
U002992,A,2025-12-12,desktop,social,ZA,493,0,0,0.0
U002993,B,2026-01-03,mobile,organic,ZA,378,0,0,0.0
U002994,A,2026-01-10,desktop,referral,FR,700,0,0,0.0
U002995,A,2026-01-12,desktop,organic,NL,457,0,0,0.0
U002996,A,2026-01-18,mobile,paid_search,DE,203,0,0,0.0
U002997,A,2025-12-07,tablet,organic,ZA,385,0,0,0.0
U002998,B,2026-01-25,desktop,email,ZA,269,1,0,0.0
U002999,A,2026-01-20,desktop,paid_search,ZA,767,0,1,173.68
U003000,A,2026-01-20,desktop,referral,DE,180,0,0,0.0
U003001,A,2025-12-03,desktop,email,NL,676,0,0,0.0
U003002,A,2025-12-15,desktop,organic,ZA,305,0,0,0.0
U003003,B,2026-01-05,mobile,organic,GB,112,0,0,0.0
U003004,A,2025-12-24,desktop,organic,ZA,183,0,0,0.0
U003005,B,2025-12-07,mobile,organic,GB,399,0,0,0.0
U003006,B,2025-12-05,mobile,organic,DE,312,0,0,0.0
U003007,A,2026-01-24,desktop,email,ZA,794,0,1,31.01
U003008,B,2025-12-11,desktop,paid_search,GB,781,1,1,139.04
U003009,B,2026-01-29,mobile,organic,ES,367,0,0,0.0
U003010,A,2025-12-11,mobile,social,ZA,644,0,0,0.0
U003011,A,2026-01-22,desktop,organic,DE,352,0,1,77.29
U003012,A,2025-12-30,mobile,paid_search,FR,424,0,0,0.0
U003013,A,2025-12-29,desktop,organic,DE,693,0,0,0.0
U003014,A,2025-12-21,mobile,social,ZA,130,0,0,0.0
U003015,B,2026-01-05,desktop,social,FR,371,0,0,0.0
U003016,A,2025-12-26,mobile,paid_search,ZA,122,1,0,0.0
U003017,B,2025-12-18,mobile,email,DE,444,1,0,0.0
U003018,A,2026-01-20,mobile,paid_search,ZA,359,0,0,0.0
U003019,A,2026-01-25,desktop,organic,ZA,441,1,0,0.0
U003020,A,2025-12-07,mobile,email,ZA,323,1,0,0.0
U003021,A,2026-01-16,mobile,email,GB,276,0,0,0.0
U003022,A,2025-12-01,mobile,paid_search,DE,189,0,0,0.0
U003023,B,2025-12-30,desktop,paid_search,ZA,682,1,1,93.78
U003024,A,2026-01-14,desktop,social,ES,44,0,0,0.0
U003025,A,2026-01-20,mobile,email,DE,722,1,0,0.0
U003026,A,2025-12-24,mobile,organic,FR,102,0,0,0.0
U003027,A,2025-12-17,tablet,paid_search,GB,753,0,0,0.0
U003028,B,2025-12-30,mobile,organic,GB,139,0,0,0.0
U003029,B,2026-01-18,mobile,paid_search,DE,463,1,0,0.0
U003030,B,2026-01-29,desktop,paid_search,ES,560,1,1,131.19
U003031,B,2025-12-31,desktop,social,ZA,267,0,0,0.0
U003032,B,2026-01-12,mobile,organic,ZA,420,0,0,0.0
U003033,A,2026-01-16,mobile,organic,DE,93,0,0,0.0
U003034,A,2025-12-20,mobile,email,GB,427,0,0,0.0
U003035,B,2026-01-17,mobile,social,GB,509,0,0,0.0
U003036,A,2026-01-06,mobile,paid_search,GB,89,0,0,0.0
U003037,B,2025-12-01,mobile,paid_search,GB,686,0,0,0.0
U003038,B,2026-01-18,mobile,referral,FR,168,0,0,0.0
U003039,B,2025-12-08,desktop,organic,ES,484,0,0,0.0
U003040,A,2025-12-17,mobile,email,DE,664,1,0,0.0
U003041,A,2025-12-11,mobile,organic,ZA,109,0,0,0.0
U003042,B,2026-01-30,mobile,organic,NL,362,0,0,0.0
U003043,B,2026-01-23,desktop,email,NL,688,0,0,0.0
U003044,A,2025-12-11,tablet,organic,GB,160,0,0,0.0
U003045,A,2025-12-27,mobile,email,DE,691,1,0,0.0
U003046,B,2025-12-28,mobile,organic,NL,340,0,0,0.0
U003047,B,2025-12-13,desktop,organic,GB,470,0,0,0.0
U003048,B,2025-12-27,mobile,paid_search,DE,325,0,0,0.0
U003049,A,2026-01-23,desktop,paid_search,DE,822,1,0,0.0
U003050,B,2026-01-14,mobile,email,DE,136,1,0,0.0
U003051,A,2026-01-20,desktop,organic,GB,302,0,0,0.0
U003052,A,2025-12-31,desktop,paid_search,ZA,151,0,0,0.0
U003053,A,2026-01-13,mobile,organic,ZA,548,0,0,0.0
U003054,A,2025-12-27,desktop,social,ZA,695,0,0,0.0
U003055,A,2025-12-18,tablet,organic,DE,198,0,0,0.0
U003056,A,2026-01-21,mobile,social,FR,188,0,0,0.0
U003057,B,2026-01-23,tablet,referral,ZA,561,0,0,0.0
U003058,A,2026-01-15,tablet,email,GB,157,0,0,0.0
U003059,A,2025-12-17,mobile,organic,FR,277,0,0,0.0
U003060,A,2026-01-19,mobile,organic,NL,501,0,0,0.0
U003061,B,2026-01-19,tablet,organic,DE,726,0,0,0.0
U003062,B,2025-12-09,desktop,social,ZA,659,0,0,0.0
U003063,B,2026-01-27,mobile,email,FR,208,0,1,190.53
U003064,A,2026-01-09,mobile,referral,GB,509,0,0,0.0
U003065,B,2026-01-15,mobile,organic,ES,332,1,1,51.1
U003066,B,2025-12-18,mobile,paid_search,NL,282,0,0,0.0
U003067,A,2025-12-16,mobile,organic,ZA,577,1,0,0.0
U003068,A,2025-12-11,mobile,referral,NL,297,0,0,0.0
U003069,A,2026-01-14,mobile,social,FR,10,0,0,0.0
U003070,B,2026-01-30,mobile,email,GB,741,0,0,0.0
U003071,A,2026-01-09,desktop,organic,ZA,433,0,0,0.0
U003072,A,2025-12-13,mobile,organic,NL,157,0,0,0.0
U003073,A,2026-01-10,desktop,paid_search,NL,558,0,0,0.0
U003074,A,2025-12-13,mobile,organic,ZA,611,0,0,0.0
U003075,B,2025-12-12,mobile,paid_search,GB,691,0,0,0.0
U003076,B,2025-12-15,mobile,paid_search,DE,143,0,0,0.0
U003077,B,2026-01-08,desktop,social,FR,389,0,0,0.0
U003078,A,2025-12-25,mobile,organic,FR,296,0,0,0.0
U003079,A,2026-01-03,mobile,organic,ZA,233,0,0,0.0
U003080,B,2026-01-03,mobile,social,ZA,26,0,0,0.0
U003081,B,2025-12-12,mobile,email,ZA,712,0,0,0.0
U003082,A,2025-12-14,mobile,social,DE,365,0,0,0.0
U003083,B,2026-01-29,mobile,email,GB,399,0,0,0.0
U003084,A,2025-12-28,desktop,paid_search,ES,427,0,0,0.0
U003085,B,2025-12-26,mobile,organic,ZA,582,0,1,153.28
U003086,B,2025-12-22,mobile,paid_search,ES,292,0,0,0.0
U003087,B,2025-12-26,desktop,paid_search,GB,673,0,0,0.0
U003088,A,2026-01-14,mobile,email,NL,137,0,0,0.0
U003089,A,2025-12-29,desktop,organic,ES,337,0,0,0.0
U003090,B,2026-01-30,mobile,organic,GB,387,0,0,0.0
U003091,A,2025-12-22,mobile,email,GB,167,1,0,0.0
U003092,A,2026-01-06,desktop,email,ZA,427,0,0,0.0
U003093,B,2025-12-21,mobile,referral,ES,351,0,1,79.51
U003094,A,2026-01-24,desktop,social,ZA,387,0,0,0.0
U003095,B,2026-01-27,mobile,paid_search,ZA,664,1,0,0.0
U003096,A,2025-12-20,tablet,social,ZA,262,0,0,0.0
U003097,A,2025-12-12,desktop,social,ZA,135,0,0,0.0
U003098,B,2026-01-06,mobile,email,NL,198,0,0,0.0
U003099,A,2025-12-02,desktop,organic,FR,250,0,0,0.0
U003100,A,2026-01-21,desktop,organic,FR,772,0,0,0.0
U003101,B,2026-01-15,mobile,organic,GB,506,1,0,0.0
U003102,A,2025-12-10,mobile,organic,GB,279,0,0,0.0
U003103,B,2025-12-17,mobile,social,GB,256,0,0,0.0
U003104,B,2025-12-13,mobile,paid_search,GB,534,0,0,0.0
U003105,A,2025-12-29,mobile,social,GB,447,0,0,0.0
U003106,A,2026-01-30,mobile,paid_search,FR,639,0,0,0.0
U003107,B,2026-01-01,desktop,organic,GB,511,0,0,0.0
U003108,A,2025-12-19,desktop,email,ZA,533,0,0,0.0
U003109,B,2026-01-25,mobile,email,ZA,517,0,0,0.0
U003110,A,2026-01-25,mobile,referral,GB,498,0,0,0.0
U003111,A,2025-12-13,mobile,organic,FR,232,0,0,0.0
U003112,B,2025-12-04,desktop,email,ZA,472,0,0,0.0
U003113,A,2026-01-02,mobile,email,FR,442,0,0,0.0
U003114,A,2026-01-12,mobile,organic,ES,225,0,0,0.0
U003115,A,2025-12-03,desktop,social,DE,94,0,0,0.0
U003116,B,2025-12-06,mobile,email,NL,754,0,0,0.0
U003117,A,2026-01-08,desktop,paid_search,DE,528,1,1,183.57
U003118,B,2026-01-17,tablet,social,ZA,481,0,0,0.0
U003119,A,2025-12-06,mobile,email,GB,643,1,0,0.0
U003120,B,2025-12-27,mobile,email,FR,522,0,0,0.0
U003121,A,2025-12-24,desktop,organic,ZA,739,0,0,0.0
U003122,B,2025-12-18,desktop,email,FR,209,0,0,0.0
U003123,A,2025-12-19,desktop,organic,NL,376,0,0,0.0
U003124,A,2025-12-17,mobile,organic,NL,564,0,1,97.53
U003125,A,2025-12-16,mobile,paid_search,ZA,568,0,0,0.0
U003126,A,2025-12-20,desktop,organic,ZA,354,1,0,0.0
U003127,B,2026-01-13,mobile,email,FR,634,1,0,0.0
U003128,A,2026-01-28,desktop,email,NL,615,0,1,40.9
U003129,A,2025-12-24,mobile,email,ZA,488,0,0,0.0
U003130,B,2025-12-27,desktop,paid_search,ZA,431,0,0,0.0
U003131,A,2025-12-08,mobile,paid_search,ZA,756,1,0,0.0
U003132,A,2026-01-26,desktop,referral,ES,665,0,0,0.0
U003133,B,2026-01-25,mobile,paid_search,FR,249,0,0,0.0
U003134,A,2025-12-15,mobile,email,DE,711,0,0,0.0
U003135,B,2026-01-04,mobile,organic,GB,285,1,0,0.0
U003136,B,2025-12-20,desktop,organic,DE,501,0,0,0.0
U003137,B,2026-01-24,mobile,paid_search,ES,225,0,0,0.0
U003138,B,2025-12-19,mobile,organic,FR,110,0,0,0.0
U003139,B,2025-12-23,mobile,social,ES,334,1,1,74.7
U003140,A,2025-12-29,mobile,email,ZA,186,0,0,0.0
U003141,A,2026-01-05,mobile,email,ZA,570,0,0,0.0
U003142,B,2025-12-20,mobile,social,ZA,580,0,0,0.0
U003143,A,2026-01-09,desktop,paid_search,ZA,218,0,0,0.0
U003144,B,2026-01-21,mobile,paid_search,ZA,479,0,1,33.36
U003145,B,2026-01-23,desktop,email,DE,370,1,0,0.0
U003146,A,2025-12-10,mobile,paid_search,ZA,188,0,0,0.0
U003147,A,2026-01-20,mobile,paid_search,FR,192,0,0,0.0
U003148,A,2026-01-21,tablet,organic,ZA,419,0,0,0.0
U003149,B,2026-01-29,tablet,email,GB,315,0,0,0.0
U003150,A,2025-12-02,mobile,email,GB,404,0,0,0.0
U003151,A,2026-01-21,mobile,paid_search,ZA,708,1,0,0.0
U003152,B,2026-01-21,mobile,email,GB,719,0,0,0.0
U003153,B,2026-01-03,mobile,social,ZA,584,0,0,0.0
U003154,A,2025-12-01,mobile,organic,ZA,508,0,0,0.0
U003155,A,2026-01-08,tablet,organic,DE,298,0,0,0.0
U003156,B,2025-12-22,mobile,referral,ZA,56,1,0,0.0
U003157,B,2025-12-23,mobile,organic,GB,523,0,0,0.0
U003158,A,2026-01-26,mobile,paid_search,ES,747,0,1,86.41
U003159,B,2025-12-27,desktop,social,ZA,665,0,0,0.0
U003160,B,2026-01-05,mobile,referral,GB,623,0,0,0.0
U003161,B,2025-12-06,desktop,paid_search,ZA,155,1,0,0.0
U003162,A,2026-01-03,mobile,referral,ZA,271,0,0,0.0
U003163,B,2025-12-20,mobile,email,ZA,602,0,0,0.0
U003164,A,2025-12-29,mobile,organic,GB,115,0,0,0.0
U003165,A,2025-12-04,desktop,organic,ZA,773,0,0,0.0
U003166,A,2026-01-02,desktop,paid_search,DE,583,0,0,0.0
U003167,B,2025-12-24,desktop,referral,DE,260,0,0,0.0
U003168,B,2025-12-01,desktop,organic,ZA,348,0,0,0.0
U003169,B,2025-12-22,mobile,email,DE,554,0,0,0.0
U003170,B,2026-01-09,tablet,organic,NL,284,0,0,0.0
U003171,B,2026-01-23,mobile,organic,ZA,385,0,1,104.13
U003172,B,2026-01-13,desktop,organic,DE,654,0,0,0.0
U003173,B,2025-12-18,mobile,email,FR,425,0,0,0.0
U003174,B,2025-12-28,mobile,email,NL,742,0,0,0.0
U003175,A,2025-12-22,mobile,paid_search,GB,374,0,0,0.0
U003176,A,2026-01-26,mobile,paid_search,GB,507,0,1,156.9
U003177,B,2025-12-14,mobile,paid_search,ZA,202,0,0,0.0
U003178,A,2026-01-17,mobile,paid_search,DE,251,0,0,0.0
U003179,B,2026-01-20,desktop,organic,DE,282,0,0,0.0
U003180,B,2026-01-03,desktop,paid_search,FR,222,0,0,0.0
U003181,A,2025-12-20,mobile,organic,NL,244,0,0,0.0
U003182,B,2026-01-03,mobile,referral,GB,374,0,0,0.0
U003183,B,2025-12-23,mobile,organic,GB,649,0,0,0.0
U003184,A,2026-01-17,desktop,paid_search,FR,600,0,0,0.0
U003185,A,2026-01-14,desktop,organic,DE,235,0,0,0.0
U003186,B,2025-12-23,mobile,email,ES,281,0,1,210.25
U003187,B,2026-01-30,mobile,organic,NL,684,0,0,0.0
U003188,A,2025-12-02,desktop,paid_search,NL,660,0,0,0.0
U003189,A,2025-12-14,tablet,organic,GB,571,0,0,0.0
U003190,A,2026-01-09,desktop,organic,GB,411,0,0,0.0
U003191,B,2026-01-30,mobile,paid_search,GB,470,1,0,0.0
U003192,B,2025-12-20,mobile,organic,FR,367,0,0,0.0
U003193,B,2026-01-09,mobile,paid_search,DE,356,0,0,0.0
U003194,B,2025-12-18,mobile,paid_search,GB,440,0,0,0.0
U003195,A,2025-12-20,desktop,organic,FR,346,0,0,0.0
U003196,B,2026-01-04,mobile,paid_search,ZA,532,1,1,23.16
U003197,B,2026-01-19,desktop,social,GB,291,0,0,0.0
U003198,A,2025-12-08,tablet,email,ZA,509,0,0,0.0
U003199,B,2026-01-09,tablet,organic,ZA,721,0,0,0.0
U003200,A,2026-01-30,mobile,referral,ZA,280,0,0,0.0
U003201,B,2026-01-16,desktop,organic,GB,469,0,0,0.0
U003202,B,2025-12-10,mobile,organic,GB,401,0,1,155.56
U003203,B,2026-01-20,tablet,organic,FR,369,0,0,0.0
U003204,B,2025-12-26,mobile,social,ES,248,0,0,0.0
U003205,A,2025-12-16,mobile,email,FR,751,0,0,0.0
U003206,A,2025-12-17,mobile,paid_search,ES,700,0,0,0.0
U003207,B,2026-01-01,desktop,social,FR,411,0,0,0.0
U003208,A,2025-12-03,mobile,organic,ES,401,0,0,0.0
U003209,A,2025-12-02,mobile,social,ZA,70,0,0,0.0
U003210,B,2025-12-03,desktop,paid_search,ZA,593,0,0,0.0
U003211,A,2026-01-04,mobile,paid_search,ES,400,0,0,0.0
U003212,B,2025-12-08,desktop,organic,NL,377,0,0,0.0
U003213,B,2025-12-29,mobile,organic,ES,458,0,0,0.0
U003214,B,2026-01-20,mobile,paid_search,GB,547,0,0,0.0
U003215,B,2025-12-18,desktop,referral,ZA,416,0,0,0.0
U003216,A,2025-12-13,mobile,paid_search,NL,271,0,0,0.0
U003217,A,2025-12-26,desktop,referral,ZA,683,0,0,0.0
U003218,A,2026-01-14,mobile,referral,ZA,31,0,0,0.0
U003219,B,2025-12-15,desktop,email,GB,553,0,1,61.4
U003220,B,2025-12-12,tablet,email,ZA,643,0,0,0.0
U003221,A,2026-01-02,desktop,paid_search,GB,691,0,0,0.0
U003222,B,2026-01-20,desktop,organic,DE,261,0,0,0.0
U003223,A,2025-12-07,mobile,social,DE,149,0,0,0.0
U003224,A,2026-01-18,desktop,paid_search,ZA,796,0,0,0.0
U003225,A,2026-01-13,desktop,organic,ES,228,1,0,0.0
U003226,B,2026-01-24,desktop,email,ZA,562,0,1,95.07
U003227,A,2026-01-05,desktop,email,ZA,780,0,0,0.0
U003228,B,2026-01-19,mobile,email,ZA,578,0,0,0.0
U003229,A,2026-01-30,mobile,email,ZA,349,0,1,39.15
U003230,A,2025-12-11,mobile,social,ZA,10,0,0,0.0
U003231,B,2025-12-30,desktop,organic,DE,565,0,0,0.0
U003232,B,2025-12-16,desktop,organic,FR,432,0,0,0.0
U003233,B,2025-12-05,desktop,organic,ZA,205,0,0,0.0
U003234,B,2026-01-05,mobile,organic,GB,608,0,0,0.0
U003235,B,2025-12-11,mobile,organic,ZA,430,0,0,0.0
U003236,A,2026-01-07,desktop,paid_search,ZA,470,1,0,0.0
U003237,A,2026-01-21,mobile,referral,FR,518,0,0,0.0
U003238,A,2026-01-22,desktop,organic,ES,598,1,0,0.0
U003239,B,2025-12-24,mobile,organic,GB,577,1,0,0.0
U003240,B,2025-12-30,mobile,organic,ZA,272,1,0,0.0
U003241,B,2026-01-16,mobile,social,ES,431,0,0,0.0
U003242,B,2026-01-29,desktop,paid_search,GB,545,1,0,0.0
U003243,B,2025-12-15,mobile,referral,DE,535,0,0,0.0
U003244,B,2026-01-10,mobile,paid_search,GB,384,0,0,0.0
U003245,A,2026-01-06,mobile,email,ZA,106,0,0,0.0
U003246,B,2026-01-18,mobile,social,ZA,72,0,0,0.0
U003247,B,2026-01-15,mobile,paid_search,ES,464,0,0,0.0
U003248,A,2026-01-24,mobile,organic,ZA,440,0,0,0.0
U003249,B,2025-12-20,mobile,organic,ES,411,1,1,89.37
U003250,B,2025-12-15,desktop,email,DE,390,0,0,0.0
U003251,B,2025-12-30,desktop,paid_search,GB,524,0,0,0.0
U003252,A,2026-01-11,desktop,referral,FR,601,0,0,0.0
U003253,B,2026-01-10,desktop,email,ZA,376,0,0,0.0
U003254,B,2026-01-16,mobile,social,ES,269,0,1,115.4
U003255,B,2026-01-24,mobile,organic,NL,469,0,0,0.0
U003256,A,2025-12-06,tablet,paid_search,NL,396,1,0,0.0
U003257,B,2026-01-27,tablet,social,FR,332,0,0,0.0
U003258,A,2026-01-06,mobile,organic,GB,316,0,0,0.0
U003259,A,2025-12-10,mobile,social,ZA,380,0,0,0.0
U003260,A,2026-01-13,mobile,organic,ZA,539,0,0,0.0
U003261,B,2025-12-23,desktop,organic,GB,730,1,0,0.0
U003262,B,2026-01-25,mobile,organic,ZA,439,0,0,0.0
U003263,B,2026-01-25,mobile,paid_search,GB,697,0,0,0.0
U003264,A,2026-01-06,desktop,paid_search,GB,712,1,0,0.0
U003265,B,2025-12-29,mobile,social,ZA,453,0,0,0.0
U003266,B,2025-12-27,mobile,email,ZA,695,0,0,0.0
U003267,A,2025-12-13,desktop,email,ZA,341,0,0,0.0
U003268,A,2025-12-02,desktop,social,NL,433,0,0,0.0
U003269,A,2026-01-09,mobile,organic,ZA,570,0,0,0.0
U003270,A,2025-12-20,mobile,paid_search,ZA,93,0,0,0.0
U003271,A,2026-01-03,desktop,paid_search,ZA,634,1,0,0.0
U003272,B,2026-01-18,desktop,social,ZA,437,0,0,0.0
U003273,A,2025-12-16,tablet,paid_search,ES,252,0,0,0.0
U003274,B,2026-01-30,mobile,paid_search,ES,647,1,1,64.17
U003275,B,2025-12-09,mobile,organic,ZA,512,1,0,0.0
U003276,B,2026-01-15,desktop,paid_search,ES,431,0,0,0.0
U003277,A,2026-01-03,desktop,organic,NL,583,0,0,0.0
U003278,A,2025-12-11,desktop,paid_search,FR,334,0,0,0.0
U003279,A,2025-12-20,mobile,organic,ZA,207,0,0,0.0
U003280,A,2025-12-02,mobile,email,ZA,598,0,1,187.26
U003281,A,2025-12-11,desktop,email,ZA,674,0,0,0.0
U003282,A,2026-01-03,mobile,organic,NL,89,1,0,0.0
U003283,A,2025-12-09,desktop,organic,FR,195,0,0,0.0
U003284,B,2025-12-17,mobile,social,ZA,424,0,0,0.0
U003285,A,2026-01-17,mobile,referral,ZA,33,0,0,0.0
U003286,B,2025-12-10,desktop,email,ZA,809,1,1,43.71
U003287,A,2025-12-29,tablet,organic,ZA,531,0,0,0.0
U003288,A,2026-01-15,mobile,email,ZA,438,0,0,0.0
U003289,A,2026-01-24,tablet,email,ZA,250,0,1,171.32
U003290,A,2026-01-16,desktop,organic,ZA,274,0,1,68.02
U003291,B,2025-12-13,desktop,paid_search,GB,733,0,0,0.0
U003292,B,2026-01-28,mobile,organic,GB,236,0,0,0.0
U003293,A,2026-01-08,mobile,organic,FR,362,0,0,0.0
U003294,B,2025-12-08,tablet,referral,ES,371,0,0,0.0
U003295,B,2025-12-11,mobile,organic,ZA,578,0,1,73.51
U003296,B,2026-01-20,desktop,email,ZA,896,0,0,0.0
U003297,B,2025-12-17,mobile,email,ZA,448,0,0,0.0
U003298,A,2026-01-08,tablet,organic,GB,400,0,0,0.0
U003299,A,2026-01-03,desktop,email,NL,797,0,0,0.0
U003300,B,2026-01-11,mobile,organic,ZA,615,0,0,0.0
U003301,B,2026-01-16,mobile,organic,DE,449,0,0,0.0
U003302,A,2025-12-09,mobile,organic,GB,161,0,0,0.0
U003303,A,2025-12-03,mobile,social,ZA,624,0,0,0.0
U003304,B,2025-12-04,desktop,email,ZA,440,1,0,0.0
U003305,B,2025-12-26,mobile,organic,GB,356,0,0,0.0
U003306,A,2025-12-01,desktop,paid_search,ZA,750,0,0,0.0
U003307,B,2025-12-18,mobile,organic,ZA,571,0,0,0.0
U003308,B,2026-01-11,desktop,paid_search,DE,633,0,0,0.0
U003309,B,2026-01-20,mobile,paid_search,ES,407,0,0,0.0
U003310,A,2025-12-03,desktop,organic,DE,642,0,0,0.0
U003311,A,2026-01-23,mobile,organic,NL,339,0,0,0.0
U003312,A,2026-01-23,desktop,organic,ZA,139,0,0,0.0
U003313,A,2026-01-01,mobile,email,FR,559,0,0,0.0
U003314,A,2026-01-06,mobile,organic,ES,608,0,1,71.11
U003315,A,2026-01-19,desktop,social,FR,459,0,0,0.0
U003316,A,2025-12-13,mobile,social,GB,231,1,0,0.0
U003317,A,2025-12-16,desktop,social,ZA,275,0,0,0.0
U003318,A,2026-01-18,mobile,organic,DE,571,0,0,0.0
U003319,A,2025-12-04,mobile,organic,ZA,94,0,0,0.0
U003320,B,2025-12-21,mobile,organic,FR,394,0,0,0.0
U003321,B,2025-12-04,desktop,referral,ZA,137,0,0,0.0
U003322,B,2026-01-13,mobile,organic,ZA,100,0,0,0.0
U003323,B,2026-01-24,mobile,organic,GB,56,0,0,0.0
U003324,A,2025-12-06,desktop,social,FR,446,0,0,0.0
U003325,B,2026-01-09,tablet,referral,ES,691,1,0,0.0
U003326,B,2025-12-21,mobile,referral,NL,421,0,0,0.0
U003327,B,2026-01-10,desktop,referral,GB,122,1,0,0.0
U003328,B,2025-12-05,desktop,social,DE,517,1,0,0.0
U003329,A,2025-12-28,tablet,organic,ZA,106,0,0,0.0
U003330,B,2025-12-23,desktop,paid_search,GB,212,0,0,0.0
U003331,A,2026-01-28,tablet,organic,FR,74,1,0,0.0
U003332,B,2025-12-27,desktop,social,FR,717,0,0,0.0
U003333,B,2026-01-04,mobile,organic,FR,420,0,0,0.0
U003334,A,2026-01-03,mobile,referral,GB,568,0,0,0.0
U003335,B,2025-12-23,tablet,referral,ZA,428,1,0,0.0
U003336,A,2025-12-26,desktop,paid_search,ZA,649,1,0,0.0
U003337,A,2026-01-01,mobile,organic,DE,587,1,0,0.0
U003338,B,2025-12-29,mobile,organic,ZA,450,0,0,0.0
U003339,A,2026-01-16,desktop,organic,DE,151,0,0,0.0
U003340,B,2026-01-08,mobile,referral,GB,676,0,0,0.0
U003341,B,2025-12-14,mobile,social,ZA,496,0,0,0.0
U003342,A,2026-01-02,desktop,paid_search,ZA,749,0,1,77.9
U003343,A,2025-12-23,desktop,social,NL,274,0,0,0.0
U003344,A,2026-01-10,desktop,organic,ES,70,0,0,0.0
U003345,B,2025-12-28,mobile,social,ZA,470,0,0,0.0
U003346,B,2025-12-07,mobile,email,GB,766,1,0,0.0
U003347,A,2026-01-05,mobile,organic,NL,167,0,0,0.0
U003348,B,2026-01-22,mobile,organic,DE,370,0,0,0.0
U003349,B,2026-01-17,desktop,email,DE,751,0,0,0.0
U003350,A,2026-01-03,mobile,organic,GB,421,0,0,0.0
U003351,B,2025-12-19,mobile,organic,DE,48,1,1,60.2
U003352,A,2025-12-20,desktop,organic,ZA,347,0,0,0.0
U003353,B,2025-12-27,mobile,organic,FR,176,0,0,0.0
U003354,A,2025-12-07,mobile,social,ZA,355,0,0,0.0
U003355,A,2025-12-01,mobile,organic,ZA,313,1,0,0.0
U003356,A,2026-01-24,desktop,referral,ZA,214,0,0,0.0
U003357,A,2025-12-17,mobile,paid_search,DE,560,0,0,0.0
U003358,A,2026-01-15,mobile,organic,ZA,613,1,0,0.0
U003359,A,2025-12-18,mobile,paid_search,DE,454,0,0,0.0
U003360,A,2026-01-09,mobile,paid_search,NL,366,0,1,47.89
U003361,B,2026-01-14,mobile,organic,DE,422,0,1,171.64
U003362,A,2025-12-05,mobile,organic,ES,132,0,1,44.4
U003363,B,2026-01-10,mobile,organic,ZA,144,0,0,0.0
U003364,B,2025-12-01,mobile,organic,GB,114,0,0,0.0
U003365,B,2026-01-23,mobile,paid_search,FR,208,0,0,0.0
U003366,B,2026-01-08,mobile,organic,GB,593,0,0,0.0
U003367,A,2025-12-03,mobile,organic,ZA,91,0,0,0.0
U003368,B,2026-01-24,mobile,organic,ZA,370,0,0,0.0
U003369,A,2025-12-21,desktop,paid_search,DE,150,0,0,0.0
U003370,A,2026-01-06,desktop,social,NL,428,0,0,0.0
U003371,A,2025-12-14,mobile,organic,ZA,382,0,0,0.0
U003372,A,2025-12-09,tablet,organic,ZA,551,0,1,136.1
U003373,A,2025-12-14,desktop,referral,ZA,763,0,0,0.0
U003374,B,2025-12-01,desktop,organic,DE,334,0,0,0.0
U003375,A,2025-12-12,desktop,paid_search,ZA,125,0,0,0.0
U003376,B,2025-12-23,mobile,organic,DE,66,0,0,0.0
U003377,A,2025-12-06,desktop,organic,ZA,673,0,0,0.0
U003378,A,2025-12-07,mobile,organic,ZA,315,1,0,0.0
U003379,A,2026-01-03,mobile,paid_search,NL,501,0,0,0.0
U003380,B,2026-01-03,mobile,organic,DE,435,0,1,30.85
U003381,B,2026-01-21,mobile,email,GB,370,0,0,0.0
U003382,A,2025-12-13,desktop,social,ES,484,1,0,0.0
U003383,A,2026-01-06,desktop,paid_search,ZA,220,1,0,0.0
U003384,A,2025-12-19,mobile,referral,GB,626,0,0,0.0
U003385,A,2026-01-12,desktop,organic,DE,555,0,0,0.0
U003386,A,2026-01-06,tablet,paid_search,DE,318,0,1,178.38
U003387,A,2026-01-09,desktop,paid_search,ZA,806,1,0,0.0
U003388,A,2026-01-17,desktop,email,GB,281,0,0,0.0
U003389,B,2026-01-14,desktop,organic,GB,230,0,0,0.0
U003390,B,2026-01-24,mobile,social,ES,230,0,0,0.0
U003391,B,2026-01-05,mobile,organic,FR,267,0,0,0.0
U003392,A,2026-01-18,mobile,paid_search,GB,129,1,0,0.0
U003393,B,2025-12-31,desktop,social,GB,186,0,0,0.0
U003394,A,2026-01-21,mobile,paid_search,ES,452,0,0,0.0
U003395,B,2026-01-04,desktop,paid_search,ZA,535,0,0,0.0
U003396,B,2025-12-15,mobile,organic,DE,506,0,0,0.0
U003397,B,2025-12-26,mobile,email,ES,471,1,0,0.0
U003398,B,2025-12-22,mobile,referral,GB,74,1,0,0.0
U003399,B,2026-01-20,desktop,email,FR,270,1,1,145.84
U003400,A,2025-12-17,desktop,referral,FR,756,1,0,0.0
U003401,B,2025-12-01,mobile,email,GB,827,1,0,0.0
U003402,B,2025-12-25,desktop,email,FR,776,1,0,0.0
U003403,A,2025-12-04,mobile,organic,ZA,497,0,0,0.0
U003404,B,2026-01-24,desktop,organic,ZA,487,0,0,0.0
U003405,A,2026-01-03,mobile,social,ZA,233,0,0,0.0
U003406,B,2025-12-08,mobile,organic,DE,248,0,0,0.0
U003407,A,2026-01-18,mobile,email,DE,557,1,0,0.0
U003408,B,2025-12-05,mobile,paid_search,ZA,307,0,0,0.0
U003409,A,2026-01-06,desktop,email,ES,401,1,0,0.0
U003410,B,2026-01-21,mobile,organic,GB,636,0,0,0.0
U003411,B,2026-01-09,mobile,social,ZA,190,0,0,0.0
U003412,B,2025-12-17,mobile,paid_search,FR,374,0,0,0.0
U003413,B,2026-01-02,mobile,referral,ZA,336,0,0,0.0
U003414,A,2025-12-17,mobile,email,ZA,698,0,0,0.0
U003415,A,2025-12-23,mobile,email,FR,764,0,0,0.0
U003416,A,2025-12-31,tablet,organic,ES,626,0,1,136.76
U003417,B,2025-12-16,mobile,organic,ZA,426,0,1,46.79
U003418,A,2025-12-20,mobile,social,ZA,325,0,0,0.0
U003419,B,2025-12-30,desktop,email,ES,776,0,0,0.0
U003420,B,2025-12-21,desktop,organic,ES,231,0,0,0.0
U003421,A,2025-12-05,mobile,organic,GB,486,1,0,0.0
U003422,A,2025-12-23,mobile,email,NL,179,1,0,0.0
U003423,A,2026-01-24,mobile,organic,FR,576,1,0,0.0
U003424,A,2026-01-17,tablet,email,DE,336,0,0,0.0
U003425,B,2025-12-15,tablet,social,ZA,171,0,0,0.0
U003426,A,2025-12-11,desktop,organic,GB,448,0,0,0.0
U003427,A,2025-12-09,mobile,paid_search,NL,640,1,0,0.0
U003428,B,2025-12-05,mobile,email,GB,597,0,0,0.0
U003429,A,2025-12-11,desktop,email,GB,360,1,0,0.0
U003430,B,2025-12-03,mobile,paid_search,DE,318,1,0,0.0
U003431,A,2025-12-04,mobile,paid_search,ES,193,0,1,146.3
U003432,B,2025-12-01,desktop,organic,ZA,276,0,0,0.0
U003433,A,2025-12-14,mobile,referral,FR,164,0,0,0.0
U003434,B,2025-12-08,desktop,email,ZA,676,0,0,0.0
U003435,A,2026-01-13,mobile,organic,NL,280,0,0,0.0
U003436,A,2025-12-02,mobile,paid_search,ZA,515,1,0,0.0
U003437,A,2026-01-17,mobile,organic,ZA,691,1,0,0.0
U003438,A,2026-01-30,mobile,email,GB,676,0,0,0.0
U003439,A,2026-01-22,mobile,paid_search,NL,743,0,0,0.0
U003440,B,2026-01-19,mobile,organic,ZA,359,0,0,0.0
U003441,B,2025-12-09,desktop,referral,ES,446,0,0,0.0
U003442,A,2025-12-29,desktop,organic,ES,197,0,0,0.0
U003443,B,2025-12-12,tablet,email,DE,728,0,1,197.61
U003444,B,2026-01-22,mobile,paid_search,GB,284,0,0,0.0
U003445,B,2025-12-26,mobile,organic,GB,564,0,0,0.0
U003446,A,2026-01-28,tablet,social,DE,586,0,0,0.0
U003447,A,2026-01-21,desktop,social,NL,250,0,0,0.0
U003448,B,2025-12-22,tablet,email,DE,530,1,0,0.0
U003449,A,2025-12-27,mobile,paid_search,DE,143,0,0,0.0
U003450,B,2026-01-21,mobile,organic,ZA,359,0,0,0.0
U003451,A,2025-12-17,mobile,social,ZA,418,0,0,0.0
U003452,B,2026-01-03,mobile,social,ZA,109,0,0,0.0
U003453,A,2026-01-19,mobile,organic,GB,404,1,0,0.0
U003454,A,2025-12-30,mobile,email,ZA,660,0,0,0.0
U003455,B,2025-12-15,mobile,referral,GB,419,0,0,0.0
U003456,B,2026-01-16,desktop,paid_search,DE,753,0,0,0.0
U003457,B,2026-01-14,mobile,organic,FR,245,0,0,0.0
U003458,B,2026-01-26,mobile,organic,NL,545,0,0,0.0
U003459,B,2026-01-25,desktop,paid_search,DE,692,0,0,0.0
U003460,B,2025-12-04,desktop,social,ZA,54,0,0,0.0
U003461,B,2026-01-09,desktop,referral,DE,389,0,0,0.0
U003462,B,2025-12-17,desktop,organic,ZA,151,0,0,0.0
U003463,A,2025-12-28,mobile,email,ES,434,0,0,0.0
U003464,B,2026-01-06,mobile,paid_search,ES,336,0,0,0.0
U003465,B,2026-01-28,desktop,organic,DE,637,0,0,0.0
U003466,B,2025-12-28,mobile,social,GB,217,0,0,0.0
U003467,B,2025-12-05,mobile,paid_search,ES,302,0,0,0.0
U003468,B,2025-12-14,mobile,paid_search,DE,576,0,1,189.82
U003469,B,2025-12-13,mobile,organic,DE,523,0,0,0.0
U003470,B,2025-12-10,mobile,email,GB,350,0,0,0.0
U003471,B,2026-01-08,mobile,referral,ZA,64,0,0,0.0
U003472,B,2025-12-09,tablet,email,GB,319,1,0,0.0
U003473,B,2026-01-21,mobile,email,ZA,756,1,1,48.08
U003474,A,2026-01-01,mobile,paid_search,DE,148,0,0,0.0
U003475,A,2026-01-14,mobile,referral,ES,172,1,0,0.0
U003476,A,2025-12-05,mobile,referral,ZA,389,0,0,0.0
U003477,B,2025-12-08,desktop,organic,DE,804,1,0,0.0
U003478,A,2026-01-16,desktop,organic,GB,136,0,0,0.0
U003479,A,2026-01-25,mobile,referral,DE,691,0,1,81.79
U003480,A,2026-01-05,desktop,organic,ZA,359,0,0,0.0
U003481,A,2025-12-22,mobile,referral,ZA,360,0,0,0.0
U003482,A,2026-01-04,desktop,email,ES,422,1,0,0.0
U003483,B,2026-01-06,desktop,organic,DE,474,1,1,161.77
U003484,A,2026-01-06,mobile,email,NL,259,0,0,0.0
U003485,A,2026-01-13,mobile,organic,GB,365,0,0,0.0
U003486,A,2026-01-08,mobile,email,ES,176,1,0,0.0
U003487,A,2025-12-03,mobile,paid_search,ZA,434,1,0,0.0
U003488,A,2025-12-11,desktop,paid_search,FR,745,0,0,0.0
U003489,A,2026-01-17,desktop,social,FR,223,0,0,0.0
U003490,A,2026-01-24,mobile,organic,ZA,197,0,0,0.0
U003491,A,2026-01-05,mobile,organic,ZA,494,0,0,0.0
U003492,A,2025-12-04,mobile,email,ZA,682,0,0,0.0
U003493,B,2026-01-29,mobile,paid_search,ZA,782,0,0,0.0
U003494,A,2025-12-06,tablet,organic,ES,599,0,0,0.0
U003495,B,2025-12-24,mobile,organic,FR,297,0,1,119.73
U003496,B,2026-01-22,mobile,paid_search,NL,367,1,0,0.0
U003497,B,2025-12-22,mobile,paid_search,GB,548,0,0,0.0
U003498,B,2025-12-01,mobile,social,FR,273,0,0,0.0
U003499,B,2025-12-04,tablet,organic,ES,588,0,0,0.0
U003500,A,2025-12-20,mobile,paid_search,FR,244,0,0,0.0
U003501,A,2026-01-16,mobile,email,GB,238,1,0,0.0
U003502,B,2025-12-05,desktop,referral,ZA,496,0,1,60.89
U003503,B,2026-01-11,mobile,organic,GB,611,0,0,0.0
U003504,A,2026-01-07,mobile,social,NL,280,0,0,0.0
U003505,B,2026-01-13,desktop,organic,GB,78,0,0,0.0
U003506,B,2026-01-13,mobile,organic,GB,141,0,0,0.0
U003507,B,2026-01-13,mobile,social,ZA,192,0,0,0.0
U003508,B,2025-12-04,mobile,organic,ZA,250,0,0,0.0
U003509,A,2025-12-29,mobile,paid_search,ZA,392,1,1,184.71
U003510,A,2026-01-29,desktop,referral,ZA,536,0,0,0.0
U003511,B,2025-12-02,desktop,organic,ZA,491,0,0,0.0
U003512,B,2026-01-29,desktop,email,DE,134,0,0,0.0
U003513,B,2025-12-31,mobile,email,DE,417,0,0,0.0
U003514,B,2026-01-29,mobile,organic,DE,349,0,0,0.0
U003515,A,2025-12-20,mobile,email,ZA,536,0,0,0.0
U003516,B,2026-01-12,desktop,organic,ZA,355,0,0,0.0
U003517,A,2025-12-03,tablet,social,NL,128,0,0,0.0
U003518,B,2025-12-15,desktop,social,FR,505,0,0,0.0
U003519,A,2026-01-13,desktop,email,ZA,715,0,1,175.01
U003520,A,2026-01-12,mobile,organic,ZA,420,0,0,0.0
U003521,A,2026-01-09,mobile,organic,ES,365,0,0,0.0
U003522,B,2026-01-13,mobile,organic,ZA,598,0,0,0.0
U003523,A,2025-12-17,mobile,organic,ZA,471,0,0,0.0
U003524,B,2025-12-06,desktop,organic,FR,518,0,0,0.0
U003525,A,2026-01-13,mobile,paid_search,DE,445,0,0,0.0
U003526,A,2026-01-22,mobile,organic,DE,73,0,0,0.0
U003527,B,2026-01-11,mobile,referral,DE,60,0,0,0.0
U003528,B,2025-12-17,mobile,paid_search,ES,735,1,0,0.0
U003529,A,2026-01-22,mobile,paid_search,NL,605,0,0,0.0
U003530,A,2025-12-05,desktop,social,GB,342,0,0,0.0
U003531,A,2025-12-12,mobile,referral,ES,513,0,0,0.0
U003532,B,2026-01-20,desktop,organic,GB,542,0,0,0.0
U003533,B,2025-12-23,desktop,email,NL,634,0,0,0.0
U003534,B,2025-12-30,mobile,paid_search,GB,563,0,0,0.0
U003535,A,2025-12-29,desktop,referral,ZA,68,0,0,0.0
U003536,A,2026-01-29,mobile,email,ZA,151,0,0,0.0
U003537,A,2025-12-30,mobile,referral,ES,615,0,0,0.0
U003538,A,2026-01-08,mobile,organic,ZA,560,0,0,0.0
U003539,B,2025-12-28,desktop,email,GB,259,0,0,0.0
U003540,B,2026-01-14,tablet,social,ZA,531,0,0,0.0
U003541,A,2025-12-21,tablet,organic,ZA,191,0,0,0.0
U003542,A,2025-12-14,desktop,referral,ZA,778,1,0,0.0
U003543,B,2025-12-19,mobile,social,GB,208,0,0,0.0
U003544,B,2025-12-14,mobile,organic,DE,210,0,0,0.0
U003545,B,2025-12-04,desktop,paid_search,ZA,498,0,0,0.0
U003546,A,2025-12-15,mobile,organic,NL,101,0,0,0.0
U003547,B,2026-01-05,desktop,organic,ZA,309,0,0,0.0
U003548,A,2025-12-03,desktop,organic,ES,378,0,0,0.0
U003549,B,2025-12-20,mobile,paid_search,ZA,621,0,1,50.64
U003550,A,2026-01-12,mobile,email,NL,684,0,0,0.0
U003551,B,2026-01-18,desktop,organic,ZA,93,0,0,0.0
U003552,B,2025-12-19,mobile,paid_search,NL,601,0,0,0.0
U003553,B,2026-01-12,desktop,organic,ZA,571,0,0,0.0
U003554,A,2026-01-02,tablet,paid_search,DE,386,0,1,51.58
U003555,B,2026-01-22,mobile,email,ZA,801,0,0,0.0
U003556,B,2025-12-12,mobile,email,NL,586,0,0,0.0
U003557,A,2025-12-22,mobile,paid_search,FR,548,1,1,98.66
U003558,B,2026-01-12,desktop,organic,ZA,510,0,0,0.0
U003559,A,2026-01-18,desktop,organic,ZA,399,0,0,0.0
U003560,B,2025-12-15,tablet,social,NL,515,1,0,0.0
U003561,B,2026-01-04,desktop,organic,FR,562,0,0,0.0
U003562,B,2025-12-30,mobile,paid_search,FR,439,0,0,0.0
U003563,B,2026-01-02,desktop,social,FR,489,0,0,0.0
U003564,B,2025-12-05,tablet,organic,DE,390,0,0,0.0
U003565,A,2025-12-01,desktop,paid_search,ZA,772,0,0,0.0
U003566,B,2025-12-11,mobile,organic,GB,671,0,0,0.0
U003567,A,2025-12-09,tablet,organic,NL,316,0,0,0.0
U003568,A,2026-01-30,mobile,organic,FR,167,0,0,0.0
U003569,A,2026-01-09,mobile,social,DE,95,0,0,0.0
U003570,A,2026-01-22,mobile,paid_search,NL,283,0,1,127.83
U003571,A,2025-12-11,mobile,paid_search,ES,476,0,0,0.0
U003572,A,2026-01-14,desktop,email,ZA,711,0,0,0.0
U003573,B,2025-12-02,desktop,organic,DE,743,1,0,0.0
U003574,A,2025-12-08,mobile,organic,NL,313,0,0,0.0
U003575,B,2026-01-30,mobile,organic,FR,698,0,0,0.0
U003576,B,2026-01-30,mobile,email,GB,592,0,1,147.33
U003577,A,2025-12-05,desktop,email,ZA,572,0,0,0.0
U003578,A,2025-12-14,mobile,social,ZA,641,0,0,0.0
U003579,A,2025-12-02,mobile,email,ZA,142,0,0,0.0
U003580,B,2025-12-12,desktop,organic,ZA,377,1,0,0.0
U003581,B,2026-01-19,mobile,organic,NL,42,0,0,0.0
U003582,B,2025-12-06,desktop,social,GB,760,0,0,0.0
U003583,B,2026-01-15,mobile,referral,GB,278,1,0,0.0
U003584,B,2026-01-27,mobile,organic,ZA,586,0,0,0.0
U003585,B,2025-12-08,mobile,organic,ES,258,0,0,0.0
U003586,A,2025-12-05,mobile,paid_search,DE,504,0,0,0.0
U003587,A,2025-12-12,mobile,organic,ZA,139,0,0,0.0
U003588,B,2026-01-26,desktop,organic,ZA,284,1,0,0.0
U003589,A,2025-12-03,mobile,paid_search,DE,678,0,0,0.0
U003590,B,2026-01-13,mobile,social,ZA,103,0,0,0.0
U003591,B,2026-01-02,mobile,email,ZA,532,0,0,0.0
U003592,A,2025-12-10,mobile,paid_search,NL,510,1,0,0.0
U003593,B,2026-01-26,desktop,organic,GB,144,0,0,0.0
U003594,B,2026-01-09,mobile,paid_search,FR,341,0,0,0.0
U003595,A,2026-01-16,mobile,organic,FR,274,0,0,0.0
U003596,B,2025-12-28,mobile,paid_search,ZA,631,0,0,0.0
U003597,B,2026-01-01,mobile,email,ZA,786,1,1,95.48
U003598,B,2025-12-08,mobile,social,DE,645,0,0,0.0
U003599,B,2026-01-12,desktop,email,ZA,567,0,0,0.0
U003600,A,2026-01-19,mobile,paid_search,NL,64,0,0,0.0
U003601,A,2026-01-08,desktop,referral,GB,700,0,0,0.0
U003602,B,2025-12-14,desktop,organic,GB,441,0,0,0.0
U003603,B,2026-01-25,desktop,organic,ZA,505,0,0,0.0
U003604,A,2025-12-02,desktop,paid_search,NL,645,0,0,0.0
U003605,B,2025-12-13,desktop,email,ZA,509,0,0,0.0
U003606,A,2026-01-24,desktop,social,NL,241,0,0,0.0
U003607,A,2026-01-25,mobile,email,ZA,702,0,0,0.0
U003608,B,2026-01-03,desktop,email,ZA,737,0,0,0.0
U003609,A,2025-12-26,desktop,social,ZA,264,1,0,0.0
U003610,A,2025-12-29,mobile,organic,GB,300,0,0,0.0
U003611,B,2025-12-18,mobile,organic,FR,153,1,0,0.0
U003612,A,2025-12-23,desktop,paid_search,GB,156,0,0,0.0
U003613,B,2025-12-08,desktop,organic,FR,484,1,1,81.48
U003614,A,2025-12-25,desktop,organic,DE,184,0,0,0.0
U003615,B,2026-01-26,mobile,organic,DE,429,0,1,79.12
U003616,A,2026-01-10,mobile,referral,ES,199,0,0,0.0
U003617,A,2026-01-02,desktop,referral,ES,350,0,0,0.0
U003618,B,2025-12-13,mobile,social,ZA,325,0,0,0.0
U003619,A,2025-12-27,desktop,organic,ZA,68,1,0,0.0
U003620,B,2025-12-09,mobile,email,ES,643,0,0,0.0
U003621,A,2025-12-09,desktop,email,FR,666,0,0,0.0
U003622,B,2026-01-12,desktop,organic,DE,753,1,0,0.0
U003623,A,2025-12-02,desktop,paid_search,ZA,512,1,1,168.47
U003624,B,2026-01-24,desktop,email,ZA,518,1,0,0.0
U003625,B,2025-12-31,desktop,organic,FR,288,0,0,0.0
U003626,B,2025-12-22,desktop,organic,NL,703,0,0,0.0
U003627,A,2026-01-06,mobile,organic,ZA,507,0,0,0.0
U003628,A,2025-12-28,mobile,organic,GB,32,0,0,0.0
U003629,B,2026-01-26,tablet,social,DE,491,0,0,0.0
U003630,B,2026-01-14,desktop,paid_search,ZA,269,0,0,0.0
U003631,A,2026-01-28,desktop,paid_search,FR,134,0,0,0.0
U003632,B,2025-12-07,mobile,email,ZA,774,0,0,0.0
U003633,B,2025-12-16,mobile,organic,ES,599,0,0,0.0
U003634,B,2026-01-24,mobile,email,NL,351,0,0,0.0
U003635,B,2026-01-26,desktop,paid_search,DE,671,0,0,0.0
U003636,A,2025-12-26,desktop,paid_search,DE,777,0,0,0.0
U003637,A,2025-12-18,desktop,referral,GB,177,0,0,0.0
U003638,B,2025-12-05,desktop,social,ES,131,0,0,0.0
U003639,B,2026-01-01,desktop,organic,ES,181,0,0,0.0
U003640,A,2026-01-15,desktop,referral,ES,596,1,0,0.0
U003641,A,2025-12-20,mobile,email,NL,588,0,0,0.0
U003642,B,2026-01-28,mobile,email,ZA,279,0,0,0.0
U003643,A,2025-12-19,mobile,social,FR,489,1,0,0.0
U003644,B,2026-01-10,mobile,organic,ZA,117,0,0,0.0
U003645,B,2026-01-05,desktop,paid_search,ZA,351,0,0,0.0
U003646,B,2026-01-12,mobile,email,ZA,546,0,0,0.0
U003647,B,2025-12-14,desktop,email,GB,245,0,0,0.0
U003648,B,2025-12-07,desktop,organic,ZA,534,0,0,0.0
U003649,B,2025-12-02,mobile,social,GB,49,0,0,0.0
U003650,A,2026-01-15,desktop,paid_search,NL,712,1,0,0.0
U003651,B,2026-01-15,mobile,referral,NL,260,0,0,0.0
U003652,A,2026-01-14,desktop,paid_search,ZA,659,1,0,0.0
U003653,A,2025-12-31,desktop,email,ZA,528,0,0,0.0
U003654,A,2026-01-13,mobile,email,GB,587,0,0,0.0
U003655,A,2026-01-06,mobile,social,NL,199,0,0,0.0
U003656,A,2025-12-12,mobile,organic,DE,251,1,1,138.91
U003657,B,2026-01-27,mobile,organic,ES,473,0,1,178.94
U003658,B,2025-12-30,desktop,social,FR,95,0,0,0.0
U003659,A,2026-01-11,mobile,paid_search,FR,431,1,0,0.0
U003660,A,2026-01-18,desktop,paid_search,ZA,513,0,0,0.0
U003661,B,2025-12-14,mobile,paid_search,ZA,320,1,0,0.0
U003662,B,2025-12-11,desktop,email,ZA,361,0,0,0.0
U003663,A,2026-01-07,mobile,organic,NL,502,0,0,0.0
U003664,B,2025-12-04,mobile,email,ZA,756,1,0,0.0
U003665,A,2025-12-29,mobile,organic,ZA,221,0,0,0.0
U003666,B,2026-01-21,mobile,paid_search,GB,699,1,0,0.0
U003667,B,2026-01-10,tablet,organic,ZA,170,0,0,0.0
U003668,B,2026-01-18,tablet,email,GB,598,0,0,0.0
U003669,B,2025-12-25,mobile,social,GB,320,1,0,0.0
U003670,B,2026-01-20,mobile,email,ZA,359,0,0,0.0
U003671,B,2025-12-29,mobile,referral,ES,458,0,0,0.0
U003672,A,2026-01-16,tablet,paid_search,DE,775,0,0,0.0
U003673,B,2025-12-30,desktop,email,GB,425,1,0,0.0
U003674,A,2025-12-07,mobile,organic,DE,450,0,0,0.0
U003675,B,2026-01-13,desktop,organic,ZA,510,0,0,0.0
U003676,B,2025-12-26,desktop,email,GB,624,0,0,0.0
U003677,B,2026-01-23,mobile,email,GB,276,0,0,0.0
U003678,A,2026-01-16,mobile,paid_search,ZA,250,0,0,0.0
U003679,A,2026-01-06,desktop,organic,DE,378,0,0,0.0
U003680,A,2026-01-08,mobile,organic,DE,27,0,0,0.0
U003681,A,2026-01-17,mobile,organic,FR,688,0,1,29.31
U003682,A,2025-12-03,mobile,email,ZA,756,0,0,0.0
U003683,B,2025-12-25,desktop,organic,FR,265,0,0,0.0
U003684,A,2026-01-16,desktop,organic,ES,295,0,0,0.0
U003685,B,2026-01-08,tablet,paid_search,GB,229,1,1,122.24
U003686,A,2026-01-16,tablet,organic,GB,213,0,0,0.0
U003687,A,2026-01-19,mobile,paid_search,FR,780,0,0,0.0
U003688,B,2025-12-18,mobile,referral,FR,651,0,0,0.0
U003689,A,2026-01-28,mobile,social,FR,669,0,0,0.0
U003690,A,2025-12-23,desktop,social,FR,524,0,0,0.0
U003691,A,2025-12-14,desktop,referral,DE,619,0,0,0.0
U003692,B,2025-12-21,mobile,referral,ZA,359,0,0,0.0
U003693,B,2026-01-05,mobile,paid_search,NL,556,1,0,0.0
U003694,B,2026-01-02,mobile,paid_search,ZA,355,1,0,0.0
U003695,B,2026-01-09,mobile,organic,ZA,351,1,0,0.0
U003696,B,2026-01-06,desktop,social,GB,495,0,0,0.0
U003697,A,2026-01-25,mobile,organic,GB,357,0,0,0.0
U003698,B,2026-01-13,mobile,organic,ZA,482,1,0,0.0
U003699,A,2025-12-22,desktop,paid_search,ZA,545,0,1,109.22
U003700,A,2025-12-18,mobile,email,DE,826,0,0,0.0
U003701,A,2025-12-08,desktop,organic,FR,725,0,0,0.0
U003702,A,2026-01-20,mobile,paid_search,ES,183,0,1,153.36
U003703,A,2025-12-21,mobile,organic,ZA,154,0,0,0.0
U003704,B,2025-12-26,mobile,social,GB,343,0,1,122.88
U003705,B,2025-12-31,mobile,paid_search,ZA,79,0,0,0.0
U003706,A,2025-12-30,mobile,paid_search,ES,619,0,0,0.0
U003707,B,2026-01-08,mobile,paid_search,DE,285,0,0,0.0
U003708,A,2025-12-23,mobile,paid_search,DE,675,0,0,0.0
U003709,B,2025-12-06,mobile,social,GB,514,0,0,0.0
U003710,B,2025-12-10,mobile,organic,ZA,591,0,0,0.0
U003711,B,2025-12-24,mobile,social,FR,607,1,0,0.0
U003712,A,2026-01-22,mobile,email,ZA,441,0,1,175.39
U003713,B,2026-01-21,mobile,email,ES,339,0,1,200.33
U003714,A,2026-01-03,mobile,paid_search,FR,370,1,0,0.0
U003715,A,2026-01-28,desktop,referral,ES,188,0,0,0.0
U003716,B,2026-01-07,tablet,organic,ZA,386,0,0,0.0
U003717,A,2025-12-28,mobile,email,DE,269,0,0,0.0
U003718,B,2026-01-19,mobile,email,NL,311,1,0,0.0
U003719,B,2026-01-17,mobile,paid_search,FR,185,0,0,0.0
U003720,A,2025-12-19,desktop,organic,GB,811,0,0,0.0
U003721,B,2025-12-07,desktop,social,FR,765,0,0,0.0
U003722,A,2025-12-19,mobile,organic,ZA,164,0,0,0.0
U003723,B,2025-12-01,mobile,paid_search,ZA,216,0,0,0.0
U003724,B,2026-01-21,mobile,organic,DE,97,0,0,0.0
U003725,A,2025-12-03,desktop,paid_search,ZA,618,0,0,0.0
U003726,A,2026-01-22,mobile,paid_search,NL,444,1,0,0.0
U003727,B,2025-12-30,mobile,paid_search,DE,344,0,0,0.0
U003728,A,2026-01-11,mobile,organic,DE,300,1,0,0.0
U003729,B,2025-12-02,mobile,organic,ES,686,0,0,0.0
U003730,A,2025-12-13,desktop,email,ZA,650,0,0,0.0
U003731,B,2025-12-13,mobile,paid_search,NL,395,1,0,0.0
U003732,A,2025-12-31,tablet,email,GB,678,0,0,0.0
U003733,B,2026-01-13,mobile,paid_search,GB,447,1,0,0.0
U003734,A,2026-01-16,mobile,paid_search,FR,431,0,0,0.0
U003735,B,2026-01-26,mobile,social,ES,412,0,0,0.0
U003736,A,2025-12-11,desktop,email,NL,417,1,0,0.0
U003737,B,2026-01-30,mobile,organic,ES,350,1,1,56.69
U003738,A,2026-01-22,desktop,social,ZA,424,0,0,0.0
U003739,A,2025-12-12,mobile,referral,ZA,173,1,0,0.0
U003740,B,2025-12-15,mobile,email,ZA,246,0,0,0.0
U003741,A,2026-01-09,tablet,email,ZA,262,1,0,0.0
U003742,A,2026-01-08,mobile,organic,NL,297,0,0,0.0
U003743,A,2025-12-07,desktop,organic,FR,161,0,0,0.0
U003744,B,2026-01-20,mobile,organic,FR,221,0,0,0.0
U003745,B,2025-12-31,mobile,paid_search,DE,356,0,0,0.0
U003746,A,2026-01-29,mobile,organic,ZA,657,0,0,0.0
U003747,B,2026-01-03,mobile,organic,ZA,63,0,0,0.0
U003748,A,2025-12-20,mobile,paid_search,ES,649,0,0,0.0
U003749,A,2025-12-22,mobile,paid_search,ES,411,0,0,0.0
U003750,A,2026-01-03,tablet,organic,FR,575,0,0,0.0
U003751,B,2025-12-09,desktop,organic,ZA,594,0,0,0.0
U003752,B,2025-12-22,mobile,organic,ZA,255,0,0,0.0
U003753,B,2025-12-31,mobile,referral,GB,504,0,0,0.0
U003754,B,2026-01-04,mobile,paid_search,GB,432,0,0,0.0
U003755,A,2026-01-10,mobile,organic,DE,240,0,0,0.0
U003756,A,2025-12-13,mobile,email,FR,481,1,0,0.0
U003757,A,2025-12-19,desktop,referral,ZA,347,1,0,0.0
U003758,A,2025-12-25,mobile,referral,GB,625,0,0,0.0
U003759,B,2025-12-23,desktop,organic,ES,276,0,0,0.0
U003760,A,2026-01-21,mobile,social,ZA,251,0,0,0.0
U003761,A,2025-12-28,desktop,paid_search,ZA,223,0,0,0.0
U003762,B,2026-01-01,mobile,email,FR,715,0,1,124.63
U003763,B,2026-01-23,tablet,paid_search,ZA,220,0,0,0.0
U003764,B,2025-12-14,mobile,referral,ZA,150,0,0,0.0
U003765,B,2026-01-30,desktop,organic,ZA,269,0,0,0.0
U003766,B,2026-01-29,desktop,organic,GB,209,0,0,0.0
U003767,B,2026-01-03,mobile,paid_search,GB,570,0,0,0.0
U003768,A,2025-12-02,mobile,paid_search,NL,452,1,0,0.0
U003769,A,2026-01-15,mobile,social,DE,171,0,0,0.0
U003770,B,2026-01-04,mobile,paid_search,ES,608,0,0,0.0
U003771,A,2026-01-20,mobile,paid_search,GB,336,0,0,0.0
U003772,B,2026-01-16,desktop,email,ES,624,0,1,108.25
U003773,B,2025-12-26,mobile,organic,GB,257,1,0,0.0
U003774,B,2025-12-17,mobile,organic,NL,303,0,0,0.0
U003775,A,2026-01-03,desktop,referral,FR,421,0,0,0.0
U003776,A,2026-01-25,mobile,organic,DE,110,0,0,0.0
U003777,A,2026-01-15,desktop,organic,GB,757,1,0,0.0
U003778,B,2026-01-07,mobile,organic,ES,585,0,0,0.0
U003779,B,2025-12-17,mobile,email,GB,275,0,0,0.0
U003780,A,2026-01-14,mobile,paid_search,ZA,508,0,0,0.0
U003781,A,2026-01-06,mobile,social,GB,214,0,0,0.0
U003782,B,2026-01-07,mobile,email,ES,154,0,0,0.0
U003783,A,2026-01-20,mobile,organic,ZA,641,1,0,0.0
U003784,B,2025-12-08,mobile,organic,ZA,103,0,0,0.0
U003785,A,2025-12-01,mobile,organic,ZA,277,0,0,0.0
U003786,A,2026-01-07,desktop,organic,NL,637,1,0,0.0
U003787,B,2026-01-28,desktop,social,FR,129,0,0,0.0
U003788,B,2025-12-06,mobile,social,ZA,696,0,0,0.0
U003789,B,2025-12-30,desktop,paid_search,ZA,267,0,1,60.01
U003790,A,2025-12-12,mobile,organic,ZA,392,0,0,0.0
U003791,B,2025-12-11,desktop,social,DE,609,0,0,0.0
U003792,A,2026-01-13,mobile,organic,FR,520,0,0,0.0
U003793,B,2025-12-20,desktop,organic,ES,587,0,0,0.0
U003794,B,2025-12-27,mobile,referral,GB,368,0,0,0.0
U003795,B,2026-01-11,desktop,paid_search,ZA,735,0,0,0.0
U003796,A,2025-12-25,tablet,paid_search,NL,705,0,0,0.0
U003797,B,2025-12-27,mobile,social,ZA,399,0,0,0.0
U003798,A,2025-12-28,desktop,email,GB,568,0,0,0.0
U003799,A,2026-01-09,mobile,paid_search,ZA,503,0,0,0.0
U003800,B,2025-12-16,mobile,paid_search,ZA,371,0,0,0.0
U003801,A,2025-12-24,mobile,paid_search,DE,116,0,0,0.0
U003802,B,2026-01-09,mobile,social,DE,263,0,0,0.0
U003803,B,2025-12-23,mobile,social,ZA,480,1,0,0.0
U003804,A,2026-01-16,mobile,referral,DE,211,0,0,0.0
U003805,A,2025-12-25,mobile,email,ZA,442,1,0,0.0
U003806,A,2026-01-21,desktop,organic,ZA,472,0,0,0.0
U003807,A,2025-12-02,mobile,organic,FR,164,0,0,0.0
U003808,B,2025-12-29,desktop,paid_search,ZA,477,0,0,0.0
U003809,B,2026-01-20,tablet,paid_search,GB,132,0,0,0.0
U003810,B,2025-12-13,desktop,paid_search,GB,302,1,1,211.62
U003811,B,2026-01-22,desktop,organic,ZA,313,0,1,173.41
U003812,A,2026-01-25,mobile,organic,ZA,550,0,0,0.0
U003813,A,2026-01-10,mobile,paid_search,ES,116,1,0,0.0
U003814,B,2025-12-29,desktop,organic,FR,601,0,0,0.0
U003815,A,2026-01-21,desktop,email,FR,333,1,0,0.0
U003816,B,2026-01-25,mobile,organic,FR,81,0,0,0.0
U003817,B,2026-01-04,desktop,organic,ZA,266,0,0,0.0
U003818,A,2025-12-14,mobile,organic,GB,279,0,0,0.0
U003819,B,2025-12-20,tablet,organic,FR,257,0,0,0.0
U003820,A,2025-12-22,desktop,paid_search,ES,653,0,0,0.0
U003821,B,2026-01-24,desktop,organic,ZA,521,1,1,108.25
U003822,A,2026-01-04,desktop,organic,DE,390,0,0,0.0
U003823,A,2026-01-03,desktop,organic,ZA,470,0,0,0.0
U003824,B,2026-01-26,mobile,organic,ZA,79,0,0,0.0
U003825,B,2026-01-05,desktop,paid_search,FR,532,0,1,120.99
U003826,B,2026-01-17,desktop,social,ES,391,0,0,0.0
U003827,A,2026-01-17,mobile,organic,ES,660,1,0,0.0
U003828,A,2025-12-01,desktop,social,ZA,651,1,0,0.0
U003829,A,2026-01-28,desktop,social,DE,674,0,0,0.0
U003830,B,2026-01-22,desktop,social,GB,470,0,0,0.0
U003831,A,2026-01-08,desktop,organic,GB,134,0,0,0.0
U003832,A,2025-12-08,mobile,referral,DE,240,0,0,0.0
U003833,A,2025-12-02,mobile,organic,DE,564,0,1,179.47
U003834,B,2026-01-29,mobile,social,ZA,554,0,1,62.64
U003835,B,2026-01-28,tablet,organic,ZA,502,0,0,0.0
U003836,B,2026-01-01,desktop,social,DE,613,0,0,0.0
U003837,B,2025-12-16,mobile,organic,NL,568,1,1,138.84
U003838,B,2026-01-25,mobile,referral,NL,620,0,0,0.0
U003839,B,2025-12-12,desktop,organic,GB,545,0,0,0.0
U003840,A,2026-01-27,mobile,organic,ZA,545,1,0,0.0
U003841,B,2026-01-23,desktop,social,ZA,583,1,0,0.0
U003842,A,2026-01-15,desktop,paid_search,ZA,231,0,0,0.0
U003843,A,2025-12-27,desktop,organic,ES,133,0,0,0.0
U003844,B,2025-12-23,desktop,paid_search,FR,374,0,1,36.64
U003845,B,2025-12-09,desktop,paid_search,FR,491,0,0,0.0
U003846,A,2026-01-06,desktop,organic,NL,186,0,0,0.0
U003847,B,2026-01-17,mobile,social,GB,462,1,0,0.0
U003848,B,2026-01-25,mobile,organic,ES,580,0,0,0.0
U003849,B,2025-12-30,desktop,referral,NL,213,0,0,0.0
U003850,B,2026-01-20,mobile,social,ZA,334,0,0,0.0
U003851,A,2025-12-11,desktop,paid_search,ZA,177,1,1,163.44
U003852,A,2025-12-10,desktop,paid_search,ZA,217,0,0,0.0
U003853,A,2025-12-07,mobile,referral,NL,77,0,0,0.0
U003854,A,2025-12-16,desktop,organic,DE,440,0,0,0.0
U003855,B,2025-12-28,tablet,referral,DE,261,0,0,0.0
U003856,A,2026-01-25,desktop,paid_search,ZA,742,0,0,0.0
U003857,B,2025-12-02,mobile,email,ZA,275,0,0,0.0
U003858,A,2025-12-31,mobile,email,ZA,710,0,0,0.0
U003859,B,2026-01-26,mobile,referral,DE,268,0,0,0.0
U003860,A,2026-01-03,mobile,referral,GB,538,0,0,0.0
U003861,A,2025-12-06,mobile,organic,FR,221,0,0,0.0
U003862,A,2025-12-14,mobile,organic,ZA,53,0,0,0.0
U003863,B,2025-12-16,desktop,referral,GB,636,1,0,0.0
U003864,B,2026-01-26,mobile,paid_search,GB,221,0,0,0.0
U003865,B,2025-12-19,tablet,paid_search,ZA,556,0,0,0.0
U003866,A,2026-01-23,desktop,email,DE,550,1,0,0.0
U003867,B,2025-12-26,mobile,paid_search,ZA,501,0,1,106.7
U003868,B,2026-01-19,desktop,organic,GB,546,0,0,0.0
U003869,B,2026-01-03,mobile,email,GB,403,0,0,0.0
U003870,A,2025-12-29,desktop,organic,ES,521,0,0,0.0
U003871,B,2025-12-22,mobile,social,ZA,442,0,0,0.0
U003872,B,2025-12-01,tablet,email,FR,764,0,0,0.0
U003873,B,2025-12-18,desktop,paid_search,GB,624,0,0,0.0
U003874,B,2026-01-06,desktop,organic,DE,795,0,0,0.0
U003875,A,2026-01-05,mobile,organic,ZA,498,0,0,0.0
U003876,B,2025-12-18,mobile,paid_search,FR,313,0,0,0.0
U003877,B,2026-01-03,tablet,paid_search,ZA,383,0,0,0.0
U003878,B,2025-12-21,desktop,paid_search,GB,572,0,0,0.0
U003879,A,2025-12-23,mobile,social,ZA,385,0,0,0.0
U003880,A,2025-12-17,tablet,organic,ES,269,0,0,0.0
U003881,A,2025-12-28,mobile,social,FR,199,1,0,0.0
U003882,B,2026-01-02,mobile,organic,FR,397,1,0,0.0
U003883,A,2026-01-06,mobile,referral,ZA,693,1,0,0.0
U003884,A,2025-12-07,mobile,organic,NL,347,1,1,62.1
U003885,A,2025-12-12,desktop,email,GB,683,0,0,0.0
U003886,B,2026-01-12,mobile,email,FR,217,0,0,0.0
U003887,A,2026-01-28,tablet,social,DE,80,1,0,0.0
U003888,B,2026-01-03,mobile,paid_search,NL,416,0,0,0.0
U003889,B,2025-12-02,mobile,organic,ZA,204,0,0,0.0
U003890,A,2025-12-08,desktop,organic,ES,589,1,0,0.0
U003891,A,2025-12-31,mobile,social,FR,132,1,1,115.25
U003892,A,2026-01-26,tablet,organic,DE,514,0,0,0.0
U003893,B,2025-12-08,mobile,paid_search,ES,203,0,0,0.0
U003894,A,2025-12-19,mobile,organic,GB,441,0,0,0.0
U003895,A,2025-12-13,mobile,social,ES,335,1,0,0.0
U003896,A,2025-12-21,mobile,organic,GB,162,0,0,0.0
U003897,A,2026-01-27,mobile,organic,GB,341,1,1,173.63
U003898,B,2026-01-24,desktop,email,GB,648,0,0,0.0
U003899,B,2026-01-19,mobile,organic,FR,113,0,0,0.0
U003900,B,2025-12-13,desktop,referral,GB,315,0,0,0.0
U003901,B,2025-12-02,desktop,organic,GB,735,0,1,185.81
U003902,A,2026-01-22,mobile,paid_search,ZA,201,0,0,0.0
U003903,A,2025-12-12,mobile,organic,FR,362,0,0,0.0
U003904,B,2026-01-06,mobile,email,ZA,736,0,0,0.0
U003905,B,2026-01-19,mobile,organic,ZA,311,0,0,0.0
U003906,A,2025-12-27,mobile,organic,ZA,397,0,0,0.0
U003907,B,2025-12-04,mobile,social,NL,117,0,0,0.0
U003908,A,2025-12-29,mobile,email,ZA,534,0,0,0.0
U003909,A,2025-12-08,desktop,organic,FR,708,0,0,0.0
U003910,B,2026-01-25,mobile,social,NL,496,0,0,0.0
U003911,B,2025-12-25,mobile,paid_search,DE,427,0,1,195.38
U003912,A,2026-01-14,desktop,organic,FR,127,0,0,0.0
U003913,B,2026-01-07,mobile,organic,FR,213,0,0,0.0
U003914,A,2025-12-14,tablet,organic,DE,91,0,0,0.0
U003915,B,2025-12-03,mobile,email,NL,408,0,0,0.0
U003916,A,2025-12-13,tablet,organic,ZA,563,0,1,61.75
U003917,A,2025-12-01,mobile,social,ZA,159,0,0,0.0
U003918,B,2025-12-27,mobile,organic,ES,666,0,0,0.0
U003919,B,2025-12-05,mobile,paid_search,NL,75,1,0,0.0
U003920,B,2025-12-15,mobile,organic,DE,623,0,0,0.0
U003921,B,2025-12-05,desktop,organic,NL,252,0,0,0.0
U003922,B,2025-12-23,tablet,social,DE,566,0,0,0.0
U003923,B,2025-12-06,mobile,paid_search,ZA,498,1,0,0.0
U003924,A,2025-12-22,mobile,email,FR,509,0,0,0.0
U003925,A,2026-01-10,mobile,paid_search,GB,630,0,0,0.0
U003926,A,2025-12-23,desktop,social,ZA,287,0,0,0.0
U003927,B,2026-01-29,desktop,paid_search,ZA,713,0,1,94.44
U003928,A,2026-01-17,mobile,social,GB,644,0,0,0.0
U003929,B,2026-01-16,mobile,email,ZA,556,0,0,0.0
U003930,A,2026-01-09,tablet,email,ES,829,1,0,0.0
U003931,A,2026-01-07,mobile,email,ZA,306,1,1,57.23
U003932,B,2026-01-27,mobile,email,ZA,512,1,1,103.64
U003933,B,2025-12-13,mobile,organic,ZA,662,1,0,0.0
U003934,A,2025-12-14,mobile,email,DE,681,0,0,0.0
U003935,A,2025-12-22,desktop,organic,DE,121,0,0,0.0
U003936,B,2026-01-01,mobile,paid_search,ZA,631,0,0,0.0
U003937,B,2025-12-19,desktop,organic,ZA,235,1,0,0.0
U003938,A,2025-12-30,mobile,organic,ES,270,0,0,0.0
U003939,B,2026-01-24,mobile,social,DE,56,0,0,0.0
U003940,B,2026-01-16,mobile,social,ZA,314,1,1,73.66
U003941,A,2025-12-21,mobile,organic,ES,98,1,0,0.0
U003942,A,2026-01-24,mobile,social,GB,32,0,0,0.0
U003943,B,2025-12-25,mobile,social,GB,354,0,0,0.0
U003944,A,2026-01-06,mobile,paid_search,NL,511,0,0,0.0
U003945,A,2025-12-26,mobile,organic,FR,613,0,0,0.0
U003946,B,2025-12-04,desktop,organic,ZA,623,0,0,0.0
U003947,A,2026-01-23,mobile,organic,ES,129,0,0,0.0
U003948,B,2026-01-26,desktop,paid_search,NL,748,0,0,0.0
U003949,B,2026-01-07,mobile,paid_search,ES,322,0,0,0.0
U003950,B,2025-12-07,mobile,email,ZA,291,0,0,0.0
U003951,B,2026-01-25,tablet,paid_search,NL,275,0,0,0.0
U003952,B,2025-12-19,mobile,organic,ES,146,0,0,0.0
U003953,A,2025-12-25,desktop,email,ZA,453,1,0,0.0
U003954,A,2025-12-29,mobile,organic,ZA,412,0,0,0.0
U003955,B,2026-01-29,mobile,referral,GB,70,0,0,0.0
U003956,A,2026-01-20,mobile,paid_search,NL,124,0,0,0.0
U003957,A,2025-12-26,mobile,organic,ZA,107,0,1,47.27
U003958,A,2025-12-07,mobile,paid_search,GB,159,0,0,0.0
U003959,B,2026-01-03,desktop,social,ZA,319,0,0,0.0
U003960,B,2025-12-01,mobile,organic,ES,88,0,0,0.0
U003961,B,2025-12-21,mobile,paid_search,DE,482,0,0,0.0
U003962,B,2025-12-12,desktop,organic,ZA,211,0,0,0.0
U003963,A,2025-12-19,mobile,paid_search,DE,569,0,0,0.0
U003964,B,2025-12-14,desktop,referral,FR,529,0,0,0.0
U003965,A,2025-12-11,mobile,organic,ES,186,0,1,92.04
U003966,B,2025-12-10,mobile,social,DE,307,0,0,0.0
U003967,B,2025-12-26,mobile,email,DE,633,0,0,0.0
U003968,B,2025-12-16,desktop,paid_search,DE,757,0,0,0.0
U003969,B,2025-12-08,tablet,referral,ZA,190,0,1,38.03
U003970,A,2026-01-03,mobile,organic,ZA,432,0,0,0.0
U003971,A,2025-12-16,mobile,paid_search,ES,68,0,0,0.0
U003972,B,2025-12-17,mobile,referral,GB,103,0,0,0.0
U003973,A,2025-12-09,mobile,referral,ES,279,0,0,0.0
U003974,A,2025-12-03,desktop,paid_search,ZA,311,0,0,0.0
U003975,B,2026-01-07,desktop,paid_search,FR,616,0,0,0.0
U003976,B,2026-01-27,desktop,paid_search,ZA,250,0,0,0.0
U003977,B,2025-12-04,mobile,social,FR,395,1,0,0.0
U003978,B,2026-01-08,desktop,paid_search,ES,436,0,0,0.0
U003979,A,2026-01-26,mobile,email,DE,679,0,0,0.0
U003980,A,2026-01-24,mobile,email,FR,373,0,0,0.0
U003981,A,2026-01-12,mobile,paid_search,FR,636,1,0,0.0
U003982,A,2026-01-12,desktop,email,GB,876,1,0,0.0
U003983,B,2025-12-03,mobile,email,ZA,625,0,1,140.51
U003984,A,2025-12-16,mobile,organic,GB,612,0,0,0.0
U003985,B,2025-12-21,mobile,email,FR,414,0,0,0.0
U003986,B,2025-12-01,mobile,organic,FR,584,0,0,0.0
U003987,B,2026-01-12,mobile,paid_search,ES,286,0,0,0.0
U003988,B,2025-12-27,mobile,organic,DE,31,0,0,0.0
U003989,A,2026-01-09,desktop,organic,ZA,452,0,0,0.0
U003990,A,2025-12-22,mobile,organic,NL,213,0,0,0.0
U003991,B,2025-12-23,mobile,paid_search,ZA,416,0,0,0.0
U003992,B,2025-12-02,mobile,paid_search,ZA,329,0,0,0.0
U003993,B,2025-12-01,tablet,organic,ZA,127,0,0,0.0
U003994,B,2025-12-10,mobile,organic,NL,518,0,0,0.0
U003995,A,2025-12-03,tablet,organic,ES,219,0,0,0.0
U003996,A,2025-12-06,mobile,social,NL,621,0,0,0.0
U003997,B,2026-01-13,mobile,email,FR,217,1,1,166.17
U003998,B,2025-12-28,mobile,social,NL,238,1,0,0.0
U003999,B,2025-12-16,tablet,organic,ZA,609,0,0,0.0
U004000,A,2025-12-28,desktop,organic,ES,401,0,1,162.27
U004001,B,2026-01-02,desktop,organic,GB,657,0,0,0.0
U004002,B,2025-12-09,mobile,organic,ZA,278,1,1,29.47
U004003,B,2025-12-28,mobile,email,GB,598,0,0,0.0
U004004,B,2025-12-19,mobile,paid_search,NL,77,0,0,0.0
U004005,A,2026-01-11,mobile,paid_search,ZA,288,0,0,0.0
U004006,A,2025-12-05,desktop,social,ZA,462,1,0,0.0
U004007,A,2025-12-16,mobile,organic,FR,604,0,1,95.58
U004008,B,2025-12-10,desktop,organic,ZA,469,0,0,0.0
U004009,A,2026-01-12,mobile,organic,FR,555,0,0,0.0
U004010,B,2026-01-30,mobile,paid_search,DE,566,0,0,0.0
U004011,B,2026-01-25,mobile,paid_search,GB,134,0,0,0.0
U004012,A,2026-01-06,mobile,paid_search,DE,209,0,0,0.0
U004013,A,2025-12-24,mobile,organic,ZA,533,0,0,0.0
U004014,B,2026-01-11,desktop,paid_search,FR,439,0,0,0.0
U004015,A,2026-01-07,desktop,email,FR,242,0,0,0.0
U004016,B,2026-01-21,mobile,organic,ZA,602,1,0,0.0
U004017,B,2025-12-16,desktop,email,ZA,490,1,0,0.0
U004018,A,2025-12-06,desktop,organic,ZA,499,0,0,0.0
U004019,B,2025-12-01,mobile,organic,GB,670,1,0,0.0
U004020,A,2026-01-12,mobile,organic,NL,387,0,0,0.0
U004021,A,2025-12-15,desktop,organic,ES,143,0,0,0.0
U004022,B,2026-01-13,mobile,paid_search,ES,646,0,0,0.0
U004023,B,2026-01-11,desktop,email,ES,299,0,0,0.0
U004024,A,2026-01-12,mobile,organic,FR,653,0,0,0.0
U004025,A,2025-12-08,desktop,organic,ZA,550,0,0,0.0
U004026,A,2026-01-30,mobile,referral,ZA,338,0,0,0.0
U004027,A,2025-12-27,mobile,organic,ES,149,0,0,0.0
U004028,B,2026-01-01,mobile,organic,DE,501,1,0,0.0
U004029,B,2026-01-02,mobile,email,ZA,261,0,1,77.98
U004030,A,2026-01-20,desktop,paid_search,ZA,576,0,0,0.0
U004031,A,2026-01-27,mobile,social,DE,198,0,0,0.0
U004032,B,2026-01-02,tablet,social,GB,644,0,0,0.0
U004033,B,2025-12-11,mobile,organic,NL,144,1,0,0.0
U004034,A,2025-12-06,mobile,email,ZA,230,1,0,0.0
U004035,A,2025-12-25,desktop,organic,FR,279,0,0,0.0
U004036,B,2025-12-04,mobile,organic,ES,491,0,0,0.0
U004037,A,2026-01-26,mobile,email,ZA,424,0,0,0.0
U004038,B,2026-01-12,mobile,organic,NL,284,1,1,123.88
U004039,B,2025-12-02,desktop,organic,ZA,185,0,0,0.0
U004040,A,2026-01-20,mobile,social,ZA,320,0,0,0.0
U004041,B,2025-12-29,desktop,referral,FR,449,0,0,0.0
U004042,A,2025-12-28,mobile,social,ZA,301,0,0,0.0
U004043,A,2025-12-10,mobile,email,DE,437,0,0,0.0
U004044,B,2025-12-21,mobile,organic,GB,676,0,1,40.0
U004045,B,2026-01-07,desktop,email,ES,318,1,0,0.0
U004046,B,2026-01-22,mobile,organic,ZA,663,0,0,0.0
U004047,B,2025-12-02,mobile,referral,GB,66,0,0,0.0
U004048,B,2026-01-07,desktop,social,NL,276,0,0,0.0
U004049,B,2025-12-23,mobile,email,GB,621,1,0,0.0
U004050,A,2025-12-25,mobile,paid_search,ZA,513,0,1,22.46
U004051,B,2026-01-25,mobile,organic,ZA,464,1,0,0.0
U004052,A,2026-01-21,mobile,organic,GB,253,0,0,0.0
U004053,B,2026-01-27,desktop,organic,NL,145,1,1,188.67
U004054,A,2025-12-30,mobile,organic,NL,382,0,0,0.0
U004055,A,2026-01-18,mobile,paid_search,ES,285,0,0,0.0
U004056,A,2025-12-29,mobile,paid_search,ZA,207,0,0,0.0
U004057,A,2025-12-04,mobile,organic,DE,256,0,0,0.0
U004058,B,2025-12-20,mobile,email,GB,636,0,0,0.0
U004059,A,2026-01-06,mobile,email,ZA,252,0,0,0.0
U004060,A,2025-12-27,desktop,organic,FR,758,0,0,0.0
U004061,B,2026-01-23,mobile,paid_search,ZA,523,0,0,0.0
U004062,B,2026-01-13,desktop,email,ZA,295,1,1,165.83
U004063,B,2025-12-11,mobile,referral,GB,152,0,0,0.0
U004064,A,2026-01-22,mobile,organic,DE,61,0,0,0.0
U004065,A,2025-12-24,mobile,organic,GB,536,1,1,22.55
U004066,A,2025-12-09,desktop,social,DE,661,0,0,0.0
U004067,B,2025-12-22,mobile,organic,ES,558,0,0,0.0
U004068,A,2026-01-29,desktop,paid_search,FR,361,0,0,0.0
U004069,A,2026-01-18,mobile,email,NL,351,0,0,0.0
U004070,B,2025-12-14,desktop,email,DE,230,1,1,25.95
U004071,A,2025-12-11,mobile,organic,DE,277,0,0,0.0
U004072,A,2026-01-26,mobile,social,ES,358,0,0,0.0
U004073,B,2025-12-31,mobile,referral,GB,24,0,0,0.0
U004074,A,2025-12-30,mobile,email,DE,436,0,0,0.0
U004075,A,2025-12-29,desktop,social,ZA,204,0,0,0.0
U004076,A,2025-12-06,desktop,paid_search,ZA,376,0,0,0.0
U004077,B,2026-01-27,desktop,paid_search,GB,165,1,1,29.89
U004078,B,2025-12-31,mobile,organic,FR,554,0,0,0.0
U004079,A,2025-12-12,mobile,referral,FR,603,0,1,57.53
U004080,A,2025-12-21,desktop,social,NL,593,1,0,0.0
U004081,B,2025-12-02,mobile,organic,NL,584,0,1,96.59
U004082,A,2026-01-08,mobile,organic,ZA,193,0,0,0.0
U004083,A,2025-12-15,tablet,organic,GB,616,0,0,0.0
U004084,B,2026-01-01,mobile,email,ZA,140,0,0,0.0
U004085,A,2025-12-03,mobile,social,GB,249,0,0,0.0
U004086,A,2025-12-29,mobile,paid_search,ZA,608,0,0,0.0
U004087,A,2026-01-20,tablet,organic,DE,728,0,0,0.0
U004088,B,2026-01-28,mobile,organic,NL,287,0,0,0.0
U004089,B,2025-12-13,desktop,social,ZA,440,0,0,0.0
U004090,B,2026-01-05,desktop,email,DE,566,0,0,0.0
U004091,B,2025-12-06,mobile,email,ES,610,1,0,0.0
U004092,B,2026-01-02,mobile,organic,DE,570,0,0,0.0
U004093,A,2025-12-04,mobile,organic,DE,132,0,0,0.0
U004094,B,2026-01-08,mobile,organic,NL,272,0,0,0.0
U004095,A,2025-12-29,mobile,organic,DE,225,0,0,0.0
U004096,B,2025-12-29,mobile,social,ZA,425,0,1,189.35
U004097,B,2025-12-15,desktop,referral,ZA,306,0,0,0.0
U004098,A,2026-01-27,mobile,organic,ZA,275,1,0,0.0
U004099,A,2026-01-12,mobile,paid_search,FR,204,0,0,0.0
U004100,A,2026-01-19,mobile,organic,DE,20,0,0,0.0
U004101,A,2026-01-04,mobile,email,ZA,273,0,0,0.0
U004102,A,2026-01-28,tablet,social,GB,695,0,0,0.0
U004103,B,2026-01-04,mobile,social,DE,446,0,1,107.71
U004104,A,2025-12-03,mobile,organic,GB,304,0,0,0.0
U004105,A,2025-12-04,desktop,email,ZA,867,0,0,0.0
U004106,A,2025-12-29,mobile,email,NL,480,0,0,0.0
U004107,A,2026-01-25,mobile,organic,GB,521,0,0,0.0
U004108,B,2025-12-17,tablet,social,GB,130,0,0,0.0
U004109,A,2025-12-05,mobile,paid_search,GB,359,1,1,144.31
U004110,B,2025-12-31,mobile,organic,ZA,605,1,0,0.0
U004111,A,2026-01-15,mobile,social,NL,546,0,0,0.0
U004112,A,2025-12-30,desktop,organic,NL,275,0,0,0.0
U004113,A,2026-01-02,mobile,social,GB,510,0,0,0.0
U004114,A,2026-01-16,tablet,email,GB,134,0,0,0.0
U004115,A,2025-12-06,desktop,paid_search,NL,490,0,0,0.0
U004116,B,2026-01-12,tablet,email,GB,538,0,0,0.0
U004117,A,2025-12-26,mobile,organic,ZA,370,0,0,0.0
U004118,A,2025-12-22,desktop,referral,ZA,429,0,0,0.0
U004119,B,2026-01-03,mobile,paid_search,GB,246,0,0,0.0
U004120,A,2025-12-01,mobile,email,DE,154,0,0,0.0
U004121,B,2025-12-30,desktop,organic,GB,336,1,0,0.0
U004122,A,2025-12-27,desktop,paid_search,DE,352,0,1,38.82
U004123,B,2026-01-06,desktop,organic,NL,143,0,0,0.0
U004124,B,2026-01-12,mobile,organic,GB,351,0,0,0.0
U004125,A,2026-01-14,mobile,organic,GB,371,1,0,0.0
U004126,B,2026-01-29,mobile,paid_search,ES,296,1,0,0.0
U004127,B,2026-01-04,mobile,paid_search,FR,161,0,0,0.0
U004128,B,2026-01-28,desktop,referral,ZA,327,0,0,0.0
U004129,B,2026-01-17,mobile,email,ZA,797,0,0,0.0
U004130,B,2026-01-27,mobile,organic,DE,617,0,0,0.0
U004131,B,2025-12-28,mobile,social,ES,293,0,0,0.0
U004132,A,2025-12-13,mobile,social,ES,302,0,0,0.0
U004133,B,2026-01-01,tablet,paid_search,GB,708,1,0,0.0
U004134,A,2026-01-29,desktop,paid_search,ZA,248,0,0,0.0
U004135,B,2026-01-23,mobile,paid_search,DE,214,0,0,0.0
U004136,B,2025-12-24,desktop,paid_search,DE,499,0,0,0.0
U004137,B,2025-12-27,desktop,organic,ZA,448,0,0,0.0
U004138,A,2025-12-14,tablet,organic,GB,336,0,0,0.0
U004139,A,2026-01-13,mobile,referral,ZA,74,0,0,0.0
U004140,B,2026-01-08,desktop,social,ZA,327,1,0,0.0
U004141,A,2026-01-18,tablet,organic,ZA,82,0,0,0.0
U004142,B,2026-01-02,mobile,paid_search,ES,695,0,1,70.76
U004143,A,2026-01-29,desktop,organic,ES,121,0,0,0.0
U004144,A,2026-01-13,mobile,email,ES,288,0,0,0.0
U004145,B,2026-01-01,mobile,organic,GB,86,0,0,0.0
U004146,A,2025-12-15,mobile,organic,ES,315,0,0,0.0
U004147,B,2025-12-27,mobile,organic,DE,614,0,0,0.0
U004148,B,2025-12-09,desktop,organic,FR,200,0,0,0.0
U004149,A,2026-01-26,mobile,social,DE,600,0,0,0.0
U004150,B,2026-01-04,tablet,email,ZA,319,0,0,0.0
U004151,B,2026-01-06,mobile,organic,NL,64,0,0,0.0
U004152,B,2025-12-08,mobile,paid_search,DE,666,0,0,0.0
U004153,A,2025-12-19,desktop,organic,FR,567,0,0,0.0
U004154,B,2026-01-15,mobile,email,DE,683,1,0,0.0
U004155,B,2025-12-13,mobile,social,GB,301,0,0,0.0
U004156,B,2026-01-21,desktop,paid_search,ZA,310,1,0,0.0
U004157,A,2026-01-26,tablet,paid_search,GB,425,0,0,0.0
U004158,B,2026-01-26,tablet,referral,ZA,529,1,0,0.0
U004159,A,2026-01-18,mobile,organic,ZA,64,0,0,0.0
U004160,A,2025-12-09,mobile,email,GB,604,0,0,0.0
U004161,A,2025-12-27,mobile,organic,DE,493,0,0,0.0
U004162,A,2025-12-27,desktop,organic,FR,482,0,0,0.0
U004163,B,2026-01-24,desktop,organic,NL,158,0,0,0.0
U004164,A,2025-12-08,mobile,paid_search,ZA,174,0,0,0.0
U004165,B,2026-01-01,mobile,email,GB,685,0,0,0.0
U004166,B,2025-12-01,mobile,referral,ES,254,0,0,0.0
U004167,A,2025-12-12,mobile,paid_search,ZA,319,1,0,0.0
U004168,A,2026-01-26,mobile,organic,ZA,381,0,0,0.0
U004169,A,2026-01-16,mobile,email,ZA,518,1,1,47.33
U004170,A,2025-12-14,mobile,paid_search,GB,607,0,0,0.0
U004171,A,2026-01-05,mobile,organic,FR,390,0,0,0.0
U004172,B,2026-01-12,mobile,organic,DE,398,1,0,0.0
U004173,B,2026-01-30,tablet,paid_search,NL,654,0,0,0.0
U004174,B,2026-01-07,desktop,organic,ZA,667,0,0,0.0
U004175,B,2025-12-19,desktop,paid_search,DE,156,0,0,0.0
U004176,A,2025-12-26,mobile,organic,DE,461,0,0,0.0
U004177,B,2026-01-06,desktop,organic,GB,299,0,0,0.0
U004178,A,2025-12-21,mobile,organic,FR,457,0,0,0.0
U004179,A,2025-12-25,mobile,social,ZA,146,0,0,0.0
U004180,A,2026-01-10,tablet,email,NL,752,0,0,0.0
U004181,A,2026-01-13,mobile,organic,FR,266,0,0,0.0
U004182,B,2025-12-28,mobile,organic,GB,325,0,0,0.0
U004183,A,2025-12-04,tablet,social,GB,533,0,0,0.0
U004184,B,2025-12-31,tablet,paid_search,ZA,399,0,0,0.0
U004185,B,2026-01-20,desktop,email,DE,295,0,0,0.0
U004186,B,2025-12-15,desktop,organic,NL,632,0,0,0.0
U004187,A,2025-12-16,mobile,organic,DE,215,0,0,0.0
U004188,A,2025-12-09,desktop,social,ZA,548,0,0,0.0
U004189,B,2025-12-06,desktop,social,ZA,123,0,0,0.0
U004190,A,2025-12-02,mobile,organic,DE,392,0,0,0.0
U004191,A,2026-01-22,desktop,email,DE,195,0,0,0.0
U004192,A,2025-12-03,mobile,organic,DE,456,0,1,37.98
U004193,B,2026-01-08,mobile,social,ZA,670,0,0,0.0
U004194,B,2026-01-14,desktop,organic,ZA,240,0,0,0.0
U004195,B,2026-01-30,mobile,social,NL,226,0,0,0.0
U004196,B,2025-12-17,tablet,social,GB,538,0,0,0.0
U004197,B,2025-12-20,mobile,organic,GB,661,1,0,0.0
U004198,B,2025-12-01,mobile,organic,ES,53,0,0,0.0
U004199,B,2026-01-12,tablet,email,ZA,733,0,0,0.0
U004200,B,2025-12-12,desktop,organic,GB,65,0,0,0.0
U004201,B,2025-12-12,mobile,organic,ZA,378,0,0,0.0
U004202,A,2025-12-10,desktop,organic,ZA,289,1,0,0.0
U004203,A,2025-12-19,mobile,referral,FR,191,0,0,0.0
U004204,A,2026-01-17,desktop,paid_search,GB,299,0,0,0.0
U004205,A,2025-12-09,tablet,organic,ZA,383,0,0,0.0
U004206,B,2025-12-28,mobile,email,ZA,179,0,1,154.11
U004207,B,2025-12-22,mobile,social,ZA,10,0,0,0.0
U004208,B,2026-01-19,mobile,email,ZA,430,1,0,0.0
U004209,A,2026-01-05,mobile,referral,GB,258,0,0,0.0
U004210,A,2026-01-09,mobile,email,DE,295,0,0,0.0
U004211,B,2026-01-23,mobile,referral,ZA,355,0,1,107.58
U004212,A,2025-12-11,mobile,paid_search,GB,250,0,1,163.25
U004213,B,2025-12-16,mobile,organic,ZA,181,1,0,0.0
U004214,A,2026-01-27,mobile,paid_search,ZA,748,1,1,71.88
U004215,A,2025-12-05,mobile,paid_search,FR,379,0,0,0.0
U004216,A,2026-01-12,mobile,paid_search,ES,562,0,0,0.0
U004217,A,2025-12-13,desktop,organic,NL,317,0,0,0.0
U004218,A,2026-01-10,mobile,email,ES,699,0,0,0.0
U004219,B,2025-12-07,tablet,referral,ZA,399,0,0,0.0
U004220,A,2025-12-27,desktop,paid_search,ZA,467,0,0,0.0
U004221,A,2025-12-10,desktop,paid_search,ZA,266,0,1,183.13
U004222,B,2026-01-05,mobile,email,GB,334,0,0,0.0
U004223,A,2026-01-12,mobile,social,FR,41,0,0,0.0
U004224,B,2025-12-12,mobile,paid_search,DE,327,0,0,0.0
U004225,B,2025-12-11,desktop,social,ZA,761,0,0,0.0
U004226,A,2026-01-14,desktop,organic,NL,371,0,0,0.0
U004227,A,2026-01-08,desktop,organic,GB,632,0,0,0.0
U004228,A,2026-01-05,mobile,email,GB,431,0,0,0.0
U004229,B,2026-01-05,mobile,paid_search,ZA,259,0,0,0.0
U004230,B,2026-01-23,mobile,organic,ZA,419,0,1,39.63
U004231,A,2025-12-16,mobile,organic,ZA,156,1,0,0.0
U004232,A,2026-01-26,desktop,organic,ES,502,0,0,0.0
U004233,B,2025-12-27,mobile,organic,GB,52,0,0,0.0
U004234,A,2026-01-15,mobile,social,DE,320,0,0,0.0
U004235,A,2025-12-05,mobile,organic,NL,291,0,0,0.0
U004236,A,2025-12-19,mobile,social,DE,545,0,0,0.0
U004237,A,2025-12-16,mobile,social,ZA,652,1,0,0.0
U004238,A,2026-01-01,desktop,organic,ZA,482,0,0,0.0
U004239,B,2025-12-29,mobile,paid_search,ZA,338,0,0,0.0
U004240,A,2026-01-11,mobile,organic,ZA,22,1,0,0.0
U004241,A,2025-12-24,tablet,email,FR,360,0,0,0.0
U004242,B,2025-12-16,mobile,referral,NL,591,0,0,0.0
U004243,A,2025-12-05,mobile,paid_search,ZA,492,0,0,0.0
U004244,A,2026-01-10,desktop,referral,ES,391,0,0,0.0
U004245,B,2026-01-28,mobile,paid_search,GB,693,1,1,169.47
U004246,B,2025-12-27,mobile,paid_search,ZA,162,0,0,0.0
U004247,B,2026-01-01,mobile,email,ZA,407,0,0,0.0
U004248,A,2025-12-06,mobile,organic,ZA,188,0,0,0.0
U004249,B,2025-12-06,mobile,organic,ZA,73,0,0,0.0
U004250,A,2026-01-29,desktop,paid_search,FR,703,1,0,0.0
U004251,A,2025-12-26,desktop,organic,FR,648,1,1,101.45
U004252,A,2025-12-25,desktop,social,FR,514,0,0,0.0
U004253,B,2025-12-19,mobile,social,ZA,421,0,0,0.0
U004254,A,2025-12-16,desktop,paid_search,GB,553,1,0,0.0
U004255,B,2026-01-17,mobile,social,ZA,321,0,0,0.0
U004256,B,2026-01-01,desktop,paid_search,ZA,351,0,0,0.0
U004257,A,2026-01-22,desktop,paid_search,NL,580,1,0,0.0
U004258,B,2025-12-03,mobile,organic,ZA,568,1,1,70.11
U004259,B,2026-01-06,mobile,organic,ES,464,0,0,0.0
U004260,B,2026-01-19,mobile,paid_search,DE,486,0,0,0.0
U004261,A,2025-12-23,mobile,paid_search,ES,119,0,0,0.0
U004262,A,2025-12-04,mobile,organic,GB,699,1,0,0.0
U004263,B,2026-01-28,mobile,organic,FR,304,0,0,0.0
U004264,B,2026-01-20,desktop,organic,GB,339,1,0,0.0
U004265,A,2026-01-19,mobile,email,DE,155,0,0,0.0
U004266,B,2025-12-24,desktop,organic,NL,579,0,0,0.0
U004267,B,2026-01-16,tablet,organic,ZA,225,0,0,0.0
U004268,B,2025-12-27,mobile,paid_search,DE,186,0,0,0.0
U004269,B,2026-01-24,mobile,email,ES,731,0,0,0.0
U004270,B,2025-12-21,desktop,organic,DE,590,0,0,0.0
U004271,B,2026-01-09,mobile,organic,ZA,549,0,1,21.76
U004272,B,2026-01-18,mobile,paid_search,ZA,207,1,0,0.0
U004273,A,2026-01-26,mobile,social,DE,78,0,0,0.0
U004274,A,2026-01-15,mobile,organic,ZA,92,0,0,0.0
U004275,B,2025-12-02,mobile,paid_search,ZA,478,0,0,0.0
U004276,A,2026-01-03,mobile,paid_search,ZA,253,0,0,0.0
U004277,A,2026-01-08,desktop,organic,ZA,574,0,0,0.0
U004278,B,2025-12-31,mobile,social,GB,259,0,0,0.0
U004279,B,2025-12-04,mobile,organic,ZA,561,0,0,0.0
U004280,B,2026-01-25,mobile,email,DE,782,0,1,113.33
U004281,B,2025-12-04,desktop,email,ZA,767,0,0,0.0
U004282,B,2026-01-01,tablet,social,GB,464,0,0,0.0
U004283,A,2026-01-09,desktop,organic,NL,580,0,0,0.0
U004284,B,2025-12-13,mobile,email,ZA,128,0,0,0.0
U004285,A,2025-12-14,mobile,organic,DE,158,0,0,0.0
U004286,B,2026-01-26,mobile,organic,FR,91,0,0,0.0
U004287,A,2026-01-17,desktop,paid_search,ZA,383,1,0,0.0
U004288,A,2025-12-29,mobile,organic,DE,146,0,0,0.0
U004289,B,2025-12-31,mobile,organic,ES,450,0,0,0.0
U004290,A,2025-12-17,desktop,paid_search,NL,751,1,0,0.0
U004291,A,2026-01-06,mobile,paid_search,ZA,215,0,0,0.0
U004292,B,2025-12-24,mobile,organic,GB,134,0,0,0.0
U004293,B,2026-01-03,tablet,paid_search,NL,749,0,0,0.0
U004294,A,2026-01-13,desktop,email,ZA,762,0,0,0.0
U004295,B,2025-12-20,mobile,email,ZA,658,1,1,94.17
U004296,A,2025-12-10,tablet,social,FR,417,0,0,0.0
U004297,B,2026-01-20,mobile,paid_search,FR,697,0,0,0.0
U004298,B,2025-12-25,mobile,organic,ES,253,0,0,0.0
U004299,B,2025-12-22,desktop,email,ES,213,0,1,124.93
U004300,B,2026-01-23,desktop,organic,FR,488,0,0,0.0
U004301,A,2026-01-12,mobile,email,DE,277,0,0,0.0
U004302,A,2025-12-31,mobile,organic,ZA,683,0,0,0.0
U004303,B,2026-01-25,mobile,organic,DE,429,0,0,0.0
U004304,A,2025-12-06,tablet,email,GB,568,1,0,0.0
U004305,A,2026-01-14,mobile,social,DE,76,0,0,0.0
U004306,B,2025-12-03,mobile,paid_search,FR,469,0,1,125.86
U004307,A,2025-12-08,desktop,organic,ES,300,0,0,0.0
U004308,A,2025-12-09,mobile,organic,ZA,172,0,0,0.0
U004309,A,2025-12-09,mobile,organic,FR,601,0,0,0.0
U004310,A,2026-01-23,desktop,social,DE,664,0,0,0.0
U004311,B,2026-01-08,tablet,email,ZA,536,0,0,0.0
U004312,A,2026-01-15,mobile,paid_search,NL,250,0,0,0.0
U004313,B,2025-12-28,mobile,organic,ES,157,0,0,0.0
U004314,B,2026-01-19,mobile,paid_search,ZA,227,1,0,0.0
U004315,B,2025-12-16,mobile,email,ZA,642,0,0,0.0
U004316,A,2025-12-27,desktop,organic,ZA,287,0,0,0.0
U004317,B,2026-01-01,mobile,paid_search,FR,287,0,0,0.0
U004318,A,2025-12-20,desktop,social,FR,322,0,0,0.0
U004319,A,2026-01-19,mobile,email,ZA,476,0,0,0.0
U004320,B,2025-12-15,desktop,social,ZA,676,0,1,68.65
U004321,B,2025-12-01,desktop,paid_search,NL,772,0,0,0.0
U004322,A,2025-12-05,mobile,organic,DE,700,0,0,0.0
U004323,A,2026-01-29,mobile,email,GB,680,0,0,0.0
U004324,A,2025-12-25,mobile,paid_search,FR,709,0,0,0.0
U004325,B,2025-12-11,mobile,social,DE,285,1,0,0.0
U004326,B,2026-01-09,mobile,organic,DE,304,0,1,60.47
U004327,A,2025-12-23,desktop,organic,FR,750,1,0,0.0
U004328,A,2026-01-24,desktop,referral,ZA,524,0,0,0.0
U004329,B,2026-01-23,desktop,organic,GB,621,0,0,0.0
U004330,A,2026-01-14,desktop,paid_search,ZA,813,0,0,0.0
U004331,A,2026-01-16,mobile,paid_search,GB,213,0,0,0.0
U004332,A,2026-01-07,mobile,paid_search,ZA,162,0,0,0.0
U004333,B,2025-12-29,mobile,organic,GB,190,0,0,0.0
U004334,B,2025-12-25,mobile,paid_search,ZA,387,0,1,178.25
U004335,A,2025-12-20,mobile,organic,FR,214,0,0,0.0
U004336,A,2026-01-24,mobile,paid_search,NL,509,1,0,0.0
U004337,B,2026-01-04,desktop,organic,ZA,174,0,0,0.0
U004338,B,2026-01-08,mobile,paid_search,GB,250,0,0,0.0
U004339,B,2026-01-17,desktop,organic,ES,679,0,1,45.17
U004340,B,2025-12-06,mobile,paid_search,GB,219,0,0,0.0
U004341,A,2026-01-15,mobile,paid_search,ES,505,1,1,172.6
U004342,B,2026-01-29,desktop,organic,ES,160,1,0,0.0
U004343,B,2025-12-28,mobile,paid_search,ES,513,0,0,0.0
U004344,A,2025-12-19,desktop,paid_search,ES,553,0,0,0.0
U004345,A,2026-01-10,desktop,organic,DE,445,0,0,0.0
U004346,B,2026-01-07,mobile,paid_search,ZA,497,0,0,0.0
U004347,A,2026-01-16,mobile,paid_search,FR,423,0,0,0.0
U004348,B,2026-01-01,desktop,organic,DE,478,0,0,0.0
U004349,A,2026-01-24,mobile,organic,ZA,623,0,0,0.0
U004350,B,2025-12-09,mobile,referral,FR,69,0,0,0.0
U004351,B,2025-12-20,mobile,organic,ZA,145,0,0,0.0
U004352,A,2026-01-16,mobile,organic,ES,76,0,0,0.0
U004353,A,2026-01-03,mobile,organic,GB,257,0,0,0.0
U004354,A,2026-01-24,mobile,paid_search,NL,695,0,0,0.0
U004355,A,2026-01-06,mobile,referral,GB,89,0,0,0.0
U004356,A,2025-12-01,mobile,organic,DE,672,0,0,0.0
U004357,A,2026-01-10,mobile,organic,ES,691,1,0,0.0
U004358,B,2026-01-25,desktop,paid_search,ZA,705,0,0,0.0
U004359,A,2026-01-09,desktop,paid_search,FR,351,0,0,0.0
U004360,B,2025-12-30,mobile,paid_search,ES,457,0,0,0.0
U004361,B,2026-01-27,tablet,organic,ZA,348,0,0,0.0
U004362,B,2025-12-31,mobile,paid_search,ZA,732,1,1,58.34
U004363,A,2026-01-14,desktop,email,DE,639,1,0,0.0
U004364,A,2025-12-11,desktop,paid_search,ZA,467,0,0,0.0
U004365,A,2026-01-25,mobile,social,GB,56,0,0,0.0
U004366,B,2026-01-01,mobile,organic,FR,700,0,0,0.0
U004367,B,2026-01-25,mobile,referral,DE,474,0,0,0.0
U004368,A,2026-01-02,desktop,social,ZA,103,1,0,0.0
U004369,B,2025-12-08,mobile,email,ZA,731,0,0,0.0
U004370,A,2026-01-18,desktop,organic,ES,411,0,0,0.0
U004371,A,2025-12-24,mobile,email,ZA,568,0,0,0.0
U004372,B,2026-01-21,mobile,social,NL,555,0,0,0.0
U004373,B,2026-01-11,desktop,paid_search,ES,297,0,0,0.0
U004374,A,2025-12-08,mobile,paid_search,NL,346,0,0,0.0
U004375,A,2025-12-19,desktop,paid_search,ZA,538,0,0,0.0
U004376,B,2025-12-01,tablet,paid_search,GB,309,0,0,0.0
U004377,B,2025-12-12,desktop,organic,ES,133,0,0,0.0
U004378,B,2025-12-23,mobile,email,NL,686,1,0,0.0
U004379,B,2025-12-24,mobile,email,GB,416,0,0,0.0
U004380,A,2025-12-31,desktop,referral,DE,486,0,1,132.16
U004381,B,2025-12-18,tablet,email,ES,580,1,0,0.0
U004382,B,2026-01-19,mobile,referral,GB,667,0,0,0.0
U004383,B,2025-12-17,mobile,email,ZA,360,0,0,0.0
U004384,B,2026-01-11,tablet,paid_search,FR,324,1,0,0.0
U004385,A,2025-12-08,desktop,organic,FR,348,0,0,0.0
U004386,A,2026-01-14,mobile,paid_search,FR,464,0,0,0.0
U004387,A,2026-01-16,mobile,paid_search,ZA,451,1,0,0.0
U004388,A,2026-01-04,desktop,social,ES,121,1,0,0.0
U004389,A,2025-12-02,mobile,social,GB,431,0,0,0.0
U004390,B,2025-12-01,mobile,paid_search,NL,647,0,1,172.97
U004391,B,2026-01-15,mobile,organic,ZA,395,1,0,0.0
U004392,B,2025-12-27,desktop,organic,ZA,716,0,0,0.0
U004393,B,2026-01-03,desktop,referral,ZA,143,0,0,0.0
U004394,A,2026-01-03,mobile,email,ZA,623,1,1,91.81
U004395,A,2026-01-24,mobile,paid_search,ZA,251,0,0,0.0
U004396,B,2025-12-16,tablet,email,GB,731,0,0,0.0
U004397,B,2026-01-01,mobile,organic,ZA,265,0,0,0.0
U004398,A,2026-01-13,mobile,referral,ZA,120,0,0,0.0
U004399,A,2025-12-12,tablet,referral,GB,421,0,0,0.0
U004400,A,2026-01-10,mobile,paid_search,ES,446,1,0,0.0
U004401,A,2026-01-23,mobile,organic,ZA,457,1,0,0.0
U004402,B,2025-12-27,desktop,email,FR,326,0,0,0.0
U004403,B,2025-12-29,mobile,email,ZA,788,1,0,0.0
U004404,A,2026-01-22,mobile,organic,ZA,44,0,0,0.0
U004405,B,2025-12-19,mobile,paid_search,ES,200,0,1,54.92
U004406,B,2025-12-10,desktop,email,DE,510,0,1,41.32
U004407,A,2026-01-29,mobile,paid_search,ZA,615,1,0,0.0
U004408,B,2025-12-23,desktop,email,NL,602,1,0,0.0
U004409,B,2026-01-12,mobile,organic,FR,280,0,0,0.0
U004410,A,2026-01-17,desktop,organic,ES,703,1,0,0.0
U004411,B,2025-12-11,mobile,social,GB,578,0,0,0.0
U004412,A,2026-01-07,desktop,email,ZA,661,1,0,0.0
U004413,A,2026-01-08,mobile,organic,ZA,355,0,0,0.0
U004414,A,2026-01-15,mobile,email,DE,373,0,1,166.03
U004415,B,2025-12-11,mobile,email,ZA,392,0,0,0.0
U004416,B,2026-01-05,mobile,referral,ZA,257,0,0,0.0
U004417,A,2026-01-08,mobile,organic,NL,595,0,0,0.0
U004418,A,2025-12-15,tablet,paid_search,DE,219,0,0,0.0
U004419,A,2026-01-11,mobile,organic,ZA,78,0,0,0.0
U004420,B,2026-01-24,mobile,organic,DE,342,1,1,58.13
U004421,A,2025-12-07,mobile,organic,ZA,283,0,0,0.0
U004422,B,2026-01-14,mobile,organic,ES,30,1,0,0.0
U004423,A,2026-01-03,desktop,paid_search,ZA,704,0,0,0.0
U004424,A,2025-12-19,desktop,paid_search,GB,148,0,0,0.0
U004425,A,2025-12-19,desktop,social,ZA,272,0,1,97.0
U004426,B,2026-01-02,desktop,organic,NL,682,0,0,0.0
U004427,A,2025-12-14,mobile,email,ZA,95,0,0,0.0
U004428,A,2025-12-29,mobile,email,GB,671,0,0,0.0
U004429,A,2026-01-17,mobile,organic,GB,91,0,0,0.0
U004430,B,2026-01-05,mobile,organic,GB,294,0,0,0.0
U004431,B,2025-12-15,desktop,organic,ZA,734,0,0,0.0
U004432,B,2026-01-26,desktop,organic,DE,428,1,0,0.0
U004433,B,2026-01-26,mobile,email,ZA,178,0,0,0.0
U004434,B,2025-12-20,mobile,organic,FR,226,0,0,0.0
U004435,B,2025-12-03,mobile,paid_search,DE,682,0,1,78.93
U004436,B,2025-12-25,tablet,organic,GB,505,0,1,182.21
U004437,B,2026-01-19,desktop,organic,GB,530,0,0,0.0
U004438,A,2025-12-04,mobile,email,ZA,262,0,0,0.0
U004439,A,2026-01-09,desktop,social,ZA,296,0,0,0.0
U004440,A,2025-12-30,desktop,email,GB,767,0,0,0.0
U004441,A,2025-12-27,mobile,email,ZA,398,0,0,0.0
U004442,B,2026-01-15,mobile,referral,ZA,168,0,0,0.0
U004443,B,2026-01-05,desktop,paid_search,ZA,706,0,0,0.0
U004444,B,2026-01-24,mobile,organic,DE,284,0,0,0.0
U004445,A,2026-01-26,mobile,email,ZA,502,0,0,0.0
U004446,B,2025-12-13,mobile,organic,FR,304,0,0,0.0
U004447,A,2026-01-03,mobile,paid_search,ES,125,0,0,0.0
U004448,B,2025-12-17,mobile,email,NL,432,0,1,165.63
U004449,A,2026-01-20,mobile,paid_search,ZA,171,0,0,0.0
U004450,B,2025-12-29,desktop,paid_search,ZA,577,1,0,0.0
U004451,B,2025-12-22,desktop,organic,GB,295,0,0,0.0
U004452,A,2026-01-22,desktop,organic,NL,249,0,0,0.0
U004453,A,2025-12-27,mobile,social,ZA,274,0,0,0.0
U004454,B,2025-12-30,desktop,email,ES,485,0,0,0.0
U004455,B,2025-12-21,mobile,paid_search,FR,478,1,0,0.0
U004456,B,2025-12-30,mobile,organic,FR,22,0,0,0.0
U004457,A,2025-12-15,desktop,organic,ES,255,0,0,0.0
U004458,A,2025-12-08,mobile,organic,DE,526,0,0,0.0
U004459,B,2025-12-01,mobile,referral,NL,609,0,0,0.0
U004460,A,2025-12-29,mobile,email,ZA,577,0,0,0.0
U004461,A,2026-01-06,desktop,social,DE,303,0,0,0.0
U004462,B,2025-12-30,mobile,referral,ZA,468,1,0,0.0
U004463,A,2026-01-30,mobile,email,ES,656,0,0,0.0
U004464,A,2026-01-26,mobile,organic,ZA,309,0,0,0.0
U004465,B,2025-12-11,tablet,organic,ZA,666,0,0,0.0
U004466,A,2026-01-20,desktop,organic,NL,460,0,1,129.4
U004467,B,2025-12-15,mobile,organic,FR,76,0,0,0.0
U004468,A,2025-12-28,mobile,organic,DE,352,0,0,0.0
U004469,A,2026-01-10,tablet,organic,NL,625,0,0,0.0
U004470,A,2026-01-02,desktop,social,GB,109,0,0,0.0
U004471,B,2025-12-03,tablet,paid_search,ZA,354,0,0,0.0
U004472,B,2026-01-05,mobile,organic,NL,156,0,0,0.0
U004473,A,2025-12-01,tablet,organic,GB,539,0,0,0.0
U004474,B,2025-12-24,mobile,paid_search,GB,350,1,0,0.0
U004475,A,2026-01-13,mobile,social,ES,542,0,0,0.0
U004476,B,2026-01-05,mobile,organic,GB,341,0,1,133.6
U004477,A,2025-12-23,mobile,organic,NL,621,0,0,0.0
U004478,B,2025-12-05,desktop,organic,NL,381,0,1,206.08
U004479,A,2025-12-13,mobile,social,NL,329,0,0,0.0
U004480,B,2026-01-01,mobile,organic,ZA,295,0,0,0.0
U004481,A,2025-12-25,mobile,organic,FR,461,0,0,0.0
U004482,B,2025-12-09,desktop,social,ES,594,0,0,0.0
U004483,A,2025-12-18,mobile,organic,DE,473,1,0,0.0
U004484,A,2026-01-19,desktop,paid_search,ES,415,0,0,0.0
U004485,B,2026-01-18,desktop,email,NL,280,0,0,0.0
U004486,B,2025-12-16,mobile,organic,NL,351,0,0,0.0
U004487,B,2025-12-01,mobile,email,ES,171,1,1,64.94
U004488,B,2025-12-02,mobile,organic,NL,135,0,0,0.0
U004489,A,2026-01-30,desktop,organic,DE,778,0,0,0.0
U004490,A,2025-12-12,tablet,email,ES,247,0,0,0.0
U004491,B,2026-01-10,mobile,social,NL,432,0,0,0.0
U004492,A,2025-12-08,mobile,email,FR,706,0,0,0.0
U004493,A,2025-12-30,desktop,organic,GB,656,0,0,0.0
U004494,A,2025-12-05,desktop,paid_search,NL,253,0,0,0.0
U004495,A,2025-12-28,mobile,referral,GB,142,0,0,0.0
U004496,A,2026-01-25,desktop,email,ZA,534,0,1,68.45
U004497,B,2026-01-13,desktop,organic,ZA,372,1,0,0.0
U004498,B,2026-01-15,tablet,social,ZA,169,1,0,0.0
U004499,B,2026-01-27,desktop,referral,ES,476,1,1,41.75
U004500,A,2026-01-25,mobile,social,ES,360,0,0,0.0
U004501,A,2026-01-17,mobile,organic,GB,610,0,0,0.0
U004502,A,2025-12-15,mobile,email,ES,290,0,0,0.0
U004503,A,2026-01-04,tablet,organic,ZA,512,0,0,0.0
U004504,A,2025-12-24,desktop,paid_search,NL,682,1,0,0.0
U004505,B,2025-12-06,desktop,paid_search,ZA,413,1,0,0.0
U004506,B,2025-12-23,tablet,email,GB,741,1,0,0.0
U004507,B,2026-01-24,desktop,social,ZA,494,0,1,47.58
U004508,A,2026-01-25,desktop,organic,GB,671,0,0,0.0
U004509,A,2025-12-14,mobile,referral,NL,308,0,0,0.0
U004510,A,2025-12-14,mobile,organic,FR,561,0,0,0.0
U004511,A,2025-12-30,desktop,email,NL,665,0,0,0.0
U004512,A,2026-01-10,mobile,organic,ES,101,0,0,0.0
U004513,A,2025-12-15,mobile,organic,GB,591,0,1,33.59
U004514,B,2025-12-31,desktop,social,FR,719,0,0,0.0
U004515,A,2025-12-09,mobile,paid_search,ES,189,0,0,0.0
U004516,B,2025-12-31,mobile,organic,GB,390,0,0,0.0
U004517,A,2025-12-07,desktop,paid_search,NL,284,0,0,0.0
U004518,A,2025-12-03,mobile,organic,DE,616,0,0,0.0
U004519,B,2026-01-04,desktop,social,ZA,107,0,0,0.0
U004520,B,2026-01-07,desktop,organic,DE,697,0,0,0.0
U004521,B,2026-01-06,desktop,email,ZA,782,0,1,156.83
U004522,A,2026-01-29,mobile,paid_search,NL,760,0,0,0.0
U004523,B,2025-12-29,desktop,paid_search,FR,740,0,0,0.0
U004524,A,2026-01-28,mobile,organic,DE,653,0,0,0.0
U004525,A,2026-01-20,mobile,email,ZA,675,0,0,0.0
U004526,B,2025-12-22,tablet,organic,DE,514,0,0,0.0
U004527,A,2026-01-13,mobile,social,DE,363,0,0,0.0
U004528,B,2026-01-01,desktop,paid_search,FR,797,1,0,0.0
U004529,A,2025-12-03,mobile,email,ZA,102,0,0,0.0
U004530,B,2026-01-12,mobile,organic,ZA,107,0,0,0.0
U004531,A,2025-12-17,desktop,email,FR,807,0,0,0.0
U004532,B,2026-01-21,mobile,paid_search,ZA,391,0,0,0.0
U004533,A,2025-12-12,mobile,email,GB,753,0,0,0.0
U004534,B,2025-12-26,mobile,email,ZA,430,1,1,212.72
U004535,A,2025-12-08,mobile,organic,ZA,204,0,0,0.0
U004536,A,2026-01-18,tablet,organic,ES,527,0,0,0.0
U004537,A,2025-12-14,mobile,email,NL,555,0,0,0.0
U004538,A,2025-12-14,desktop,organic,FR,710,0,0,0.0
U004539,A,2025-12-31,mobile,social,DE,541,0,0,0.0
U004540,B,2026-01-06,mobile,paid_search,ZA,493,0,0,0.0
U004541,B,2026-01-01,desktop,organic,ZA,200,1,0,0.0
U004542,A,2025-12-15,mobile,paid_search,DE,296,0,0,0.0
U004543,A,2026-01-29,tablet,social,GB,174,0,0,0.0
U004544,B,2026-01-01,mobile,email,GB,730,1,1,118.65
U004545,B,2025-12-15,desktop,organic,GB,479,0,0,0.0
U004546,B,2026-01-30,mobile,email,ZA,773,0,0,0.0
U004547,B,2026-01-12,tablet,organic,DE,238,0,0,0.0
U004548,A,2026-01-07,desktop,organic,ZA,771,0,0,0.0
U004549,B,2025-12-14,tablet,organic,GB,438,0,0,0.0
U004550,B,2025-12-23,desktop,paid_search,ZA,733,1,0,0.0
U004551,B,2025-12-07,mobile,email,GB,348,0,0,0.0
U004552,B,2026-01-10,mobile,paid_search,ES,614,0,0,0.0
U004553,B,2026-01-07,desktop,paid_search,GB,220,0,0,0.0
U004554,B,2025-12-03,mobile,referral,FR,639,0,0,0.0
U004555,B,2025-12-21,mobile,paid_search,ES,530,1,1,67.55
U004556,B,2026-01-22,mobile,referral,GB,605,0,0,0.0
U004557,A,2025-12-11,mobile,paid_search,DE,624,1,0,0.0
U004558,A,2025-12-09,desktop,referral,GB,315,0,0,0.0
U004559,B,2025-12-23,desktop,email,GB,577,0,0,0.0
U004560,B,2025-12-24,desktop,email,ZA,680,0,0,0.0
U004561,A,2026-01-20,desktop,email,DE,376,0,0,0.0
U004562,A,2026-01-24,mobile,paid_search,ZA,282,0,0,0.0
U004563,A,2026-01-01,tablet,paid_search,DE,620,0,0,0.0
U004564,A,2026-01-13,mobile,paid_search,ZA,65,0,0,0.0
U004565,B,2025-12-04,mobile,organic,DE,343,0,0,0.0
U004566,B,2025-12-23,desktop,email,ZA,287,0,1,25.97
U004567,B,2026-01-05,desktop,social,GB,569,0,1,62.92
U004568,B,2026-01-19,desktop,referral,GB,524,0,0,0.0
U004569,A,2025-12-15,mobile,social,GB,581,0,0,0.0
U004570,A,2026-01-27,desktop,organic,NL,511,0,0,0.0
U004571,A,2025-12-01,mobile,paid_search,ZA,757,0,0,0.0
U004572,A,2025-12-11,mobile,organic,ZA,668,1,0,0.0
U004573,B,2025-12-02,desktop,social,DE,553,1,0,0.0
U004574,B,2025-12-29,mobile,referral,GB,605,0,0,0.0
U004575,A,2025-12-08,desktop,organic,FR,575,0,0,0.0
U004576,B,2026-01-11,mobile,organic,GB,326,0,0,0.0
U004577,B,2026-01-27,desktop,organic,ZA,245,0,0,0.0
U004578,A,2026-01-20,desktop,referral,ZA,526,0,0,0.0
U004579,A,2025-12-17,mobile,paid_search,ZA,715,1,0,0.0
U004580,A,2025-12-30,mobile,paid_search,NL,685,0,0,0.0
U004581,B,2025-12-31,mobile,paid_search,NL,618,1,1,130.57
U004582,B,2025-12-02,desktop,organic,ZA,387,0,0,0.0
U004583,A,2026-01-05,mobile,organic,FR,88,0,0,0.0
U004584,B,2025-12-19,mobile,social,FR,494,0,0,0.0
U004585,A,2026-01-30,desktop,organic,ES,509,0,0,0.0
U004586,B,2026-01-26,desktop,paid_search,GB,740,0,0,0.0
U004587,A,2025-12-12,desktop,organic,GB,117,0,0,0.0
U004588,B,2026-01-10,mobile,email,DE,571,0,0,0.0
U004589,A,2026-01-07,tablet,paid_search,DE,635,0,0,0.0
U004590,B,2026-01-12,mobile,paid_search,NL,384,0,0,0.0
U004591,B,2025-12-19,mobile,organic,ZA,163,0,0,0.0
U004592,B,2026-01-16,tablet,email,ZA,183,0,0,0.0
U004593,B,2025-12-10,mobile,organic,GB,373,0,0,0.0
U004594,A,2025-12-20,desktop,email,GB,279,0,0,0.0
U004595,B,2026-01-19,tablet,referral,GB,354,0,0,0.0
U004596,B,2026-01-20,desktop,paid_search,DE,690,1,0,0.0
U004597,A,2025-12-13,desktop,social,GB,509,0,0,0.0
U004598,B,2026-01-25,desktop,organic,FR,118,1,0,0.0
U004599,A,2026-01-08,mobile,organic,FR,567,1,0,0.0
U004600,A,2025-12-29,desktop,social,ZA,590,0,0,0.0
U004601,B,2025-12-10,mobile,referral,FR,194,0,0,0.0
U004602,A,2025-12-16,mobile,social,DE,597,0,0,0.0
U004603,B,2025-12-03,mobile,organic,ES,229,0,0,0.0
U004604,B,2026-01-03,tablet,paid_search,ZA,675,0,0,0.0
U004605,B,2025-12-31,mobile,referral,ZA,384,0,0,0.0
U004606,B,2026-01-20,mobile,organic,ZA,674,0,0,0.0
U004607,B,2025-12-09,mobile,organic,ZA,356,0,0,0.0
U004608,B,2026-01-09,desktop,paid_search,ZA,704,0,0,0.0
U004609,A,2026-01-02,mobile,organic,GB,172,1,1,66.1
U004610,A,2026-01-20,mobile,organic,FR,330,0,0,0.0
U004611,A,2026-01-03,desktop,paid_search,DE,241,0,0,0.0
U004612,B,2025-12-06,mobile,organic,FR,471,0,0,0.0
U004613,A,2026-01-25,desktop,organic,ZA,776,0,0,0.0
U004614,A,2025-12-26,desktop,paid_search,DE,824,0,0,0.0
U004615,A,2025-12-28,desktop,email,NL,824,0,0,0.0
U004616,B,2025-12-14,mobile,paid_search,GB,246,0,0,0.0
U004617,B,2025-12-07,mobile,paid_search,ZA,405,0,0,0.0
U004618,B,2026-01-12,mobile,organic,DE,647,0,0,0.0
U004619,A,2025-12-16,desktop,organic,ZA,118,0,0,0.0
U004620,B,2026-01-05,mobile,email,NL,720,0,0,0.0
U004621,A,2025-12-11,desktop,organic,ZA,687,1,0,0.0
U004622,B,2026-01-02,tablet,organic,GB,81,0,0,0.0
U004623,A,2025-12-27,tablet,social,ZA,74,0,0,0.0
U004624,A,2025-12-12,mobile,organic,ZA,278,0,0,0.0
U004625,A,2025-12-10,mobile,organic,ZA,377,0,0,0.0
U004626,A,2026-01-07,mobile,paid_search,FR,279,0,0,0.0
U004627,B,2026-01-07,tablet,paid_search,GB,665,0,0,0.0
U004628,B,2025-12-08,mobile,organic,ZA,364,0,0,0.0
U004629,A,2026-01-27,mobile,paid_search,ES,157,0,0,0.0
U004630,A,2026-01-27,mobile,organic,ZA,127,0,0,0.0
U004631,A,2025-12-23,desktop,paid_search,DE,812,0,0,0.0
U004632,A,2026-01-12,desktop,paid_search,NL,424,1,0,0.0
U004633,A,2025-12-28,mobile,paid_search,NL,292,0,0,0.0
U004634,A,2025-12-11,mobile,organic,GB,446,1,0,0.0
U004635,A,2026-01-13,mobile,paid_search,NL,316,0,0,0.0
U004636,A,2025-12-23,mobile,organic,GB,414,1,0,0.0
U004637,B,2025-12-28,desktop,social,ZA,392,0,1,24.99
U004638,B,2025-12-18,tablet,social,DE,165,1,0,0.0
U004639,B,2026-01-10,mobile,social,DE,547,0,0,0.0
U004640,A,2025-12-10,mobile,organic,ZA,699,0,0,0.0
U004641,A,2026-01-29,mobile,social,ZA,491,0,0,0.0
U004642,B,2025-12-09,mobile,social,GB,291,0,0,0.0
U004643,B,2026-01-02,desktop,paid_search,NL,589,0,0,0.0
U004644,A,2026-01-13,mobile,paid_search,ZA,689,0,0,0.0
U004645,A,2026-01-10,desktop,organic,NL,514,0,0,0.0
U004646,B,2026-01-26,mobile,email,ZA,778,0,0,0.0
U004647,A,2025-12-12,mobile,organic,ZA,231,0,0,0.0
U004648,B,2025-12-22,mobile,organic,ZA,566,0,0,0.0
U004649,B,2026-01-20,tablet,referral,FR,555,1,0,0.0
U004650,B,2025-12-01,mobile,paid_search,DE,238,0,0,0.0
U004651,B,2026-01-28,desktop,social,ES,161,0,0,0.0
U004652,B,2026-01-06,mobile,social,GB,255,0,0,0.0
U004653,B,2025-12-06,mobile,organic,GB,532,0,0,0.0
U004654,B,2025-12-23,mobile,paid_search,ES,482,0,0,0.0
U004655,B,2026-01-05,desktop,organic,ES,407,0,0,0.0
U004656,B,2026-01-25,tablet,paid_search,DE,345,0,0,0.0
U004657,A,2025-12-19,mobile,organic,GB,648,0,0,0.0
U004658,B,2025-12-26,mobile,paid_search,GB,150,0,0,0.0
U004659,A,2026-01-25,tablet,paid_search,GB,473,0,0,0.0
U004660,B,2026-01-05,tablet,email,ZA,400,0,0,0.0
U004661,A,2026-01-03,desktop,paid_search,ES,348,1,1,184.83
U004662,A,2026-01-28,mobile,social,FR,409,0,1,21.16
U004663,A,2026-01-11,tablet,paid_search,GB,480,0,0,0.0
U004664,B,2025-12-11,mobile,organic,ZA,140,0,0,0.0
U004665,A,2026-01-20,desktop,organic,DE,269,0,0,0.0
U004666,B,2026-01-24,desktop,paid_search,ES,481,0,0,0.0
U004667,B,2025-12-26,desktop,organic,ZA,615,1,0,0.0
U004668,B,2026-01-06,mobile,referral,FR,241,0,0,0.0
U004669,B,2025-12-16,mobile,organic,ES,685,0,1,165.3
U004670,A,2025-12-16,mobile,organic,ZA,531,0,0,0.0
U004671,B,2025-12-04,desktop,organic,FR,227,0,0,0.0
U004672,B,2026-01-07,desktop,organic,ZA,306,0,0,0.0
U004673,A,2025-12-27,mobile,organic,ZA,435,1,0,0.0
U004674,B,2026-01-28,desktop,organic,ZA,516,0,0,0.0
U004675,A,2026-01-13,mobile,organic,GB,302,0,0,0.0
U004676,B,2025-12-15,mobile,organic,ZA,582,0,0,0.0
U004677,A,2025-12-31,mobile,paid_search,DE,673,0,0,0.0
U004678,A,2025-12-22,desktop,paid_search,DE,513,1,0,0.0
U004679,A,2026-01-23,desktop,social,GB,568,0,0,0.0
U004680,B,2025-12-24,mobile,organic,FR,264,0,0,0.0
U004681,A,2026-01-30,mobile,email,NL,699,0,0,0.0
U004682,A,2025-12-26,mobile,email,ZA,435,1,0,0.0
U004683,B,2025-12-29,mobile,organic,ZA,64,0,0,0.0
U004684,A,2025-12-10,mobile,paid_search,DE,735,0,0,0.0
U004685,A,2025-12-26,tablet,organic,GB,604,0,0,0.0
U004686,B,2026-01-21,desktop,paid_search,FR,398,0,0,0.0
U004687,B,2025-12-06,mobile,organic,ZA,180,0,0,0.0
U004688,A,2025-12-24,desktop,referral,GB,212,0,0,0.0
U004689,B,2025-12-31,desktop,social,ZA,724,0,0,0.0
U004690,A,2026-01-30,mobile,organic,GB,25,0,1,39.56
U004691,B,2025-12-06,tablet,paid_search,ES,549,1,0,0.0
U004692,A,2025-12-07,desktop,paid_search,DE,308,0,1,52.13
U004693,B,2025-12-21,mobile,paid_search,ES,505,1,1,34.26
U004694,B,2026-01-11,tablet,social,ZA,140,0,0,0.0
U004695,B,2025-12-10,desktop,organic,GB,362,0,0,0.0
U004696,A,2026-01-12,desktop,social,NL,319,0,0,0.0
U004697,B,2025-12-10,mobile,email,ZA,301,0,0,0.0
U004698,B,2025-12-09,desktop,social,GB,608,1,0,0.0
U004699,B,2026-01-08,desktop,organic,FR,697,0,0,0.0
U004700,A,2025-12-21,mobile,social,GB,438,0,0,0.0
U004701,A,2026-01-30,mobile,social,DE,342,0,0,0.0
U004702,B,2025-12-19,mobile,email,ZA,741,0,0,0.0
U004703,A,2025-12-28,desktop,social,DE,100,0,0,0.0
U004704,B,2026-01-04,mobile,social,FR,459,1,0,0.0
U004705,B,2025-12-15,tablet,organic,FR,400,0,0,0.0
U004706,A,2025-12-20,desktop,organic,ZA,325,0,0,0.0
U004707,B,2025-12-31,mobile,email,GB,241,0,0,0.0
U004708,A,2026-01-30,mobile,organic,DE,515,0,0,0.0
U004709,A,2025-12-01,desktop,organic,ZA,234,0,0,0.0
U004710,B,2025-12-29,mobile,organic,DE,193,0,0,0.0
U004711,B,2026-01-30,mobile,paid_search,GB,643,0,0,0.0
U004712,A,2025-12-10,mobile,paid_search,GB,327,0,0,0.0
U004713,A,2025-12-28,tablet,organic,DE,307,0,0,0.0
U004714,B,2026-01-10,desktop,social,ZA,599,0,0,0.0
U004715,B,2026-01-04,tablet,email,ZA,614,0,0,0.0
U004716,B,2025-12-08,mobile,paid_search,DE,626,0,0,0.0
U004717,A,2025-12-06,mobile,paid_search,GB,394,0,0,0.0
U004718,A,2026-01-24,mobile,email,GB,516,0,0,0.0
U004719,B,2025-12-17,mobile,organic,ZA,688,0,0,0.0
U004720,A,2026-01-11,mobile,email,NL,344,1,0,0.0
U004721,B,2025-12-01,desktop,organic,GB,355,0,0,0.0
U004722,B,2025-12-05,desktop,paid_search,ZA,235,1,0,0.0
U004723,B,2025-12-15,tablet,social,NL,19,0,0,0.0
U004724,B,2026-01-01,mobile,social,FR,224,0,0,0.0
U004725,A,2025-12-30,mobile,paid_search,ZA,693,0,0,0.0
U004726,B,2025-12-09,mobile,organic,ZA,124,0,0,0.0
U004727,A,2025-12-14,mobile,organic,ZA,401,0,0,0.0
U004728,A,2025-12-17,mobile,paid_search,ES,348,0,0,0.0
U004729,B,2025-12-12,mobile,organic,ZA,515,0,0,0.0
U004730,A,2026-01-15,desktop,paid_search,ES,723,0,0,0.0
U004731,A,2025-12-01,tablet,referral,DE,513,0,0,0.0
U004732,A,2026-01-30,tablet,paid_search,ES,648,0,1,22.1
U004733,B,2026-01-08,mobile,organic,ZA,257,1,0,0.0
U004734,B,2025-12-18,desktop,paid_search,FR,391,1,0,0.0
U004735,B,2025-12-29,desktop,social,DE,160,0,0,0.0
U004736,B,2025-12-26,mobile,social,ZA,23,0,0,0.0
U004737,A,2025-12-21,desktop,social,ZA,552,0,0,0.0
U004738,B,2025-12-07,desktop,email,ZA,752,0,0,0.0
U004739,B,2025-12-04,desktop,organic,ES,399,0,0,0.0
U004740,B,2025-12-22,mobile,email,ZA,178,0,0,0.0
U004741,A,2026-01-24,desktop,organic,FR,508,0,0,0.0
U004742,B,2025-12-04,desktop,email,GB,351,0,0,0.0
U004743,B,2026-01-14,mobile,organic,ES,360,0,0,0.0
U004744,B,2026-01-01,mobile,organic,ZA,78,0,0,0.0
U004745,A,2025-12-30,mobile,referral,GB,666,0,1,35.6
U004746,B,2025-12-09,desktop,social,ZA,412,1,1,41.34
U004747,A,2025-12-18,mobile,email,ZA,572,0,0,0.0
U004748,A,2026-01-26,desktop,organic,FR,403,0,0,0.0
U004749,A,2026-01-27,mobile,social,ES,619,1,1,92.05
U004750,A,2026-01-27,desktop,organic,ZA,695,0,1,62.06
U004751,B,2026-01-14,mobile,referral,DE,602,0,0,0.0
U004752,B,2025-12-27,mobile,social,ES,272,0,0,0.0
U004753,B,2026-01-17,desktop,paid_search,ZA,597,0,1,86.14
U004754,A,2026-01-10,mobile,organic,NL,398,0,0,0.0
U004755,A,2026-01-21,tablet,organic,FR,86,0,0,0.0
U004756,B,2026-01-08,desktop,email,ZA,151,0,0,0.0
U004757,A,2026-01-25,mobile,email,DE,536,0,0,0.0
U004758,B,2026-01-20,desktop,referral,GB,613,1,1,30.83
U004759,A,2025-12-02,mobile,paid_search,NL,376,0,0,0.0
U004760,A,2026-01-16,tablet,social,GB,374,0,0,0.0
U004761,B,2025-12-10,desktop,paid_search,ZA,585,1,1,32.24
U004762,A,2025-12-22,desktop,organic,GB,309,0,0,0.0
U004763,A,2025-12-12,desktop,organic,DE,217,0,0,0.0
U004764,A,2025-12-07,mobile,organic,NL,92,0,0,0.0
U004765,B,2026-01-13,mobile,referral,GB,697,0,0,0.0
U004766,B,2026-01-22,mobile,organic,ES,254,0,0,0.0
U004767,A,2026-01-07,mobile,paid_search,ZA,402,1,0,0.0
U004768,B,2025-12-18,mobile,paid_search,GB,763,0,0,0.0
U004769,A,2025-12-20,mobile,email,ZA,678,1,1,162.63
U004770,A,2025-12-29,desktop,organic,FR,398,0,0,0.0
U004771,B,2026-01-19,mobile,email,ZA,659,0,0,0.0
U004772,B,2026-01-03,desktop,paid_search,ZA,232,0,0,0.0
U004773,B,2026-01-04,mobile,paid_search,NL,652,0,0,0.0
U004774,B,2026-01-21,mobile,paid_search,DE,559,0,0,0.0
U004775,B,2025-12-31,mobile,organic,DE,230,0,1,64.49
U004776,B,2025-12-23,mobile,organic,DE,145,0,0,0.0
U004777,B,2025-12-20,mobile,social,GB,426,0,0,0.0
U004778,A,2025-12-13,desktop,organic,NL,222,0,0,0.0
U004779,A,2025-12-29,mobile,paid_search,NL,122,0,0,0.0
U004780,B,2025-12-21,mobile,organic,GB,688,0,0,0.0
U004781,B,2026-01-16,mobile,email,ES,561,0,0,0.0
U004782,B,2025-12-31,tablet,social,ES,328,0,0,0.0
U004783,A,2026-01-29,mobile,referral,ES,38,0,0,0.0
U004784,B,2025-12-17,desktop,organic,NL,773,0,0,0.0
U004785,A,2025-12-21,mobile,paid_search,DE,575,0,0,0.0
U004786,B,2025-12-18,mobile,email,FR,790,0,0,0.0
U004787,B,2025-12-27,mobile,social,DE,208,0,0,0.0
U004788,A,2026-01-06,desktop,referral,FR,530,0,0,0.0
U004789,A,2026-01-10,desktop,email,GB,802,0,0,0.0
U004790,A,2026-01-15,mobile,referral,NL,181,0,0,0.0
U004791,A,2025-12-26,mobile,paid_search,GB,733,1,0,0.0
U004792,B,2025-12-28,desktop,organic,DE,782,0,0,0.0
U004793,A,2026-01-14,mobile,organic,GB,427,0,0,0.0
U004794,A,2026-01-01,desktop,paid_search,GB,309,1,0,0.0
U004795,B,2025-12-05,mobile,paid_search,ES,552,0,0,0.0
U004796,B,2026-01-21,mobile,paid_search,ZA,190,0,0,0.0
U004797,B,2026-01-03,mobile,email,ZA,175,0,1,35.79
U004798,A,2026-01-24,desktop,social,DE,242,0,0,0.0
U004799,B,2026-01-06,desktop,organic,FR,724,1,1,153.35
U004800,B,2026-01-10,mobile,paid_search,ZA,722,0,0,0.0
U004801,B,2025-12-03,mobile,referral,DE,586,0,0,0.0
U004802,A,2025-12-28,desktop,paid_search,ZA,175,0,0,0.0
U004803,B,2026-01-27,desktop,organic,GB,499,0,0,0.0
U004804,A,2025-12-14,mobile,referral,NL,591,0,0,0.0
U004805,A,2026-01-25,desktop,social,ZA,243,0,0,0.0
U004806,B,2025-12-16,mobile,paid_search,FR,125,1,0,0.0
U004807,A,2025-12-29,mobile,organic,FR,484,0,0,0.0
U004808,A,2025-12-23,mobile,social,GB,154,0,0,0.0
U004809,A,2026-01-23,desktop,organic,FR,604,0,0,0.0
U004810,B,2026-01-15,mobile,email,DE,399,0,0,0.0
U004811,B,2025-12-18,desktop,organic,ZA,644,0,0,0.0
U004812,A,2026-01-01,desktop,paid_search,DE,162,0,0,0.0
U004813,B,2025-12-11,mobile,social,ES,390,0,0,0.0
U004814,A,2025-12-21,mobile,organic,GB,164,1,1,32.4
U004815,B,2025-12-30,desktop,paid_search,ZA,475,0,1,205.93
U004816,A,2025-12-29,mobile,organic,DE,247,0,0,0.0
U004817,A,2025-12-14,mobile,social,DE,44,0,0,0.0
U004818,A,2025-12-29,desktop,referral,ZA,335,1,1,142.1
U004819,A,2026-01-12,desktop,organic,ZA,557,0,1,107.94
U004820,A,2025-12-12,tablet,email,FR,581,0,0,0.0
U004821,A,2026-01-10,desktop,organic,NL,67,0,0,0.0
U004822,B,2025-12-27,mobile,social,ES,641,0,0,0.0
U004823,B,2026-01-27,mobile,referral,GB,233,0,0,0.0
U004824,B,2026-01-07,mobile,paid_search,ZA,745,0,0,0.0
U004825,A,2025-12-22,mobile,organic,ZA,502,1,0,0.0
U004826,B,2025-12-02,tablet,organic,ZA,88,0,0,0.0
U004827,B,2026-01-15,mobile,referral,DE,662,0,0,0.0
U004828,A,2025-12-26,desktop,organic,NL,393,0,0,0.0
U004829,A,2026-01-24,mobile,social,NL,336,0,0,0.0
U004830,A,2025-12-18,mobile,organic,NL,78,0,0,0.0
U004831,B,2026-01-14,mobile,email,FR,606,0,0,0.0
U004832,B,2025-12-11,mobile,paid_search,FR,418,0,0,0.0
U004833,A,2025-12-24,tablet,organic,ZA,562,0,0,0.0
U004834,B,2025-12-26,mobile,paid_search,NL,378,0,0,0.0
U004835,A,2025-12-20,desktop,organic,ZA,334,0,0,0.0
U004836,B,2026-01-03,mobile,email,NL,168,0,0,0.0
U004837,B,2026-01-12,mobile,email,ZA,614,0,0,0.0
U004838,A,2025-12-19,mobile,organic,FR,537,1,1,165.04
U004839,A,2025-12-25,desktop,organic,DE,149,0,0,0.0
U004840,A,2025-12-24,mobile,organic,ES,630,0,0,0.0
U004841,A,2026-01-17,mobile,organic,ZA,490,0,0,0.0
U004842,A,2026-01-01,mobile,organic,NL,488,0,0,0.0
U004843,B,2026-01-04,desktop,organic,GB,604,0,0,0.0
U004844,B,2025-12-24,mobile,organic,DE,514,0,1,95.54
U004845,A,2025-12-06,desktop,organic,NL,645,0,0,0.0
U004846,A,2025-12-01,tablet,paid_search,ZA,469,0,0,0.0
U004847,B,2026-01-04,mobile,paid_search,NL,333,0,0,0.0
U004848,A,2026-01-13,desktop,organic,DE,360,0,0,0.0
U004849,B,2026-01-07,desktop,paid_search,NL,132,0,0,0.0
U004850,B,2026-01-21,mobile,paid_search,GB,125,0,0,0.0
U004851,A,2026-01-12,mobile,organic,GB,684,0,1,124.6
U004852,B,2025-12-30,mobile,social,ES,631,0,0,0.0
U004853,A,2025-12-26,mobile,organic,ZA,443,0,0,0.0
U004854,B,2025-12-23,mobile,paid_search,NL,286,0,1,164.3
U004855,A,2026-01-25,mobile,paid_search,ES,181,0,0,0.0
U004856,A,2025-12-03,desktop,referral,ES,524,0,0,0.0
U004857,B,2026-01-29,mobile,organic,ES,685,0,0,0.0
U004858,A,2026-01-23,mobile,organic,NL,140,0,0,0.0
U004859,B,2025-12-28,mobile,paid_search,GB,358,0,1,23.74
U004860,A,2025-12-15,desktop,organic,DE,474,0,0,0.0
U004861,B,2026-01-10,mobile,organic,ZA,270,0,0,0.0
U004862,A,2025-12-19,mobile,paid_search,ZA,432,0,1,99.94
U004863,A,2026-01-11,mobile,organic,NL,455,0,0,0.0
U004864,A,2026-01-13,tablet,organic,ES,88,0,0,0.0
U004865,B,2026-01-28,mobile,organic,ZA,575,0,1,70.46
U004866,A,2025-12-02,mobile,paid_search,GB,98,0,0,0.0
U004867,A,2025-12-24,desktop,referral,GB,424,0,0,0.0
U004868,A,2025-12-17,mobile,organic,GB,542,0,0,0.0
U004869,B,2025-12-01,desktop,organic,ES,775,1,0,0.0
U004870,A,2026-01-02,mobile,email,NL,180,1,0,0.0
U004871,B,2026-01-01,mobile,referral,ES,402,1,0,0.0
U004872,B,2026-01-23,mobile,social,ZA,397,0,0,0.0
U004873,B,2026-01-27,desktop,organic,ZA,604,1,0,0.0
U004874,A,2025-12-24,mobile,organic,ZA,72,0,0,0.0
U004875,B,2025-12-29,mobile,organic,NL,146,0,0,0.0
U004876,B,2026-01-09,mobile,email,DE,203,0,0,0.0
U004877,B,2026-01-25,mobile,organic,ES,378,0,0,0.0
U004878,B,2026-01-27,desktop,organic,ES,383,0,0,0.0
U004879,A,2025-12-03,desktop,paid_search,ES,507,0,0,0.0
U004880,B,2026-01-04,mobile,paid_search,GB,489,0,0,0.0
U004881,A,2025-12-13,mobile,organic,NL,266,0,0,0.0
U004882,B,2026-01-18,mobile,email,GB,249,1,0,0.0
U004883,B,2026-01-01,mobile,organic,FR,271,0,0,0.0
U004884,A,2025-12-25,mobile,organic,ZA,531,0,0,0.0
U004885,B,2025-12-30,mobile,email,DE,521,0,1,62.76
U004886,B,2025-12-13,mobile,social,FR,158,0,0,0.0
U004887,B,2025-12-02,mobile,social,DE,175,0,0,0.0
U004888,B,2025-12-24,mobile,email,GB,166,0,0,0.0
U004889,B,2026-01-11,desktop,paid_search,ZA,695,1,0,0.0
U004890,A,2025-12-28,mobile,paid_search,ZA,478,0,0,0.0
U004891,B,2025-12-05,desktop,organic,DE,389,0,0,0.0
U004892,A,2025-12-21,mobile,organic,DE,96,0,0,0.0
U004893,A,2025-12-19,mobile,paid_search,FR,715,1,1,114.68
U004894,B,2025-12-17,mobile,organic,DE,374,0,0,0.0
U004895,B,2025-12-30,mobile,organic,NL,298,0,0,0.0
U004896,A,2025-12-27,desktop,organic,GB,599,1,1,38.87
U004897,A,2026-01-02,desktop,paid_search,GB,539,0,0,0.0
U004898,B,2025-12-31,desktop,organic,DE,656,0,1,154.47
U004899,A,2025-12-12,tablet,email,ZA,378,1,0,0.0
U004900,B,2026-01-03,mobile,organic,NL,361,0,0,0.0
U004901,B,2026-01-10,mobile,email,GB,175,0,0,0.0
U004902,A,2025-12-31,desktop,paid_search,ZA,715,0,0,0.0
U004903,A,2026-01-23,mobile,referral,ZA,251,0,0,0.0
U004904,B,2026-01-09,mobile,paid_search,ZA,357,0,0,0.0
U004905,A,2026-01-28,mobile,social,FR,332,0,0,0.0
U004906,A,2025-12-08,mobile,email,GB,438,0,0,0.0
U004907,B,2026-01-12,desktop,organic,ZA,533,0,0,0.0
U004908,B,2025-12-04,tablet,organic,ES,490,0,1,136.72
U004909,A,2026-01-19,mobile,organic,ZA,258,0,0,0.0
U004910,B,2025-12-16,desktop,social,NL,686,1,0,0.0
U004911,B,2025-12-28,desktop,email,ZA,578,1,0,0.0
U004912,A,2025-12-18,desktop,organic,ES,317,0,1,74.37
U004913,B,2025-12-11,mobile,paid_search,DE,95,1,0,0.0
U004914,A,2025-12-28,mobile,organic,GB,57,0,0,0.0
U004915,A,2026-01-20,mobile,social,ZA,30,0,0,0.0
U004916,B,2026-01-07,desktop,organic,ES,308,1,0,0.0
U004917,B,2025-12-18,desktop,organic,FR,590,0,0,0.0
U004918,A,2026-01-22,mobile,email,ZA,236,0,0,0.0
U004919,B,2026-01-27,mobile,referral,ZA,531,0,0,0.0
U004920,A,2025-12-26,mobile,email,GB,173,0,1,115.67
U004921,B,2026-01-18,desktop,social,NL,217,0,1,50.73
U004922,A,2025-12-02,mobile,organic,ES,450,0,0,0.0
U004923,A,2026-01-06,desktop,email,GB,374,0,0,0.0
U004924,B,2025-12-13,mobile,social,DE,284,1,0,0.0
U004925,A,2025-12-24,desktop,social,ZA,641,0,0,0.0
U004926,B,2026-01-01,tablet,paid_search,FR,147,0,0,0.0
U004927,A,2026-01-20,tablet,email,NL,349,1,0,0.0
U004928,A,2026-01-30,mobile,organic,ES,272,0,0,0.0
U004929,B,2026-01-01,mobile,organic,DE,314,0,0,0.0
U004930,B,2026-01-07,desktop,organic,GB,551,0,0,0.0
U004931,B,2025-12-04,mobile,social,GB,477,0,0,0.0
U004932,A,2025-12-18,desktop,paid_search,FR,703,0,1,166.94
U004933,A,2026-01-10,desktop,email,ZA,271,0,0,0.0
U004934,B,2026-01-09,mobile,paid_search,ZA,461,1,1,45.66
U004935,A,2025-12-23,tablet,paid_search,FR,303,0,1,129.07
U004936,A,2026-01-06,mobile,organic,NL,561,0,0,0.0
U004937,B,2025-12-23,desktop,organic,ZA,228,0,0,0.0
U004938,A,2026-01-15,desktop,email,GB,246,0,0,0.0
U004939,A,2025-12-22,desktop,organic,ZA,579,0,0,0.0
U004940,A,2025-12-21,desktop,email,ZA,301,1,0,0.0
U004941,B,2025-12-12,mobile,email,ZA,800,1,0,0.0
U004942,B,2026-01-05,mobile,organic,GB,486,1,1,169.47
U004943,A,2026-01-09,mobile,email,ZA,487,0,0,0.0
U004944,A,2025-12-12,tablet,email,NL,320,0,0,0.0
U004945,B,2026-01-01,desktop,organic,FR,152,0,0,0.0
U004946,B,2026-01-11,mobile,paid_search,GB,588,1,0,0.0
U004947,A,2026-01-07,desktop,social,ZA,689,0,0,0.0
U004948,A,2026-01-13,desktop,paid_search,ZA,692,0,0,0.0
U004949,A,2025-12-11,mobile,organic,DE,123,0,0,0.0
U004950,A,2026-01-08,desktop,organic,GB,397,0,0,0.0
U004951,B,2026-01-01,tablet,organic,ZA,271,0,1,133.51
U004952,B,2026-01-19,mobile,social,ZA,294,0,0,0.0
U004953,A,2026-01-23,mobile,organic,GB,389,0,0,0.0
U004954,B,2026-01-21,mobile,organic,GB,454,0,0,0.0
U004955,B,2026-01-26,desktop,paid_search,ES,552,0,0,0.0
U004956,B,2025-12-15,mobile,email,NL,515,1,0,0.0
U004957,A,2025-12-14,desktop,social,GB,670,0,0,0.0
U004958,B,2026-01-22,desktop,email,ES,721,0,0,0.0
U004959,A,2025-12-26,desktop,email,GB,309,0,0,0.0
U004960,B,2026-01-18,desktop,paid_search,ZA,801,0,0,0.0
U004961,B,2025-12-20,desktop,organic,DE,338,0,0,0.0
U004962,B,2025-12-21,tablet,paid_search,ES,777,0,0,0.0
U004963,B,2025-12-01,tablet,referral,FR,205,0,0,0.0
U004964,B,2025-12-29,desktop,organic,DE,632,1,0,0.0
U004965,A,2025-12-08,desktop,organic,ZA,174,0,0,0.0
U004966,B,2025-12-29,mobile,organic,GB,127,0,0,0.0
U004967,A,2025-12-28,tablet,organic,GB,471,0,0,0.0
U004968,B,2026-01-16,mobile,email,ZA,159,1,0,0.0
U004969,A,2025-12-24,mobile,organic,ZA,399,0,0,0.0
U004970,B,2026-01-29,mobile,email,NL,277,0,0,0.0
U004971,A,2026-01-18,mobile,organic,GB,649,1,0,0.0
U004972,B,2025-12-16,mobile,paid_search,ZA,499,1,0,0.0
U004973,B,2026-01-25,mobile,organic,GB,362,0,0,0.0
U004974,A,2026-01-23,desktop,organic,ZA,374,0,1,106.4
U004975,B,2026-01-10,desktop,paid_search,DE,289,0,0,0.0
U004976,A,2025-12-08,desktop,organic,GB,533,1,0,0.0
U004977,B,2025-12-04,mobile,organic,ZA,491,0,0,0.0
U004978,B,2025-12-31,mobile,paid_search,ZA,721,0,0,0.0
U004979,A,2026-01-29,desktop,email,DE,498,0,0,0.0
U004980,A,2026-01-25,tablet,organic,GB,565,0,0,0.0
U004981,A,2026-01-06,mobile,social,ZA,212,0,0,0.0
U004982,B,2025-12-26,mobile,paid_search,ZA,363,1,0,0.0
U004983,A,2026-01-19,tablet,paid_search,GB,445,0,0,0.0
U004984,A,2025-12-08,desktop,organic,FR,320,0,0,0.0
U004985,B,2025-12-05,desktop,paid_search,FR,647,1,1,129.27
U004986,B,2026-01-18,desktop,organic,DE,253,0,1,171.16
U004987,A,2025-12-18,desktop,organic,NL,355,1,0,0.0
U004988,A,2025-12-16,mobile,paid_search,FR,238,1,1,143.16
U004989,B,2025-12-25,desktop,social,ZA,468,0,0,0.0
U004990,A,2025-12-17,mobile,organic,NL,86,0,0,0.0
U004991,A,2025-12-17,desktop,paid_search,DE,254,0,0,0.0
U004992,A,2026-01-23,mobile,organic,DE,456,0,1,87.64
U004993,B,2025-12-05,desktop,social,ZA,186,0,0,0.0
U004994,A,2025-12-31,desktop,email,NL,394,0,0,0.0
U004995,A,2025-12-02,mobile,paid_search,ES,626,0,0,0.0
U004996,A,2026-01-11,mobile,email,DE,479,0,0,0.0
U004997,A,2025-12-15,mobile,organic,ZA,552,0,0,0.0
U004998,A,2026-01-05,desktop,organic,ZA,445,0,0,0.0
U004999,A,2026-01-11,tablet,paid_search,DE,481,0,0,0.0
U005000,B,2025-12-03,mobile,organic,NL,433,0,0,0.0
U005001,B,2025-12-09,tablet,paid_search,FR,575,0,0,0.0
U005002,B,2025-12-28,mobile,organic,DE,389,0,0,0.0
U005003,B,2025-12-17,mobile,organic,ZA,668,1,1,133.57
U005004,A,2025-12-26,desktop,email,DE,508,0,0,0.0
U005005,A,2025-12-24,desktop,organic,ES,319,0,0,0.0
U005006,A,2026-01-01,mobile,paid_search,NL,386,0,0,0.0
U005007,A,2025-12-16,mobile,organic,FR,602,0,0,0.0
U005008,B,2026-01-26,mobile,referral,ZA,26,0,0,0.0
U005009,A,2025-12-01,mobile,organic,FR,353,0,1,162.92
U005010,B,2025-12-11,desktop,organic,GB,624,0,0,0.0
U005011,B,2026-01-03,mobile,organic,ZA,482,1,0,0.0
U005012,B,2026-01-10,desktop,social,ES,250,0,0,0.0
U005013,B,2026-01-22,desktop,paid_search,FR,812,0,0,0.0
U005014,A,2025-12-06,mobile,social,DE,479,0,0,0.0
U005015,A,2025-12-07,desktop,social,ES,517,0,0,0.0
U005016,B,2026-01-14,desktop,organic,GB,348,0,0,0.0
U005017,A,2026-01-03,mobile,social,ES,345,0,0,0.0
U005018,B,2026-01-17,tablet,social,FR,725,0,0,0.0
U005019,A,2026-01-17,mobile,organic,DE,418,0,0,0.0
U005020,A,2026-01-10,mobile,paid_search,ES,197,0,0,0.0
U005021,A,2025-12-18,desktop,social,DE,219,0,0,0.0
U005022,A,2025-12-04,mobile,paid_search,NL,430,0,0,0.0
U005023,B,2026-01-11,mobile,paid_search,ZA,126,0,0,0.0
U005024,B,2025-12-10,desktop,organic,ZA,712,0,0,0.0
U005025,A,2025-12-12,mobile,organic,GB,128,0,0,0.0
U005026,B,2026-01-10,mobile,organic,ZA,686,0,0,0.0
U005027,A,2025-12-03,desktop,paid_search,ZA,280,1,0,0.0
U005028,B,2026-01-13,desktop,organic,ES,676,0,0,0.0
U005029,A,2025-12-02,mobile,organic,NL,491,1,0,0.0
U005030,A,2025-12-14,desktop,organic,FR,538,1,0,0.0
U005031,B,2026-01-12,mobile,organic,FR,234,0,0,0.0
U005032,B,2026-01-23,mobile,paid_search,FR,609,0,0,0.0
U005033,B,2026-01-30,mobile,referral,FR,97,0,0,0.0
U005034,B,2025-12-15,mobile,organic,ZA,625,0,0,0.0
U005035,A,2026-01-19,mobile,email,ZA,251,1,0,0.0
U005036,A,2026-01-21,mobile,email,ZA,306,1,0,0.0
U005037,B,2025-12-07,mobile,referral,GB,471,0,1,31.49
U005038,B,2025-12-07,mobile,paid_search,ZA,96,0,0,0.0
U005039,A,2026-01-24,mobile,paid_search,ZA,189,0,0,0.0
U005040,A,2025-12-14,mobile,organic,GB,153,0,0,0.0
U005041,A,2026-01-05,desktop,organic,DE,292,0,1,176.92
U005042,A,2026-01-08,desktop,organic,ZA,330,0,0,0.0
U005043,A,2026-01-11,mobile,organic,GB,52,0,0,0.0
U005044,B,2026-01-05,desktop,organic,DE,64,0,0,0.0
U005045,A,2025-12-25,mobile,email,NL,155,0,0,0.0
U005046,A,2026-01-10,desktop,organic,FR,705,1,0,0.0
U005047,B,2026-01-14,desktop,social,ZA,241,1,0,0.0
U005048,A,2025-12-09,mobile,organic,ZA,610,0,0,0.0
U005049,A,2025-12-03,desktop,organic,ZA,408,0,0,0.0
U005050,A,2025-12-26,mobile,organic,NL,620,0,0,0.0
U005051,A,2025-12-01,mobile,organic,NL,366,0,0,0.0
U005052,A,2025-12-16,mobile,organic,FR,250,0,0,0.0
U005053,B,2025-12-31,mobile,organic,ZA,347,0,1,23.62
U005054,B,2025-12-20,mobile,organic,GB,389,1,0,0.0
U005055,A,2025-12-16,desktop,organic,GB,96,0,0,0.0
U005056,B,2025-12-24,desktop,organic,FR,396,0,0,0.0
U005057,A,2025-12-07,mobile,email,ES,98,0,1,88.05
U005058,A,2026-01-08,mobile,referral,ZA,36,0,0,0.0
U005059,A,2025-12-23,mobile,referral,ZA,612,0,0,0.0
U005060,B,2025-12-31,desktop,social,ZA,203,0,0,0.0
U005061,B,2026-01-02,desktop,organic,ZA,754,0,0,0.0
U005062,B,2026-01-25,desktop,social,DE,236,0,0,0.0
U005063,B,2026-01-05,tablet,organic,ZA,286,0,0,0.0
U005064,A,2025-12-25,desktop,organic,ZA,286,0,0,0.0
U005065,B,2026-01-07,tablet,referral,ZA,113,0,0,0.0
U005066,A,2026-01-05,tablet,organic,DE,75,0,0,0.0
U005067,A,2025-12-21,mobile,social,ZA,471,0,0,0.0
U005068,B,2025-12-03,tablet,paid_search,DE,266,1,0,0.0
U005069,A,2025-12-28,desktop,paid_search,ZA,325,0,0,0.0
U005070,A,2025-12-28,mobile,organic,ZA,350,0,0,0.0
U005071,B,2025-12-13,mobile,organic,GB,211,0,0,0.0
U005072,A,2026-01-29,mobile,organic,DE,118,0,0,0.0
U005073,A,2025-12-03,mobile,paid_search,DE,620,0,0,0.0
U005074,A,2026-01-24,desktop,paid_search,DE,247,1,0,0.0
U005075,B,2025-12-23,mobile,organic,NL,411,0,0,0.0
U005076,A,2026-01-30,tablet,organic,GB,418,0,0,0.0
U005077,B,2026-01-28,mobile,email,ZA,404,0,0,0.0
U005078,B,2026-01-06,mobile,paid_search,ZA,708,0,0,0.0
U005079,A,2025-12-10,mobile,email,FR,201,0,0,0.0
U005080,A,2026-01-13,mobile,organic,ZA,574,0,0,0.0
U005081,B,2026-01-04,desktop,organic,NL,595,0,0,0.0
U005082,B,2026-01-21,desktop,referral,ZA,420,1,0,0.0
U005083,A,2025-12-01,desktop,paid_search,NL,440,0,0,0.0
U005084,A,2025-12-31,mobile,paid_search,ZA,180,0,0,0.0
U005085,A,2025-12-01,desktop,social,DE,92,0,0,0.0
U005086,B,2025-12-20,mobile,email,ZA,581,0,0,0.0
U005087,B,2025-12-16,mobile,social,GB,566,0,0,0.0
U005088,B,2025-12-21,desktop,organic,GB,712,0,0,0.0
U005089,A,2025-12-25,mobile,paid_search,ZA,554,1,0,0.0
U005090,A,2026-01-18,mobile,email,DE,213,0,1,94.0
U005091,B,2026-01-13,desktop,organic,ES,201,0,0,0.0
U005092,B,2025-12-26,mobile,social,ZA,579,0,0,0.0
U005093,B,2026-01-11,desktop,paid_search,ES,797,1,0,0.0
U005094,A,2025-12-18,mobile,organic,FR,472,0,0,0.0
U005095,A,2026-01-04,mobile,organic,ZA,289,0,0,0.0
U005096,A,2026-01-13,mobile,organic,GB,595,0,0,0.0
U005097,A,2025-12-19,mobile,referral,ZA,475,0,0,0.0
U005098,A,2026-01-20,desktop,email,ZA,462,0,0,0.0
U005099,A,2026-01-27,tablet,organic,DE,467,0,0,0.0
U005100,A,2025-12-15,mobile,email,ZA,788,0,0,0.0
U005101,B,2025-12-03,mobile,paid_search,GB,572,0,0,0.0
U005102,A,2026-01-03,tablet,social,FR,328,0,1,171.98
U005103,A,2025-12-19,tablet,social,ZA,586,1,0,0.0
U005104,B,2025-12-03,tablet,social,GB,467,0,0,0.0
U005105,A,2025-12-06,mobile,social,FR,611,0,0,0.0
U005106,A,2025-12-01,desktop,organic,NL,616,0,0,0.0
U005107,A,2025-12-19,mobile,organic,ZA,508,0,0,0.0
U005108,A,2026-01-21,mobile,social,ES,498,0,0,0.0
U005109,A,2026-01-14,desktop,organic,ZA,429,0,0,0.0
U005110,B,2026-01-04,mobile,referral,ZA,427,0,0,0.0
U005111,B,2025-12-16,mobile,organic,FR,553,0,1,109.88
U005112,A,2025-12-01,mobile,paid_search,FR,363,0,1,137.73
U005113,A,2025-12-06,mobile,paid_search,ZA,593,0,0,0.0
U005114,B,2026-01-04,mobile,email,ZA,218,0,0,0.0
U005115,B,2025-12-12,desktop,email,GB,497,0,0,0.0
U005116,A,2026-01-19,mobile,paid_search,ZA,223,0,0,0.0
U005117,B,2025-12-27,mobile,email,ZA,252,0,0,0.0
U005118,A,2026-01-05,mobile,email,ZA,567,0,0,0.0
U005119,B,2026-01-24,mobile,social,ZA,293,0,0,0.0
U005120,B,2025-12-03,tablet,organic,GB,356,0,0,0.0
U005121,A,2025-12-14,desktop,paid_search,ES,574,0,0,0.0
U005122,A,2025-12-29,mobile,paid_search,FR,310,0,0,0.0
U005123,B,2026-01-15,mobile,paid_search,NL,144,0,0,0.0
U005124,A,2025-12-27,mobile,organic,ZA,445,0,0,0.0
U005125,B,2025-12-31,desktop,social,GB,139,0,0,0.0
U005126,A,2026-01-15,mobile,paid_search,DE,699,0,0,0.0
U005127,A,2026-01-04,tablet,referral,GB,254,0,0,0.0
U005128,B,2025-12-11,mobile,paid_search,ES,114,1,0,0.0
U005129,A,2025-12-23,desktop,paid_search,DE,305,0,0,0.0
U005130,A,2026-01-07,mobile,social,ES,131,0,0,0.0
U005131,A,2026-01-18,mobile,organic,ZA,540,0,0,0.0
U005132,A,2025-12-14,mobile,organic,ZA,645,0,0,0.0
U005133,A,2026-01-16,mobile,organic,ZA,556,0,0,0.0
U005134,B,2026-01-07,mobile,referral,NL,534,0,0,0.0
U005135,B,2025-12-16,mobile,organic,ZA,502,0,0,0.0
U005136,A,2026-01-27,mobile,social,GB,456,0,0,0.0
U005137,B,2025-12-14,desktop,paid_search,ES,620,0,0,0.0
U005138,A,2025-12-21,mobile,paid_search,DE,344,1,0,0.0
U005139,B,2026-01-17,mobile,organic,ZA,88,0,0,0.0
U005140,A,2025-12-25,mobile,social,ZA,295,0,0,0.0
U005141,B,2026-01-02,mobile,organic,FR,416,0,0,0.0
U005142,A,2025-12-22,desktop,organic,GB,116,0,0,0.0
U005143,B,2025-12-27,mobile,organic,NL,579,1,0,0.0
U005144,B,2026-01-07,tablet,paid_search,GB,177,0,0,0.0
U005145,B,2025-12-03,mobile,organic,ZA,449,0,0,0.0
U005146,B,2025-12-17,mobile,organic,FR,143,0,0,0.0
U005147,B,2026-01-09,mobile,organic,DE,641,0,1,133.33
U005148,A,2025-12-14,tablet,organic,ZA,249,0,0,0.0
U005149,A,2025-12-29,desktop,paid_search,ES,622,0,0,0.0
U005150,B,2026-01-05,mobile,referral,ZA,676,0,0,0.0
U005151,A,2026-01-03,tablet,paid_search,ZA,445,0,0,0.0
U005152,A,2025-12-31,tablet,referral,DE,635,0,0,0.0
U005153,A,2026-01-25,desktop,paid_search,GB,786,0,0,0.0
U005154,B,2025-12-08,desktop,organic,DE,425,0,0,0.0
U005155,B,2026-01-09,desktop,organic,ZA,690,1,0,0.0
U005156,A,2026-01-06,mobile,organic,DE,416,0,0,0.0
U005157,B,2026-01-23,mobile,referral,GB,28,0,0,0.0
U005158,A,2026-01-06,desktop,referral,ZA,690,0,0,0.0
U005159,B,2026-01-27,desktop,paid_search,DE,460,0,0,0.0
U005160,A,2025-12-24,mobile,organic,ZA,594,0,0,0.0
U005161,A,2025-12-30,desktop,organic,GB,164,0,0,0.0
U005162,B,2026-01-09,mobile,organic,FR,264,0,0,0.0
U005163,B,2026-01-26,mobile,organic,GB,632,0,0,0.0
U005164,B,2026-01-05,desktop,organic,GB,520,0,0,0.0
U005165,A,2025-12-13,mobile,email,ZA,755,1,0,0.0
U005166,B,2025-12-29,desktop,referral,ES,627,0,0,0.0
U005167,B,2026-01-22,mobile,email,GB,561,0,0,0.0
U005168,A,2025-12-29,desktop,social,GB,477,0,0,0.0
U005169,B,2025-12-08,mobile,referral,ZA,439,1,0,0.0
U005170,B,2025-12-27,mobile,paid_search,GB,450,0,0,0.0
U005171,B,2025-12-15,mobile,organic,ES,274,0,0,0.0
U005172,B,2025-12-19,mobile,organic,GB,194,1,0,0.0
U005173,A,2025-12-05,desktop,social,DE,298,0,0,0.0
U005174,B,2026-01-07,mobile,organic,ZA,414,0,0,0.0
U005175,A,2026-01-03,mobile,paid_search,ZA,197,0,0,0.0
U005176,A,2026-01-27,mobile,social,ZA,291,0,0,0.0
U005177,A,2026-01-14,mobile,social,GB,523,0,0,0.0
U005178,B,2025-12-31,mobile,social,ES,592,0,0,0.0
U005179,B,2025-12-28,tablet,paid_search,ES,116,0,0,0.0
U005180,A,2025-12-25,mobile,social,FR,163,0,0,0.0
U005181,B,2025-12-04,desktop,organic,ZA,197,0,0,0.0
U005182,B,2026-01-01,desktop,email,DE,511,1,0,0.0
U005183,A,2026-01-27,desktop,organic,FR,264,0,0,0.0
U005184,B,2025-12-18,desktop,paid_search,DE,587,0,1,142.46
U005185,B,2026-01-02,desktop,email,GB,758,0,0,0.0
U005186,B,2025-12-22,desktop,email,NL,576,1,0,0.0
U005187,B,2025-12-28,desktop,email,GB,654,0,0,0.0
U005188,A,2026-01-15,mobile,organic,ZA,283,0,0,0.0
U005189,A,2025-12-06,mobile,email,ZA,625,0,1,82.86
U005190,B,2026-01-19,mobile,email,ZA,171,0,0,0.0
U005191,B,2025-12-07,mobile,referral,FR,626,0,0,0.0
U005192,A,2025-12-16,desktop,organic,ZA,377,0,0,0.0
U005193,B,2025-12-17,mobile,social,ZA,16,0,1,122.59
U005194,A,2026-01-28,desktop,organic,DE,158,0,0,0.0
U005195,B,2025-12-22,desktop,paid_search,NL,430,0,0,0.0
U005196,B,2026-01-17,desktop,social,ZA,455,0,0,0.0
U005197,B,2025-12-25,desktop,social,ZA,585,0,0,0.0
U005198,A,2026-01-14,mobile,referral,ZA,268,0,0,0.0
U005199,A,2025-12-02,mobile,organic,ES,536,0,0,0.0
U005200,B,2026-01-03,tablet,social,GB,30,0,0,0.0
U005201,B,2025-12-16,desktop,paid_search,ZA,290,0,0,0.0
U005202,B,2026-01-07,desktop,email,ZA,830,0,0,0.0
U005203,A,2025-12-27,mobile,organic,FR,675,0,0,0.0
U005204,B,2025-12-29,mobile,paid_search,DE,542,0,0,0.0
U005205,A,2026-01-07,mobile,organic,ZA,517,0,0,0.0
U005206,B,2025-12-03,mobile,social,DE,39,0,0,0.0
U005207,A,2025-12-26,desktop,social,ZA,622,0,0,0.0
U005208,B,2025-12-17,desktop,email,ZA,690,1,0,0.0
U005209,B,2026-01-11,desktop,email,ZA,307,0,0,0.0
U005210,A,2026-01-13,tablet,organic,GB,691,0,0,0.0
U005211,A,2026-01-10,desktop,paid_search,DE,420,0,0,0.0
U005212,B,2025-12-23,mobile,organic,GB,45,0,0,0.0
U005213,B,2026-01-27,desktop,organic,DE,176,1,0,0.0
U005214,A,2025-12-06,mobile,referral,ES,80,0,0,0.0
U005215,A,2026-01-17,mobile,organic,FR,235,0,0,0.0
U005216,A,2025-12-19,mobile,social,ZA,396,0,0,0.0
U005217,B,2025-12-25,desktop,organic,ZA,172,0,0,0.0
U005218,A,2025-12-30,tablet,organic,ES,605,0,0,0.0
U005219,A,2026-01-04,mobile,organic,ZA,642,1,0,0.0
U005220,A,2026-01-21,tablet,paid_search,ZA,198,1,0,0.0
U005221,A,2025-12-30,desktop,email,FR,769,0,0,0.0
U005222,B,2026-01-26,mobile,email,GB,625,0,0,0.0
U005223,B,2025-12-18,desktop,referral,ES,145,0,0,0.0
U005224,B,2026-01-10,mobile,social,GB,275,0,0,0.0
U005225,A,2026-01-19,mobile,organic,ZA,239,0,0,0.0
U005226,A,2026-01-09,desktop,organic,FR,83,1,0,0.0
U005227,B,2025-12-23,mobile,paid_search,ZA,725,0,0,0.0
U005228,A,2025-12-28,mobile,organic,ZA,502,0,0,0.0
U005229,B,2025-12-13,mobile,social,ZA,182,0,0,0.0
U005230,B,2025-12-15,desktop,social,DE,158,0,0,0.0
U005231,B,2026-01-10,mobile,social,GB,454,1,0,0.0
U005232,B,2025-12-20,mobile,social,ZA,317,0,0,0.0
U005233,A,2025-12-29,mobile,paid_search,ZA,685,0,0,0.0
U005234,B,2026-01-25,mobile,paid_search,GB,325,1,0,0.0
U005235,B,2025-12-31,mobile,email,ZA,129,0,0,0.0
U005236,B,2026-01-03,desktop,organic,ES,376,0,0,0.0
U005237,A,2026-01-08,desktop,paid_search,DE,362,0,0,0.0
U005238,A,2025-12-29,tablet,paid_search,NL,797,0,0,0.0
U005239,B,2025-12-24,mobile,email,GB,381,1,0,0.0
U005240,A,2025-12-31,desktop,organic,ZA,145,0,0,0.0
U005241,A,2025-12-29,desktop,social,GB,188,0,0,0.0
U005242,B,2025-12-15,mobile,organic,ZA,523,1,0,0.0
U005243,A,2026-01-14,mobile,email,DE,499,0,0,0.0
U005244,A,2026-01-19,mobile,organic,GB,613,0,0,0.0
U005245,B,2025-12-28,mobile,email,GB,480,0,0,0.0
U005246,A,2026-01-23,desktop,organic,ES,707,1,0,0.0
U005247,B,2025-12-14,mobile,organic,NL,229,0,0,0.0
U005248,B,2026-01-14,tablet,paid_search,GB,743,0,0,0.0
U005249,B,2025-12-07,desktop,paid_search,ZA,718,1,0,0.0
U005250,A,2025-12-20,mobile,email,ZA,630,0,0,0.0
U005251,A,2026-01-16,tablet,organic,NL,162,0,0,0.0
U005252,B,2026-01-05,mobile,organic,FR,406,1,0,0.0
U005253,A,2025-12-07,desktop,organic,GB,268,0,0,0.0
U005254,B,2025-12-26,tablet,organic,ZA,175,0,0,0.0
U005255,A,2026-01-28,tablet,paid_search,FR,245,0,0,0.0
U005256,B,2026-01-30,desktop,paid_search,ZA,614,0,0,0.0
U005257,B,2025-12-10,desktop,organic,ZA,518,0,0,0.0
U005258,A,2025-12-02,mobile,social,ZA,327,0,0,0.0
U005259,A,2026-01-04,mobile,organic,ZA,275,0,0,0.0
U005260,A,2026-01-04,desktop,organic,DE,625,0,0,0.0
U005261,A,2025-12-17,mobile,organic,ES,574,0,0,0.0
U005262,A,2025-12-13,desktop,social,ZA,610,0,0,0.0
U005263,A,2025-12-17,mobile,email,DE,175,0,0,0.0
U005264,B,2026-01-25,mobile,email,DE,221,1,0,0.0
U005265,B,2025-12-16,tablet,organic,ZA,603,0,0,0.0
U005266,A,2025-12-09,desktop,referral,FR,428,0,0,0.0
U005267,A,2026-01-23,desktop,social,ZA,527,0,0,0.0
U005268,A,2026-01-28,mobile,email,ZA,686,0,0,0.0
U005269,B,2026-01-25,mobile,social,DE,398,0,0,0.0
U005270,A,2026-01-06,mobile,paid_search,ZA,505,0,0,0.0
U005271,B,2026-01-29,mobile,paid_search,GB,491,0,1,25.11
U005272,A,2026-01-07,mobile,email,ZA,696,0,1,145.02
U005273,A,2025-12-22,tablet,paid_search,ZA,553,0,0,0.0
U005274,B,2026-01-10,mobile,social,ES,10,1,0,0.0
U005275,B,2026-01-27,desktop,paid_search,ZA,356,0,0,0.0
U005276,B,2025-12-11,mobile,organic,ZA,89,0,0,0.0
U005277,A,2025-12-01,desktop,email,ZA,390,1,0,0.0
U005278,B,2026-01-24,desktop,organic,DE,313,0,0,0.0
U005279,A,2025-12-11,desktop,paid_search,DE,853,0,0,0.0
U005280,A,2026-01-08,mobile,paid_search,FR,305,0,0,0.0
U005281,B,2025-12-30,desktop,organic,GB,309,0,0,0.0
U005282,B,2026-01-08,mobile,paid_search,DE,111,0,0,0.0
U005283,A,2025-12-14,mobile,email,DE,182,0,0,0.0
U005284,B,2026-01-20,desktop,social,ES,404,0,0,0.0
U005285,B,2026-01-11,mobile,paid_search,FR,638,0,0,0.0
U005286,A,2026-01-24,mobile,paid_search,NL,693,0,0,0.0
U005287,A,2025-12-18,mobile,paid_search,DE,569,0,1,28.41
U005288,B,2025-12-27,mobile,social,GB,405,0,0,0.0
U005289,B,2026-01-01,desktop,referral,NL,701,0,0,0.0
U005290,B,2025-12-06,mobile,paid_search,NL,754,0,0,0.0
U005291,B,2026-01-09,mobile,organic,NL,402,0,0,0.0
U005292,A,2026-01-14,mobile,paid_search,DE,53,1,0,0.0
U005293,B,2025-12-09,desktop,paid_search,ZA,377,0,0,0.0
U005294,B,2026-01-13,mobile,organic,ES,138,0,1,176.48
U005295,A,2025-12-09,mobile,organic,GB,656,0,0,0.0
U005296,A,2026-01-01,desktop,social,DE,586,0,0,0.0
U005297,B,2026-01-30,desktop,organic,GB,676,1,0,0.0
U005298,B,2026-01-13,mobile,email,NL,349,0,0,0.0
U005299,B,2025-12-06,mobile,social,NL,155,0,0,0.0
U005300,A,2026-01-19,desktop,paid_search,ZA,407,0,0,0.0
U005301,B,2026-01-29,mobile,paid_search,ZA,546,0,0,0.0
U005302,A,2025-12-27,mobile,referral,NL,388,1,0,0.0
U005303,B,2025-12-18,tablet,paid_search,GB,793,0,0,0.0
U005304,A,2025-12-03,mobile,organic,GB,434,0,0,0.0
U005305,A,2025-12-19,mobile,paid_search,ZA,391,0,0,0.0
U005306,A,2025-12-19,desktop,email,ZA,253,0,0,0.0
U005307,A,2025-12-03,mobile,social,DE,54,0,0,0.0
U005308,A,2026-01-04,desktop,social,GB,700,0,0,0.0
U005309,B,2026-01-30,mobile,organic,NL,683,1,1,136.98
U005310,A,2026-01-26,mobile,organic,GB,130,0,0,0.0
U005311,B,2025-12-30,mobile,social,GB,256,0,1,124.09
U005312,A,2025-12-10,mobile,referral,ZA,445,0,0,0.0
U005313,A,2026-01-08,mobile,email,FR,548,0,0,0.0
U005314,A,2026-01-02,mobile,paid_search,FR,640,0,0,0.0
U005315,B,2025-12-21,mobile,organic,ZA,103,0,0,0.0
U005316,A,2026-01-16,mobile,email,NL,178,0,0,0.0
U005317,A,2025-12-05,mobile,paid_search,GB,579,1,0,0.0
U005318,B,2026-01-04,desktop,organic,ZA,494,0,0,0.0
U005319,A,2025-12-21,mobile,social,ZA,168,0,0,0.0
U005320,A,2025-12-16,mobile,organic,FR,267,0,0,0.0
U005321,A,2026-01-17,mobile,email,ZA,747,1,1,87.08
U005322,B,2026-01-17,mobile,organic,NL,99,0,0,0.0
U005323,B,2026-01-21,desktop,organic,ZA,191,0,0,0.0
U005324,A,2025-12-09,mobile,organic,ZA,495,0,0,0.0
U005325,A,2026-01-03,desktop,organic,GB,758,0,0,0.0
U005326,A,2025-12-14,mobile,paid_search,ZA,450,0,0,0.0
U005327,A,2026-01-15,mobile,organic,NL,699,0,1,47.37
U005328,A,2025-12-24,desktop,social,ZA,735,0,0,0.0
U005329,A,2025-12-13,desktop,referral,GB,403,0,0,0.0
U005330,A,2026-01-10,desktop,organic,FR,343,0,0,0.0
U005331,B,2025-12-17,mobile,organic,FR,388,0,0,0.0
U005332,A,2025-12-26,desktop,referral,ES,679,1,0,0.0
U005333,B,2026-01-08,mobile,organic,DE,221,0,0,0.0
U005334,A,2025-12-24,mobile,social,ES,686,0,0,0.0
U005335,A,2025-12-16,mobile,paid_search,ZA,268,0,0,0.0
U005336,B,2025-12-29,mobile,social,DE,61,0,0,0.0
U005337,A,2025-12-14,desktop,social,ES,103,0,0,0.0
U005338,A,2025-12-25,mobile,email,ZA,375,0,0,0.0
U005339,A,2026-01-21,mobile,organic,DE,421,0,0,0.0
U005340,B,2026-01-09,desktop,email,DE,538,0,0,0.0
U005341,B,2026-01-15,desktop,organic,ZA,241,0,1,97.85
U005342,B,2026-01-06,mobile,organic,GB,597,0,0,0.0
U005343,B,2025-12-16,mobile,organic,DE,113,0,0,0.0
U005344,A,2025-12-04,tablet,organic,GB,175,0,0,0.0
U005345,B,2026-01-28,tablet,organic,ZA,204,0,0,0.0
U005346,A,2025-12-17,desktop,organic,ZA,91,0,0,0.0
U005347,B,2025-12-01,mobile,organic,GB,638,1,0,0.0
U005348,A,2026-01-12,mobile,organic,DE,520,0,0,0.0
U005349,A,2025-12-15,desktop,paid_search,ES,303,1,0,0.0
U005350,B,2026-01-03,mobile,email,FR,359,0,0,0.0
U005351,B,2026-01-25,mobile,paid_search,DE,438,0,0,0.0
U005352,A,2025-12-13,mobile,paid_search,DE,472,0,0,0.0
U005353,A,2026-01-01,tablet,social,FR,375,0,0,0.0
U005354,A,2026-01-17,tablet,social,GB,640,0,0,0.0
U005355,B,2025-12-31,desktop,social,ZA,241,0,0,0.0
U005356,A,2025-12-11,mobile,organic,ES,562,0,0,0.0
U005357,B,2025-12-06,mobile,referral,ZA,187,0,0,0.0
U005358,A,2025-12-10,mobile,organic,DE,318,0,0,0.0
U005359,A,2026-01-16,desktop,referral,ZA,264,0,0,0.0
U005360,B,2025-12-10,mobile,organic,GB,46,0,0,0.0
U005361,B,2026-01-06,desktop,social,FR,439,0,0,0.0
U005362,B,2026-01-14,mobile,email,GB,220,0,0,0.0
U005363,B,2026-01-21,desktop,referral,ZA,641,0,0,0.0
U005364,A,2026-01-09,mobile,social,ES,21,0,0,0.0
U005365,B,2025-12-18,mobile,paid_search,DE,165,0,0,0.0
U005366,B,2025-12-31,mobile,organic,FR,215,1,0,0.0
U005367,B,2026-01-25,desktop,paid_search,DE,482,0,0,0.0
U005368,A,2026-01-10,desktop,organic,DE,395,0,0,0.0
U005369,B,2026-01-25,mobile,paid_search,FR,642,0,0,0.0
U005370,B,2026-01-25,tablet,organic,ZA,186,0,0,0.0
U005371,B,2026-01-27,desktop,social,FR,135,0,0,0.0
U005372,A,2025-12-05,mobile,email,GB,784,1,0,0.0
U005373,B,2025-12-17,tablet,email,DE,442,0,0,0.0
U005374,A,2026-01-23,mobile,email,FR,222,0,0,0.0
U005375,B,2025-12-15,mobile,paid_search,ZA,303,0,0,0.0
U005376,B,2026-01-23,desktop,social,GB,428,0,0,0.0
U005377,B,2025-12-22,desktop,referral,DE,719,0,0,0.0
U005378,A,2026-01-16,tablet,organic,ES,220,0,0,0.0
U005379,A,2026-01-07,mobile,paid_search,GB,541,0,0,0.0
U005380,A,2025-12-11,mobile,email,NL,156,0,0,0.0
U005381,A,2025-12-06,desktop,email,FR,255,0,0,0.0
U005382,B,2025-12-01,mobile,paid_search,ZA,184,1,0,0.0
U005383,A,2026-01-07,desktop,organic,ZA,127,0,0,0.0
U005384,A,2025-12-11,desktop,email,FR,484,0,0,0.0
U005385,B,2025-12-02,desktop,paid_search,ZA,367,1,0,0.0
U005386,B,2025-12-18,desktop,organic,ZA,453,0,0,0.0
U005387,A,2026-01-03,mobile,paid_search,ZA,466,0,0,0.0
U005388,B,2026-01-11,mobile,organic,GB,373,0,0,0.0
U005389,A,2025-12-23,mobile,email,ES,551,0,1,159.0
U005390,B,2025-12-08,mobile,organic,ZA,464,0,0,0.0
U005391,B,2025-12-17,mobile,organic,ZA,134,1,1,169.69
U005392,B,2025-12-01,desktop,referral,NL,281,0,0,0.0
U005393,B,2026-01-01,mobile,social,ZA,10,0,0,0.0
U005394,B,2025-12-20,mobile,email,ZA,150,0,0,0.0
U005395,A,2026-01-09,mobile,paid_search,ZA,305,0,0,0.0
U005396,A,2026-01-29,mobile,email,DE,211,0,0,0.0
U005397,B,2025-12-18,desktop,organic,DE,581,1,0,0.0
U005398,B,2026-01-30,desktop,referral,DE,816,0,0,0.0
U005399,B,2025-12-29,desktop,organic,ZA,687,0,0,0.0
U005400,A,2025-12-13,mobile,organic,ZA,434,0,0,0.0
U005401,A,2026-01-04,tablet,paid_search,DE,525,0,0,0.0
U005402,A,2025-12-05,tablet,organic,DE,197,0,0,0.0
U005403,A,2025-12-28,mobile,paid_search,GB,768,0,0,0.0
U005404,A,2025-12-01,mobile,social,ZA,43,0,0,0.0
U005405,A,2026-01-15,desktop,social,ZA,185,0,0,0.0
U005406,A,2025-12-16,desktop,paid_search,NL,488,1,0,0.0
U005407,B,2026-01-07,desktop,organic,ZA,241,0,0,0.0
U005408,A,2026-01-13,mobile,social,ES,446,0,0,0.0
U005409,A,2025-12-18,mobile,organic,ZA,601,0,0,0.0
U005410,B,2025-12-31,mobile,paid_search,FR,128,0,0,0.0
U005411,A,2026-01-22,mobile,email,ZA,510,0,0,0.0
U005412,A,2025-12-01,desktop,organic,ZA,714,0,0,0.0
U005413,B,2026-01-13,desktop,paid_search,ZA,812,0,0,0.0
U005414,B,2026-01-02,desktop,organic,ES,484,0,0,0.0
U005415,A,2026-01-06,desktop,email,NL,437,1,1,26.2
U005416,A,2026-01-10,desktop,paid_search,ES,582,0,0,0.0
U005417,B,2026-01-17,desktop,organic,NL,317,0,0,0.0
U005418,A,2025-12-09,desktop,organic,GB,716,1,1,104.24
U005419,A,2025-12-24,mobile,email,DE,136,0,0,0.0
U005420,B,2025-12-13,desktop,organic,NL,494,0,0,0.0
U005421,B,2026-01-09,mobile,email,ZA,682,1,1,134.62
U005422,A,2026-01-01,mobile,paid_search,NL,505,0,0,0.0
U005423,B,2025-12-21,tablet,social,ZA,694,0,0,0.0
U005424,A,2026-01-03,mobile,organic,DE,46,0,0,0.0
U005425,B,2025-12-08,mobile,email,NL,129,1,0,0.0
U005426,B,2026-01-22,desktop,organic,DE,148,0,0,0.0
U005427,B,2026-01-21,desktop,organic,GB,208,1,0,0.0
U005428,A,2025-12-18,desktop,organic,ZA,690,0,0,0.0
U005429,B,2026-01-15,mobile,referral,ZA,192,0,0,0.0
U005430,B,2025-12-09,mobile,organic,ZA,683,0,0,0.0
U005431,A,2025-12-25,mobile,social,GB,303,0,0,0.0
U005432,A,2025-12-06,desktop,paid_search,GB,672,0,0,0.0
U005433,B,2026-01-24,mobile,paid_search,ES,424,0,0,0.0
U005434,B,2025-12-12,mobile,organic,GB,106,0,0,0.0
U005435,A,2026-01-16,desktop,organic,DE,530,0,0,0.0
U005436,A,2026-01-24,mobile,organic,ZA,499,0,0,0.0
U005437,B,2025-12-07,mobile,organic,ZA,606,1,1,182.73
U005438,A,2026-01-01,mobile,social,ZA,209,0,0,0.0
U005439,A,2025-12-05,desktop,social,ZA,506,0,0,0.0
U005440,B,2025-12-27,mobile,organic,ES,457,0,0,0.0
U005441,B,2026-01-02,desktop,email,ZA,567,0,0,0.0
U005442,A,2026-01-22,mobile,email,ES,787,0,0,0.0
U005443,A,2026-01-14,mobile,paid_search,GB,604,0,0,0.0
U005444,B,2025-12-25,desktop,organic,ZA,350,0,0,0.0
U005445,A,2026-01-08,desktop,social,ES,292,0,0,0.0
U005446,A,2026-01-29,mobile,paid_search,GB,668,0,0,0.0
U005447,B,2026-01-14,mobile,paid_search,ZA,414,0,0,0.0
U005448,B,2026-01-28,tablet,referral,ZA,360,0,0,0.0
U005449,B,2026-01-11,desktop,organic,FR,596,0,0,0.0
U005450,B,2025-12-20,desktop,email,FR,285,0,0,0.0
U005451,A,2026-01-24,mobile,social,DE,77,0,0,0.0
U005452,A,2025-12-22,mobile,organic,ZA,346,0,0,0.0
U005453,B,2026-01-27,desktop,email,DE,574,1,0,0.0
U005454,A,2025-12-17,mobile,organic,GB,115,0,0,0.0
U005455,A,2025-12-21,mobile,email,DE,678,0,0,0.0
U005456,B,2025-12-17,desktop,paid_search,DE,269,1,0,0.0
U005457,A,2026-01-01,mobile,organic,GB,286,0,0,0.0
U005458,A,2026-01-12,mobile,organic,GB,46,0,0,0.0
U005459,B,2026-01-07,mobile,paid_search,GB,289,0,0,0.0
U005460,A,2025-12-09,mobile,organic,NL,590,0,0,0.0
U005461,A,2025-12-01,mobile,organic,ES,144,0,0,0.0
U005462,A,2025-12-18,desktop,organic,ZA,733,0,0,0.0
U005463,B,2026-01-19,mobile,organic,DE,405,0,0,0.0
U005464,A,2026-01-18,mobile,email,ZA,398,0,0,0.0
U005465,B,2026-01-06,mobile,paid_search,DE,407,0,0,0.0
U005466,B,2025-12-12,desktop,social,ZA,95,0,0,0.0
U005467,A,2026-01-02,desktop,email,DE,180,0,0,0.0
U005468,B,2026-01-25,desktop,social,ZA,332,0,0,0.0
U005469,B,2026-01-03,mobile,social,GB,536,0,0,0.0
U005470,B,2025-12-15,mobile,social,DE,669,0,0,0.0
U005471,A,2025-12-18,desktop,organic,ZA,287,0,0,0.0
U005472,B,2026-01-04,desktop,organic,GB,636,0,0,0.0
U005473,B,2026-01-05,desktop,organic,FR,485,0,0,0.0
U005474,B,2025-12-12,mobile,organic,NL,126,1,0,0.0
U005475,A,2025-12-31,desktop,paid_search,ZA,552,1,0,0.0
U005476,A,2026-01-29,mobile,organic,FR,527,0,0,0.0
U005477,B,2025-12-14,desktop,paid_search,NL,584,0,0,0.0
U005478,A,2025-12-20,desktop,email,DE,787,0,0,0.0
U005479,B,2025-12-26,mobile,email,GB,283,0,0,0.0
U005480,B,2025-12-09,mobile,paid_search,ES,659,0,0,0.0
U005481,A,2025-12-26,desktop,organic,ZA,679,0,0,0.0
U005482,A,2025-12-24,desktop,organic,ZA,280,0,0,0.0
U005483,A,2026-01-09,mobile,email,ZA,542,0,0,0.0
U005484,B,2025-12-31,desktop,social,ZA,135,0,0,0.0
U005485,A,2025-12-05,mobile,social,ZA,470,0,0,0.0
U005486,A,2025-12-02,mobile,paid_search,GB,685,0,0,0.0
U005487,A,2026-01-24,mobile,social,ZA,574,0,0,0.0
U005488,A,2025-12-21,tablet,social,ES,276,0,0,0.0
U005489,A,2025-12-22,tablet,email,GB,706,0,0,0.0
U005490,A,2026-01-06,desktop,email,GB,429,0,1,105.23
U005491,B,2025-12-09,mobile,organic,ZA,292,0,0,0.0
U005492,A,2025-12-25,desktop,social,FR,558,0,0,0.0
U005493,B,2025-12-28,mobile,organic,DE,327,0,0,0.0
U005494,A,2026-01-07,mobile,organic,DE,218,0,0,0.0
U005495,B,2026-01-18,mobile,organic,ZA,43,0,0,0.0
U005496,B,2025-12-10,desktop,social,FR,124,0,0,0.0
U005497,A,2026-01-18,desktop,organic,GB,790,0,0,0.0
U005498,B,2026-01-17,mobile,paid_search,NL,153,0,0,0.0
U005499,A,2026-01-07,desktop,organic,FR,665,1,0,0.0
U005500,B,2026-01-30,desktop,referral,DE,417,0,1,127.62
U005501,B,2026-01-16,desktop,paid_search,ZA,356,0,0,0.0
U005502,A,2025-12-21,desktop,email,NL,635,0,0,0.0
U005503,A,2026-01-25,desktop,organic,ZA,95,0,0,0.0
U005504,A,2026-01-26,mobile,social,ZA,587,0,0,0.0
U005505,B,2025-12-09,mobile,email,GB,246,0,0,0.0
U005506,B,2026-01-21,desktop,paid_search,ZA,503,0,0,0.0
U005507,B,2026-01-06,mobile,social,NL,588,0,0,0.0
U005508,A,2026-01-27,mobile,organic,NL,96,0,0,0.0
U005509,A,2025-12-06,mobile,referral,DE,446,1,0,0.0
U005510,A,2025-12-20,mobile,social,ZA,255,0,0,0.0
U005511,A,2026-01-07,mobile,referral,GB,362,0,0,0.0
U005512,B,2025-12-02,mobile,organic,FR,462,0,0,0.0
U005513,B,2026-01-05,mobile,social,DE,571,0,0,0.0
U005514,B,2025-12-03,mobile,organic,NL,358,0,0,0.0
U005515,A,2025-12-26,mobile,organic,FR,52,0,0,0.0
U005516,B,2025-12-29,desktop,email,FR,283,0,0,0.0
U005517,B,2026-01-10,mobile,paid_search,FR,165,0,0,0.0
U005518,A,2025-12-02,desktop,email,GB,270,0,0,0.0
U005519,A,2026-01-26,desktop,organic,ES,703,1,1,193.82
U005520,B,2026-01-12,mobile,referral,ZA,572,0,0,0.0
U005521,B,2025-12-13,desktop,social,DE,219,0,0,0.0
U005522,B,2025-12-10,mobile,referral,FR,439,0,0,0.0
U005523,B,2025-12-14,desktop,paid_search,GB,667,1,1,140.6
U005524,B,2025-12-08,tablet,organic,ZA,138,1,0,0.0
U005525,B,2025-12-05,mobile,organic,ZA,302,0,0,0.0
U005526,B,2025-12-07,desktop,email,FR,403,0,1,205.22
U005527,B,2026-01-13,mobile,organic,NL,605,0,0,0.0
U005528,A,2025-12-06,mobile,organic,ZA,597,0,0,0.0
U005529,B,2025-12-04,desktop,email,ZA,346,1,0,0.0
U005530,A,2025-12-07,desktop,organic,ES,243,0,1,91.8
U005531,A,2026-01-18,mobile,email,NL,209,0,0,0.0
U005532,B,2026-01-06,mobile,organic,FR,672,1,1,50.06
U005533,A,2026-01-14,mobile,paid_search,DE,473,0,0,0.0
U005534,A,2025-12-30,desktop,organic,DE,736,0,0,0.0
U005535,A,2025-12-20,mobile,social,ZA,536,0,0,0.0
U005536,B,2025-12-04,mobile,organic,DE,605,0,1,147.76
U005537,A,2026-01-09,desktop,referral,ES,282,0,0,0.0
U005538,A,2025-12-10,mobile,paid_search,ZA,130,0,0,0.0
U005539,B,2025-12-08,tablet,social,GB,118,0,0,0.0
U005540,B,2026-01-17,desktop,organic,ZA,654,0,0,0.0
U005541,B,2025-12-11,desktop,organic,DE,210,1,0,0.0
U005542,B,2025-12-10,mobile,paid_search,ES,287,0,0,0.0
U005543,A,2025-12-10,desktop,email,GB,355,0,0,0.0
U005544,A,2025-12-17,mobile,organic,ZA,522,0,0,0.0
U005545,B,2025-12-07,mobile,referral,NL,160,0,0,0.0
U005546,A,2026-01-26,mobile,social,ZA,28,0,0,0.0
U005547,A,2026-01-23,mobile,organic,ZA,677,0,0,0.0
U005548,B,2026-01-24,mobile,email,DE,257,0,1,149.33
U005549,A,2026-01-17,mobile,paid_search,DE,766,0,0,0.0
U005550,B,2025-12-29,desktop,organic,DE,578,0,1,62.83
U005551,A,2025-12-29,desktop,social,DE,432,0,0,0.0
U005552,A,2026-01-06,mobile,organic,ZA,135,0,0,0.0
U005553,A,2025-12-21,mobile,referral,GB,208,0,0,0.0
U005554,A,2026-01-23,desktop,paid_search,NL,132,1,0,0.0
U005555,B,2026-01-16,mobile,email,ES,372,0,0,0.0
U005556,A,2025-12-08,mobile,referral,ZA,435,0,0,0.0
U005557,B,2025-12-20,desktop,social,GB,608,1,0,0.0
U005558,B,2026-01-15,mobile,social,FR,117,0,0,0.0
U005559,A,2026-01-07,mobile,organic,ZA,682,0,0,0.0
U005560,A,2025-12-12,mobile,organic,GB,202,0,0,0.0
U005561,B,2026-01-04,desktop,organic,GB,670,0,0,0.0
U005562,A,2026-01-05,mobile,social,GB,21,0,0,0.0
U005563,A,2026-01-26,tablet,social,GB,675,1,1,97.98
U005564,A,2026-01-02,desktop,organic,ZA,342,0,0,0.0
U005565,A,2025-12-04,mobile,paid_search,GB,523,1,0,0.0
U005566,A,2026-01-03,mobile,paid_search,GB,302,0,0,0.0
U005567,B,2025-12-29,tablet,email,GB,272,0,0,0.0
U005568,B,2025-12-07,desktop,social,ES,190,0,0,0.0
U005569,A,2025-12-14,desktop,organic,FR,743,0,0,0.0
U005570,A,2026-01-21,mobile,paid_search,FR,162,0,0,0.0
U005571,B,2026-01-10,desktop,organic,ZA,79,0,0,0.0
U005572,B,2025-12-07,mobile,organic,GB,199,1,0,0.0
U005573,B,2025-12-23,mobile,email,ZA,481,0,0,0.0
U005574,B,2025-12-21,desktop,organic,GB,767,0,0,0.0
U005575,B,2025-12-26,mobile,organic,NL,296,0,0,0.0
U005576,B,2025-12-09,desktop,organic,ZA,340,1,0,0.0
U005577,B,2025-12-03,mobile,organic,ZA,83,0,0,0.0
U005578,A,2025-12-18,mobile,paid_search,DE,531,0,0,0.0
U005579,A,2025-12-16,tablet,referral,FR,404,0,0,0.0
U005580,A,2025-12-12,mobile,email,GB,420,0,0,0.0
U005581,B,2025-12-08,desktop,email,ZA,741,1,0,0.0
U005582,A,2025-12-17,mobile,organic,ZA,47,0,0,0.0
U005583,B,2025-12-03,mobile,organic,GB,54,0,0,0.0
U005584,A,2025-12-16,tablet,organic,GB,527,1,0,0.0
U005585,B,2025-12-12,desktop,paid_search,ZA,584,1,0,0.0
U005586,B,2025-12-18,desktop,organic,GB,133,0,0,0.0
U005587,A,2025-12-30,mobile,organic,DE,279,0,0,0.0
U005588,B,2026-01-28,mobile,organic,GB,320,0,0,0.0
U005589,A,2026-01-01,desktop,referral,FR,617,0,0,0.0
U005590,A,2026-01-02,desktop,paid_search,ZA,165,0,0,0.0
U005591,B,2025-12-10,tablet,paid_search,GB,249,0,0,0.0
U005592,A,2026-01-20,mobile,organic,DE,664,0,0,0.0
U005593,B,2025-12-26,mobile,paid_search,ZA,173,0,0,0.0
U005594,B,2025-12-21,desktop,organic,DE,335,0,0,0.0
U005595,A,2026-01-26,desktop,email,ZA,566,0,0,0.0
U005596,A,2025-12-10,tablet,social,DE,687,0,0,0.0
U005597,A,2026-01-20,mobile,paid_search,NL,289,0,0,0.0
U005598,B,2025-12-22,mobile,organic,FR,192,0,0,0.0
U005599,A,2026-01-18,mobile,email,FR,467,0,0,0.0
U005600,B,2026-01-25,mobile,paid_search,ZA,494,0,0,0.0
U005601,A,2025-12-12,desktop,paid_search,ZA,259,0,0,0.0
U005602,A,2026-01-15,mobile,paid_search,FR,644,0,0,0.0
U005603,A,2025-12-10,mobile,social,ZA,361,0,0,0.0
U005604,A,2026-01-20,desktop,referral,GB,602,0,0,0.0
U005605,A,2025-12-17,desktop,referral,NL,612,0,1,122.74
U005606,A,2026-01-12,mobile,paid_search,FR,299,0,0,0.0
U005607,B,2025-12-23,desktop,paid_search,NL,611,0,0,0.0
U005608,B,2025-12-02,mobile,organic,ZA,72,1,0,0.0
U005609,A,2025-12-24,mobile,organic,GB,36,0,0,0.0
U005610,B,2026-01-05,mobile,social,GB,93,0,0,0.0
U005611,B,2025-12-19,mobile,organic,NL,253,0,0,0.0
U005612,B,2026-01-16,desktop,email,NL,478,0,0,0.0
U005613,B,2026-01-09,mobile,email,ZA,557,0,0,0.0
U005614,A,2026-01-18,mobile,email,ZA,597,0,0,0.0
U005615,A,2026-01-02,mobile,social,GB,65,1,0,0.0
U005616,B,2025-12-02,mobile,paid_search,ZA,138,0,0,0.0
U005617,A,2025-12-10,tablet,email,ZA,253,0,0,0.0
U005618,A,2025-12-15,desktop,email,FR,630,0,1,83.71
U005619,A,2025-12-10,mobile,email,GB,676,0,0,0.0
U005620,B,2025-12-29,mobile,organic,FR,424,0,0,0.0
U005621,B,2025-12-05,mobile,paid_search,ZA,418,0,0,0.0
U005622,A,2026-01-07,mobile,social,ZA,340,0,0,0.0
U005623,B,2025-12-26,desktop,social,GB,123,0,0,0.0
U005624,B,2025-12-30,mobile,email,ZA,217,0,0,0.0
U005625,B,2026-01-25,mobile,paid_search,ZA,699,0,0,0.0
U005626,A,2025-12-25,mobile,email,GB,474,0,0,0.0
U005627,B,2026-01-30,tablet,organic,NL,657,0,0,0.0
U005628,A,2025-12-25,mobile,organic,FR,375,0,0,0.0
U005629,A,2026-01-12,mobile,organic,NL,277,0,0,0.0
U005630,A,2025-12-27,mobile,organic,GB,500,0,0,0.0
U005631,A,2025-12-12,mobile,social,DE,148,0,0,0.0
U005632,B,2025-12-13,tablet,organic,FR,621,0,0,0.0
U005633,A,2025-12-30,mobile,organic,ZA,394,0,0,0.0
U005634,A,2026-01-02,desktop,organic,GB,112,0,0,0.0
U005635,A,2025-12-14,mobile,paid_search,ZA,369,1,0,0.0
U005636,A,2026-01-13,tablet,referral,NL,433,0,0,0.0
U005637,A,2025-12-29,desktop,email,NL,418,0,0,0.0
U005638,A,2025-12-20,mobile,social,DE,155,1,0,0.0
U005639,A,2026-01-30,desktop,social,ZA,634,0,0,0.0
U005640,A,2025-12-08,desktop,paid_search,ES,328,0,0,0.0
U005641,A,2025-12-12,mobile,organic,DE,129,0,0,0.0
U005642,B,2025-12-22,mobile,organic,GB,464,1,0,0.0
U005643,A,2025-12-19,desktop,organic,ZA,101,0,0,0.0
U005644,B,2025-12-31,desktop,social,NL,421,1,0,0.0
U005645,A,2025-12-27,desktop,social,GB,313,1,0,0.0
U005646,B,2026-01-08,mobile,organic,DE,656,0,0,0.0
U005647,B,2025-12-29,tablet,social,ZA,580,0,1,152.22
U005648,A,2025-12-25,desktop,paid_search,NL,661,0,0,0.0
U005649,A,2025-12-17,mobile,email,ZA,288,0,0,0.0
U005650,A,2025-12-22,mobile,organic,GB,125,0,0,0.0
U005651,A,2026-01-24,desktop,referral,ZA,726,1,0,0.0
U005652,A,2025-12-23,mobile,social,DE,597,1,1,169.4
U005653,B,2026-01-09,mobile,organic,DE,77,0,0,0.0
U005654,A,2026-01-02,desktop,organic,ZA,284,0,0,0.0
U005655,A,2025-12-14,desktop,social,ZA,472,0,0,0.0
U005656,B,2026-01-25,desktop,social,GB,317,0,0,0.0
U005657,B,2026-01-06,mobile,organic,DE,296,0,0,0.0
U005658,A,2025-12-26,mobile,paid_search,ZA,213,0,0,0.0
U005659,B,2026-01-08,desktop,organic,ZA,372,0,0,0.0
U005660,B,2026-01-09,mobile,email,ZA,397,0,0,0.0
U005661,A,2026-01-06,desktop,email,GB,591,0,0,0.0
U005662,A,2026-01-23,desktop,organic,ZA,441,0,0,0.0
U005663,B,2025-12-23,mobile,email,ES,167,0,0,0.0
U005664,A,2026-01-28,mobile,referral,GB,287,1,1,144.48
U005665,A,2026-01-12,desktop,email,GB,182,0,0,0.0
U005666,A,2026-01-22,desktop,organic,ES,780,0,0,0.0
U005667,A,2026-01-12,desktop,paid_search,GB,798,0,0,0.0
U005668,A,2026-01-22,desktop,organic,ES,480,0,1,42.05
U005669,B,2026-01-01,mobile,organic,ZA,73,0,0,0.0
U005670,A,2026-01-14,mobile,organic,ZA,384,1,0,0.0
U005671,A,2025-12-29,mobile,email,NL,318,0,0,0.0
U005672,B,2025-12-21,mobile,paid_search,ZA,675,0,0,0.0
U005673,A,2025-12-31,desktop,organic,GB,643,0,0,0.0
U005674,A,2025-12-14,desktop,organic,NL,770,0,0,0.0
U005675,B,2025-12-27,mobile,paid_search,ZA,408,1,1,47.7
U005676,A,2025-12-03,mobile,social,GB,264,0,0,0.0
U005677,A,2026-01-17,mobile,social,ZA,110,0,0,0.0
U005678,B,2025-12-13,mobile,email,DE,710,0,0,0.0
U005679,B,2025-12-30,mobile,email,ZA,242,0,0,0.0
U005680,B,2026-01-12,mobile,paid_search,ZA,236,1,0,0.0
U005681,A,2026-01-10,desktop,organic,ZA,146,0,0,0.0
U005682,A,2026-01-25,mobile,paid_search,ZA,521,0,0,0.0
U005683,B,2025-12-09,desktop,email,GB,782,0,0,0.0
U005684,A,2025-12-05,desktop,paid_search,DE,521,0,0,0.0
U005685,A,2026-01-06,desktop,organic,NL,749,0,0,0.0
U005686,B,2025-12-10,mobile,organic,DE,657,1,0,0.0
U005687,B,2026-01-08,desktop,email,DE,622,1,0,0.0
U005688,B,2026-01-09,mobile,paid_search,DE,134,0,0,0.0
U005689,A,2025-12-14,desktop,organic,GB,404,0,0,0.0
U005690,B,2026-01-24,mobile,organic,GB,553,0,0,0.0
U005691,A,2026-01-05,mobile,organic,ZA,206,1,1,167.65
U005692,B,2026-01-14,tablet,email,NL,547,0,0,0.0
U005693,B,2026-01-01,mobile,organic,ZA,395,1,0,0.0
U005694,B,2026-01-24,tablet,organic,ZA,177,1,0,0.0
U005695,A,2026-01-09,desktop,organic,FR,768,0,0,0.0
U005696,B,2025-12-02,tablet,organic,ZA,316,0,0,0.0
U005697,A,2026-01-02,desktop,organic,ZA,719,1,0,0.0
U005698,B,2025-12-21,tablet,social,ZA,487,1,1,153.38
U005699,A,2026-01-29,tablet,email,ZA,126,0,0,0.0
U005700,A,2026-01-23,mobile,paid_search,ZA,270,0,0,0.0
U005701,B,2025-12-14,mobile,paid_search,FR,637,0,0,0.0
U005702,B,2026-01-29,mobile,organic,DE,195,0,0,0.0
U005703,B,2025-12-03,mobile,email,ZA,373,0,0,0.0
U005704,B,2026-01-18,mobile,social,FR,577,0,0,0.0
U005705,A,2026-01-02,mobile,paid_search,ZA,604,0,0,0.0
U005706,B,2026-01-13,mobile,email,ZA,686,0,0,0.0
U005707,A,2025-12-30,mobile,email,GB,389,1,0,0.0
U005708,B,2025-12-21,desktop,social,NL,498,1,0,0.0
U005709,A,2025-12-25,tablet,paid_search,GB,633,0,0,0.0
U005710,A,2026-01-30,desktop,organic,FR,301,0,0,0.0
U005711,A,2025-12-10,desktop,organic,NL,775,1,0,0.0
U005712,A,2025-12-22,mobile,organic,FR,249,0,0,0.0
U005713,B,2026-01-16,mobile,email,GB,260,0,0,0.0
U005714,B,2026-01-26,desktop,paid_search,ZA,643,0,1,156.36
U005715,B,2025-12-18,mobile,social,DE,559,0,0,0.0
U005716,B,2025-12-22,mobile,email,DE,779,0,0,0.0
U005717,A,2026-01-07,mobile,referral,ES,680,0,0,0.0
U005718,A,2026-01-05,desktop,email,ZA,295,0,1,40.83
U005719,B,2026-01-18,mobile,organic,ZA,101,0,0,0.0
U005720,A,2025-12-28,desktop,paid_search,DE,214,0,0,0.0
U005721,B,2025-12-21,desktop,paid_search,NL,843,0,1,190.45
U005722,A,2026-01-01,mobile,paid_search,ZA,382,0,0,0.0
U005723,A,2026-01-15,mobile,organic,GB,321,0,0,0.0
U005724,A,2026-01-10,tablet,paid_search,ZA,180,0,0,0.0
U005725,A,2025-12-24,mobile,organic,NL,640,1,0,0.0
U005726,A,2025-12-29,desktop,referral,ES,577,0,0,0.0
U005727,A,2026-01-24,desktop,organic,DE,686,1,0,0.0
U005728,B,2025-12-11,desktop,organic,NL,307,0,0,0.0
U005729,B,2025-12-24,mobile,organic,ES,516,0,1,92.31
U005730,B,2025-12-09,desktop,paid_search,NL,279,0,0,0.0
U005731,A,2025-12-02,mobile,organic,GB,202,0,0,0.0
U005732,A,2026-01-15,mobile,social,DE,10,0,0,0.0
U005733,B,2026-01-15,desktop,paid_search,ZA,666,0,0,0.0
U005734,A,2025-12-23,tablet,email,ZA,639,0,0,0.0
U005735,A,2026-01-14,mobile,email,FR,664,0,0,0.0
U005736,B,2026-01-10,desktop,email,FR,223,0,0,0.0
U005737,A,2026-01-12,tablet,organic,ZA,280,0,0,0.0
U005738,A,2026-01-12,mobile,email,ZA,625,0,0,0.0
U005739,A,2026-01-17,mobile,email,DE,166,0,0,0.0
U005740,B,2025-12-12,desktop,social,ES,271,0,0,0.0
U005741,B,2025-12-16,desktop,organic,GB,637,0,0,0.0
U005742,A,2025-12-08,desktop,organic,ZA,279,0,0,0.0
U005743,B,2025-12-01,desktop,social,ZA,358,0,0,0.0
U005744,A,2025-12-08,mobile,social,NL,208,0,0,0.0
U005745,A,2025-12-18,mobile,organic,ES,80,0,0,0.0
U005746,A,2025-12-11,mobile,social,ZA,234,0,0,0.0
U005747,A,2025-12-27,mobile,email,ZA,745,0,0,0.0
U005748,B,2026-01-01,desktop,paid_search,ES,515,1,0,0.0
U005749,A,2025-12-04,mobile,organic,ZA,128,0,0,0.0
U005750,A,2026-01-19,desktop,paid_search,FR,849,0,0,0.0
U005751,B,2025-12-09,mobile,email,NL,405,0,1,69.35
U005752,A,2026-01-08,mobile,social,ES,593,1,1,110.15
U005753,B,2026-01-03,mobile,referral,ES,282,0,0,0.0
U005754,B,2025-12-18,desktop,paid_search,GB,649,0,1,120.41
U005755,B,2025-12-20,tablet,email,GB,505,0,0,0.0
U005756,B,2026-01-22,mobile,organic,ZA,284,0,0,0.0
U005757,A,2025-12-20,mobile,social,FR,163,0,0,0.0
U005758,B,2026-01-04,desktop,paid_search,GB,236,0,1,71.18
U005759,A,2026-01-29,mobile,organic,ZA,630,1,0,0.0
U005760,B,2026-01-09,tablet,organic,GB,673,0,0,0.0
U005761,B,2026-01-17,desktop,paid_search,ZA,491,1,1,219.57
U005762,B,2026-01-20,mobile,organic,GB,235,0,0,0.0
U005763,A,2025-12-09,mobile,referral,NL,169,1,0,0.0
U005764,A,2025-12-31,mobile,social,ZA,46,0,0,0.0
U005765,B,2026-01-08,mobile,email,ES,552,1,0,0.0
U005766,A,2025-12-01,mobile,social,ZA,646,0,0,0.0
U005767,B,2026-01-20,desktop,referral,ES,223,0,0,0.0
U005768,B,2026-01-19,mobile,organic,ZA,555,0,0,0.0
U005769,B,2026-01-07,mobile,email,ZA,197,0,0,0.0
U005770,A,2026-01-05,mobile,social,FR,242,0,0,0.0
U005771,A,2025-12-13,mobile,social,FR,325,0,0,0.0
U005772,A,2026-01-06,desktop,email,FR,641,1,1,199.7
U005773,B,2026-01-30,mobile,organic,ZA,220,0,0,0.0
U005774,B,2025-12-03,desktop,paid_search,ZA,582,0,0,0.0
U005775,A,2025-12-15,mobile,paid_search,FR,570,0,0,0.0
U005776,A,2026-01-06,desktop,referral,ZA,198,0,0,0.0
U005777,A,2026-01-21,mobile,paid_search,ES,125,0,0,0.0
U005778,B,2026-01-02,desktop,email,GB,328,0,0,0.0
U005779,B,2025-12-29,mobile,paid_search,NL,422,0,0,0.0
U005780,A,2026-01-29,desktop,paid_search,GB,502,0,0,0.0
U005781,A,2025-12-07,desktop,organic,GB,355,0,0,0.0
U005782,A,2025-12-08,desktop,organic,ZA,233,0,0,0.0
U005783,A,2025-12-03,mobile,paid_search,GB,634,0,0,0.0
U005784,B,2026-01-29,tablet,referral,ZA,334,0,0,0.0
U005785,A,2026-01-14,mobile,social,GB,72,0,0,0.0
U005786,A,2025-12-12,mobile,organic,ZA,436,0,0,0.0
U005787,B,2025-12-22,desktop,organic,DE,587,0,0,0.0
U005788,B,2025-12-06,mobile,paid_search,ZA,111,1,0,0.0
U005789,B,2026-01-05,desktop,organic,GB,279,1,0,0.0
U005790,B,2025-12-26,mobile,social,FR,274,0,0,0.0
U005791,A,2025-12-06,mobile,organic,DE,74,0,0,0.0
U005792,A,2026-01-17,tablet,social,ZA,220,0,0,0.0
U005793,A,2026-01-25,mobile,social,ZA,489,1,0,0.0
U005794,A,2025-12-01,mobile,organic,FR,190,0,0,0.0
U005795,B,2026-01-14,mobile,paid_search,GB,236,0,0,0.0
U005796,A,2025-12-18,mobile,organic,NL,690,0,1,123.49
U005797,A,2026-01-18,desktop,email,ES,338,0,0,0.0
U005798,A,2025-12-22,mobile,social,DE,204,0,0,0.0
U005799,B,2026-01-13,mobile,social,ZA,93,1,0,0.0
U005800,A,2026-01-10,mobile,referral,ZA,557,0,0,0.0
U005801,B,2026-01-02,mobile,paid_search,FR,464,0,0,0.0
U005802,A,2025-12-21,mobile,paid_search,GB,724,0,0,0.0
U005803,B,2025-12-17,mobile,email,ES,781,0,1,169.87
U005804,A,2025-12-25,mobile,social,ZA,531,0,0,0.0
U005805,B,2025-12-21,mobile,email,ES,677,0,0,0.0
U005806,A,2025-12-12,desktop,organic,FR,201,0,0,0.0
U005807,A,2025-12-29,mobile,email,NL,374,1,0,0.0
U005808,B,2026-01-27,mobile,social,ZA,284,0,0,0.0
U005809,B,2026-01-09,mobile,paid_search,ZA,502,1,1,49.33
U005810,B,2026-01-20,mobile,paid_search,GB,374,0,0,0.0
U005811,A,2025-12-29,mobile,organic,ZA,596,0,0,0.0
U005812,A,2026-01-10,mobile,organic,NL,300,0,0,0.0
U005813,B,2025-12-11,desktop,social,DE,146,0,0,0.0
U005814,B,2025-12-25,mobile,email,ZA,671,0,1,41.13
U005815,A,2025-12-13,desktop,email,ES,668,0,0,0.0
U005816,A,2025-12-30,mobile,paid_search,GB,339,0,0,0.0
U005817,B,2026-01-21,mobile,organic,ZA,193,0,0,0.0
U005818,A,2025-12-03,mobile,paid_search,DE,763,0,1,120.86
U005819,A,2025-12-05,mobile,organic,DE,427,0,0,0.0
U005820,B,2025-12-25,mobile,paid_search,ZA,347,1,0,0.0
U005821,B,2025-12-07,mobile,organic,ZA,139,0,0,0.0
U005822,B,2026-01-25,tablet,paid_search,ZA,105,0,0,0.0
U005823,B,2026-01-16,mobile,organic,ZA,622,1,0,0.0
U005824,B,2025-12-28,desktop,social,NL,119,0,0,0.0
U005825,B,2026-01-30,desktop,paid_search,NL,680,0,0,0.0
U005826,A,2025-12-09,desktop,social,ES,578,1,0,0.0
U005827,A,2026-01-27,desktop,organic,FR,416,0,0,0.0
U005828,B,2025-12-21,mobile,referral,FR,180,0,0,0.0
U005829,B,2026-01-20,mobile,organic,FR,671,0,0,0.0
U005830,A,2025-12-23,desktop,referral,ZA,261,0,0,0.0
U005831,B,2025-12-27,mobile,referral,ZA,138,0,0,0.0
U005832,A,2025-12-29,mobile,organic,DE,218,0,0,0.0
U005833,A,2026-01-14,mobile,social,ZA,254,0,0,0.0
U005834,A,2026-01-16,desktop,paid_search,ZA,328,0,0,0.0
U005835,A,2025-12-13,desktop,organic,NL,434,0,1,121.58
U005836,A,2025-12-26,desktop,email,GB,723,0,0,0.0
U005837,B,2026-01-24,mobile,email,NL,680,0,0,0.0
U005838,A,2026-01-15,mobile,referral,ZA,629,0,0,0.0
U005839,B,2025-12-21,desktop,social,FR,503,0,0,0.0
U005840,A,2026-01-22,desktop,paid_search,ZA,410,0,0,0.0
U005841,B,2025-12-12,mobile,social,FR,158,0,0,0.0
U005842,A,2025-12-21,mobile,email,DE,254,0,0,0.0
U005843,B,2025-12-19,tablet,email,ZA,436,1,0,0.0
U005844,B,2025-12-10,desktop,social,ZA,527,0,0,0.0
U005845,A,2026-01-05,mobile,referral,ZA,274,0,0,0.0
U005846,B,2025-12-14,mobile,paid_search,NL,242,0,0,0.0
U005847,A,2025-12-24,desktop,email,ZA,843,1,0,0.0
U005848,A,2026-01-14,desktop,organic,ZA,759,0,1,127.27
U005849,B,2026-01-13,mobile,referral,ZA,338,0,0,0.0
U005850,A,2026-01-17,desktop,organic,GB,234,1,0,0.0
U005851,A,2026-01-05,mobile,organic,GB,434,0,0,0.0
U005852,A,2025-12-13,desktop,paid_search,DE,196,0,0,0.0
U005853,B,2025-12-09,mobile,social,ZA,653,0,0,0.0
U005854,A,2026-01-07,desktop,organic,ZA,250,0,0,0.0
U005855,A,2025-12-25,mobile,paid_search,ZA,750,0,0,0.0
U005856,B,2026-01-03,mobile,social,ES,395,0,0,0.0
U005857,B,2025-12-06,mobile,organic,ZA,367,0,0,0.0
U005858,B,2026-01-26,desktop,referral,ZA,345,0,0,0.0
U005859,A,2025-12-15,mobile,organic,ES,283,0,0,0.0
U005860,A,2025-12-13,mobile,organic,ES,538,0,0,0.0
U005861,A,2026-01-15,desktop,email,FR,455,0,0,0.0
U005862,A,2025-12-16,mobile,paid_search,GB,401,0,0,0.0
U005863,A,2026-01-22,mobile,organic,NL,489,0,0,0.0
U005864,B,2025-12-12,mobile,social,ZA,321,0,0,0.0
U005865,A,2025-12-02,mobile,organic,DE,429,1,0,0.0
U005866,B,2025-12-29,mobile,social,GB,597,0,0,0.0
U005867,B,2025-12-25,mobile,organic,FR,628,1,0,0.0
U005868,A,2025-12-22,desktop,referral,FR,62,0,0,0.0
U005869,A,2025-12-23,desktop,referral,DE,747,0,0,0.0
U005870,B,2025-12-30,desktop,paid_search,FR,245,1,0,0.0
U005871,B,2026-01-01,desktop,organic,ES,177,0,0,0.0
U005872,A,2025-12-14,mobile,organic,ZA,321,0,0,0.0
U005873,A,2025-12-06,mobile,paid_search,ZA,669,0,0,0.0
U005874,A,2025-12-05,mobile,referral,NL,240,0,0,0.0
U005875,B,2026-01-07,mobile,organic,ZA,305,0,0,0.0
U005876,B,2025-12-22,mobile,email,GB,739,0,0,0.0
U005877,B,2026-01-24,mobile,organic,ZA,679,0,0,0.0
U005878,B,2026-01-12,mobile,email,GB,379,0,0,0.0
U005879,A,2025-12-21,mobile,email,FR,196,0,0,0.0
U005880,B,2025-12-23,mobile,paid_search,DE,162,0,0,0.0
U005881,B,2026-01-17,mobile,organic,NL,318,1,0,0.0
U005882,B,2025-12-14,mobile,social,ZA,370,0,0,0.0
U005883,B,2025-12-11,mobile,social,ZA,37,0,0,0.0
U005884,A,2025-12-16,desktop,paid_search,ZA,533,0,0,0.0
U005885,B,2025-12-06,mobile,organic,ZA,83,0,0,0.0
U005886,A,2026-01-09,mobile,paid_search,DE,402,0,0,0.0
U005887,A,2026-01-29,desktop,organic,GB,392,0,0,0.0
U005888,B,2026-01-17,mobile,referral,ZA,320,0,0,0.0
U005889,B,2026-01-20,mobile,organic,ZA,431,0,0,0.0
U005890,B,2025-12-15,desktop,referral,ZA,518,1,0,0.0
U005891,A,2026-01-14,mobile,organic,NL,484,0,0,0.0
U005892,B,2025-12-22,mobile,email,GB,501,0,0,0.0
U005893,B,2025-12-02,mobile,organic,ZA,103,0,0,0.0
U005894,B,2025-12-24,mobile,social,ZA,398,0,0,0.0
U005895,B,2025-12-17,mobile,email,ZA,351,0,0,0.0
U005896,B,2025-12-14,mobile,social,GB,27,0,0,0.0
U005897,B,2025-12-01,desktop,paid_search,GB,428,1,0,0.0
U005898,B,2026-01-10,desktop,paid_search,DE,736,0,0,0.0
U005899,B,2026-01-09,mobile,social,ZA,422,1,0,0.0
U005900,B,2025-12-30,desktop,paid_search,FR,244,0,0,0.0
U005901,A,2026-01-23,mobile,organic,GB,333,0,0,0.0
U005902,A,2026-01-03,desktop,organic,ZA,518,0,0,0.0
U005903,A,2026-01-01,mobile,organic,NL,491,0,0,0.0
U005904,A,2025-12-21,mobile,referral,FR,456,0,0,0.0
U005905,A,2026-01-09,mobile,paid_search,DE,115,0,0,0.0
U005906,A,2026-01-18,desktop,email,ZA,585,1,1,41.94
U005907,A,2026-01-04,desktop,paid_search,DE,320,0,0,0.0
U005908,A,2025-12-19,mobile,email,ZA,719,0,0,0.0
U005909,A,2025-12-29,mobile,email,GB,420,0,0,0.0
U005910,A,2026-01-24,desktop,referral,ZA,705,1,0,0.0
U005911,B,2026-01-27,mobile,paid_search,GB,557,0,0,0.0
U005912,A,2025-12-14,desktop,organic,ZA,485,1,0,0.0
U005913,A,2026-01-14,mobile,paid_search,GB,333,0,0,0.0
U005914,A,2026-01-01,mobile,organic,ZA,264,0,0,0.0
U005915,B,2026-01-27,desktop,organic,NL,142,0,0,0.0
U005916,B,2025-12-09,desktop,email,ES,647,0,0,0.0
U005917,B,2026-01-19,mobile,paid_search,GB,120,0,0,0.0
U005918,B,2025-12-29,desktop,paid_search,ZA,258,0,0,0.0
U005919,A,2025-12-08,desktop,email,GB,174,0,0,0.0
U005920,A,2026-01-17,mobile,email,GB,642,0,0,0.0
U005921,A,2026-01-13,desktop,organic,ES,131,1,1,90.27
U005922,A,2025-12-28,desktop,organic,ES,383,0,0,0.0
U005923,B,2026-01-11,desktop,paid_search,GB,489,0,0,0.0
U005924,B,2026-01-26,mobile,email,GB,198,0,1,198.14
U005925,B,2025-12-19,mobile,email,DE,519,0,0,0.0
U005926,B,2026-01-10,desktop,social,ZA,605,0,0,0.0
U005927,B,2025-12-26,mobile,paid_search,ES,733,0,0,0.0
U005928,A,2025-12-12,tablet,referral,ZA,700,0,0,0.0
U005929,B,2025-12-17,mobile,organic,ZA,473,0,0,0.0
U005930,A,2026-01-21,mobile,organic,NL,309,0,0,0.0
U005931,A,2026-01-15,tablet,email,GB,179,0,0,0.0
U005932,B,2026-01-06,mobile,email,GB,466,0,0,0.0
U005933,A,2025-12-29,mobile,organic,FR,479,0,0,0.0
U005934,A,2026-01-10,tablet,organic,ZA,383,0,0,0.0
U005935,B,2026-01-24,mobile,email,ES,664,1,0,0.0
U005936,B,2026-01-23,desktop,social,FR,414,0,0,0.0
U005937,A,2026-01-03,desktop,paid_search,ZA,143,0,0,0.0
U005938,A,2025-12-14,mobile,organic,NL,522,0,0,0.0
U005939,A,2026-01-22,desktop,organic,ZA,747,1,0,0.0
U005940,B,2026-01-25,desktop,organic,ZA,601,0,0,0.0
U005941,B,2026-01-16,tablet,email,ES,816,1,0,0.0
U005942,A,2026-01-01,desktop,paid_search,ZA,490,0,0,0.0
U005943,B,2026-01-01,desktop,paid_search,ZA,339,1,0,0.0
U005944,B,2026-01-07,mobile,organic,ES,679,0,0,0.0
U005945,B,2025-12-26,mobile,organic,GB,72,0,0,0.0
U005946,B,2026-01-27,desktop,email,GB,430,0,0,0.0
U005947,A,2026-01-13,desktop,paid_search,ZA,807,0,0,0.0
U005948,B,2026-01-08,desktop,paid_search,FR,644,0,0,0.0
U005949,B,2025-12-01,mobile,email,DE,593,1,0,0.0
U005950,A,2025-12-29,mobile,social,ES,20,0,0,0.0
U005951,B,2026-01-18,mobile,referral,ES,453,0,0,0.0
U005952,B,2026-01-17,mobile,email,NL,553,0,0,0.0
U005953,A,2026-01-11,mobile,email,DE,347,1,0,0.0
U005954,B,2025-12-11,mobile,social,GB,501,0,0,0.0
U005955,A,2026-01-17,desktop,paid_search,FR,465,0,0,0.0
U005956,B,2025-12-14,mobile,organic,FR,448,0,1,108.91
U005957,A,2025-12-10,mobile,referral,GB,284,1,0,0.0
U005958,A,2026-01-18,mobile,social,FR,10,0,0,0.0
U005959,A,2026-01-17,desktop,paid_search,ZA,756,0,0,0.0
U005960,A,2026-01-12,mobile,paid_search,ZA,627,0,0,0.0
U005961,A,2025-12-05,mobile,organic,ZA,560,0,0,0.0
U005962,A,2025-12-30,desktop,organic,DE,526,0,0,0.0
U005963,B,2026-01-20,desktop,organic,FR,288,0,0,0.0
U005964,B,2026-01-22,mobile,paid_search,DE,514,0,0,0.0
U005965,A,2025-12-08,tablet,organic,NL,508,1,0,0.0
U005966,A,2026-01-17,mobile,organic,GB,670,0,0,0.0
U005967,B,2025-12-31,mobile,paid_search,FR,425,1,0,0.0
U005968,A,2026-01-30,mobile,referral,DE,51,0,0,0.0
U005969,B,2025-12-12,mobile,social,DE,376,0,0,0.0
U005970,B,2025-12-10,mobile,email,ZA,157,0,0,0.0
U005971,B,2025-12-29,desktop,paid_search,GB,641,0,1,219.64
U005972,B,2025-12-03,mobile,paid_search,ZA,544,0,0,0.0
U005973,B,2025-12-14,mobile,organic,GB,63,0,0,0.0
U005974,A,2025-12-25,mobile,email,ZA,417,0,0,0.0
U005975,A,2025-12-07,mobile,organic,DE,648,0,0,0.0
U005976,A,2025-12-14,mobile,organic,GB,393,0,0,0.0
U005977,A,2026-01-24,mobile,paid_search,GB,240,0,0,0.0
U005978,A,2025-12-30,mobile,referral,FR,252,0,0,0.0
U005979,A,2026-01-19,desktop,organic,DE,717,0,0,0.0
U005980,B,2026-01-06,mobile,email,ZA,468,1,0,0.0
U005981,B,2026-01-09,mobile,paid_search,GB,312,0,0,0.0
U005982,A,2026-01-23,mobile,social,ZA,392,0,0,0.0
U005983,B,2026-01-01,mobile,social,DE,446,0,0,0.0
U005984,B,2025-12-20,desktop,organic,DE,411,0,1,50.9
U005985,A,2025-12-30,desktop,email,NL,708,0,0,0.0
U005986,A,2026-01-06,mobile,paid_search,ZA,379,0,0,0.0
U005987,B,2026-01-11,mobile,organic,ES,548,0,1,153.22
U005988,B,2026-01-01,mobile,organic,ZA,646,0,0,0.0
U005989,B,2026-01-30,mobile,paid_search,ES,650,0,0,0.0
U005990,A,2025-12-10,desktop,organic,GB,539,0,0,0.0
U005991,A,2026-01-17,tablet,referral,ZA,127,0,0,0.0
U005992,B,2026-01-11,mobile,paid_search,DE,269,0,0,0.0
U005993,A,2025-12-28,mobile,paid_search,ZA,97,0,0,0.0
U005994,A,2025-12-24,desktop,organic,GB,315,0,0,0.0
U005995,A,2025-12-09,mobile,paid_search,ZA,568,1,0,0.0
U005996,B,2026-01-13,mobile,social,ZA,554,1,0,0.0
U005997,B,2026-01-26,tablet,paid_search,DE,741,1,0,0.0
U005998,B,2025-12-01,desktop,organic,ZA,437,1,0,0.0
U005999,A,2026-01-25,mobile,referral,FR,604,1,0,0.0
U006000,A,2026-01-14,desktop,organic,ES,683,0,0,0.0
